,0,1,2
0,中国人民大学,金融学类,D
1,中国人民大学,法学,A
2,中国人民大学,法学,D
3,中国人民大学,理科试验班（信息与数学）,D
4,中国人民大学,新闻传播学类,D
5,中国人民大学,信息资源管理,A
6,中国人民大学,信息资源管理,D
7,中国人民大学,统计学类,D
8,中国人民大学,工商管理类,D
9,中国人民大学,经济学类,B
10,中国人民大学,经济学类,D
11,中国人民大学,理科试验班（环境理工、环境经管）,D
12,中国人民大学,金融学类,D
13,中国人民大学,新闻传播学类,B
14,中国人民大学,新闻传播学类,D
15,中国人民大学,财政学类,D
16,中国人民大学,经济学类,D
17,中国人民大学,工商管理类,B
18,中国人民大学,工商管理类,D
19,中国人民大学,法学,D
20,中国人民大学,国际政治,D
21,中国人民大学,人文科学试验班,B
22,中国人民大学,人文科学试验班,D
23,中国人民大学,英语,D
24,中国人民大学,人力资源管理,D
25,中国人民大学,公共管理类,C
26,中国人民大学,理科试验班（信息与数学，国家专项）,D
27,中国人民大学,统计学类（国家专项）,D
28,中国人民大学,法学（国家专项）,C
29,中国人民大学,新闻传播学类（国家专项）,D
30,中国人民大学,金融学（中外合作办学）,D
31,中国人民大学,工商管理类（国家专项）,C
32,中国人民大学,国民经济管理（中外合作办学）,D
33,中国人民大学,金融学（中外合作办学）,D
34,中国人民大学,国民经济管理（中外合作办学）,C
35,中国人民大学,经济学类（国家专项）,D
36,中国人民大学,英语（国家专项）,D
37,中国人民大学,国际政治（国家专项）,C
38,中国人民大学,公共管理类（国家专项）,D
39,中国人民大学,设计学类(加权成绩),D
40,北京交通大学,经济管理试验班,D
41,北京交通大学,交通运输类,A
42,北京交通大学,交通运输类,D
43,北京交通大学,电子信息类（通信与控制）,D
44,北京交通大学,经济管理试验班,D
45,北京交通大学,电气工程及其自动化（新能源国际班）,A
46,北京交通大学,电气工程及其自动化（新能源国际班）,D
47,北京交通大学,文科试验班类（语言与传播）,D
48,北京交通大学,计算机类,D
49,北京交通大学,法学,B
50,北京交通大学,法学,D
51,北京交通大学,法学,D
52,北京交通大学,软件工程,D
53,北京交通大学,理科试验班类,B
54,北京交通大学,理科试验班类,D
55,北京交通大学,电气类,D
56,北京交通大学,文科试验班类（语言与传播）,D
57,北京交通大学,土木类,B
58,北京交通大学,土木类,D
59,北京交通大学,建筑类,D
60,北京交通大学,机械类,D
61,北京理工大学,电子信息类（实验班）,D
62,北京理工大学,徐特立英才班,A
63,北京理工大学,徐特立英才班,D
64,北京理工大学,电子信息类,D
65,北京理工大学,物理菁英班,D
66,北京理工大学,航空航天类,A
67,北京理工大学,航空航天类,D
68,北京理工大学,光电信息科学与工程,D
69,北京理工大学,计算机类,D
70,北京理工大学,机械类,B
71,北京理工大学,机械类,D
72,北京理工大学,设计学类（工业设计）,D
73,北京理工大学,化学化工菁英班,D
74,北京理工大学,自动化类,B
75,北京理工大学,自动化类,D
76,北京理工大学,数学菁英班,D
77,北京理工大学,兵器类,D
78,北京理工大学,材料类,B
79,北京理工大学,材料类,D
80,北京理工大学,经济管理试验班,D
81,北京理工大学,社会科学试验班,D
82,北京理工大学,外国语言文学类,B
83,北京理工大学,外国语言文学类,D
84,北京理工大学,化学化工菁英班（国家专项）,D
85,北京理工大学,兵器类（国家专项）,D
86,北京科技大学,理科试验班,D
87,北京科技大学,经济与贸易类,A
88,北京科技大学,经济与贸易类,D
89,北京科技大学,经济与贸易类,D
90,北京科技大学,工商管理类,D
91,北京科技大学,计算机类,A
92,北京科技大学,计算机类,D
93,北京科技大学,英语,D
94,北京科技大学,人文科学试验班,D
95,北京科技大学,日语,B
96,北京科技大学,日语,D
97,北京科技大学,德语,D
98,北京科技大学,工科试验班类(卓越计划),D
99,北京科技大学,能源动力类,B
100,北京科技大学,能源动力类,D
101,北京科技大学,自动化类,D
102,北京科技大学,工商管理类,D
103,北京科技大学,通信工程,B
104,北京科技大学,通信工程,D
105,北京科技大学,安全工程,D
106,北京科技大学,生物技术,D
107,北京科技大学,材料科学与工程,B
108,北京科技大学,材料科学与工程,D
109,北京科技大学,管理科学与工程类,D
110,北京科技大学,机械类,D
111,北京科技大学,数学类,C
112,北京科技大学,土木类,D
113,北京科技大学,冶金工程,D
114,北京科技大学,应用物理学,C
115,北京科技大学,应用化学,D
116,北京科技大学,环境科学与工程类,D
117,北京科技大学,矿业类,C
118,北京化工大学,会计学,D
119,北京化工大学,工商管理,A
120,北京化工大学,工商管理,D
121,北京化工大学,国际经济与贸易,D
122,北京化工大学,法学,D
123,北京化工大学,公共管理类　,A
124,北京化工大学,公共管理类　,D
125,北京化工大学,会计学,D
126,北京化工大学,英语,D
127,北京化工大学,化学工程与工艺-英才班,B
128,北京化工大学,化学工程与工艺-英才班,D
129,北京化工大学,工科试验班（高材精英班）,D
130,北京化工大学,工科试验班（生工高精尖班）,D
131,北京化工大学,财务管理,B
132,北京化工大学,财务管理,D
133,北京化工大学,应用化学-优培计划,D
134,北京化工大学,数学类,D
135,北京化工大学,计算机类,B
136,北京化工大学,计算机类,D
137,北京化工大学,化学工程与工艺,D
138,北京化工大学,材料科学与工程,D
139,北京化工大学,信息管理与信息系统,B
140,北京化工大学,信息管理与信息系统,D
141,北京化工大学,高分子材料与工程,D
142,北京化工大学,电子信息类,D
143,北京化工大学,工商管理,C
144,北京化工大学,制药工程,D
145,北京化工大学,电子科学与技术,D
146,北京化工大学,生物工程类,C
147,北京化工大学,自动化,D
148,北京化工大学,机械类,D
149,北京化工大学,能源化学工程,C
150,北京化工大学,应用化学,D
151,北京化工大学,测控技术与仪器,D
152,北京化工大学,化学,C
153,北京化工大学,环境工程,D
154,北京化工大学,功能材料,D
155,北京工商大学,会计学（注会实验班）,D
156,北京工商大学,经济学类（经贸类）,A
157,北京工商大学,经济学类（经贸类）,D
158,北京工商大学,经济学类（财经类）,D
159,北京工商大学,外国语言文学类,D
160,北京工商大学,会计学（注会实验班）,A
161,北京工商大学,会计学（注会实验班）,D
162,北京工商大学,财务管理,D
163,北京工商大学,金融学类,D
164,北京工商大学,计算机类（经济信息管理类）,B
165,北京工商大学,计算机类（经济信息管理类）,D
166,北京工商大学,电子信息类（自动化与电气工程类）,D
167,北京工商大学,数学类（金融数学）,D
168,北京工商大学,环境工程,B
169,北京工商大学,环境工程,D
170,北京工商大学,物流管理,D
171,北京工商大学,外国语言文学类,D
172,北京工商大学,高分子材料与工程,B
173,北京工商大学,高分子材料与工程,D
174,北京工商大学,机械类（机电工程类）,D
175,北京邮电大学,计算机类,D
176,北京邮电大学,电子信息类(信息通信),A
177,北京邮电大学,电子信息类(信息通信),D
178,北京邮电大学,信息安全,D
179,北京邮电大学,电子信息类(电子工程),D
180,北京邮电大学,理科试验班(数学与信息科学),A
181,北京邮电大学,理科试验班(数学与信息科学),D
182,北京邮电大学,管理科学与工程类,D
183,北京邮电大学,科技与创意设计试验班,D
184,北京邮电大学,网络空间安全,B
185,北京邮电大学,网络空间安全,D
186,北京邮电大学,自动化,D
187,北京邮电大学,软件工程,D
188,北京邮电大学,邮政管理,B
189,北京邮电大学,邮政管理,D
190,北京邮电大学,理科试验班(信息与通信基础科学),D
191,北京邮电大学,经济学,D
192,北京邮电大学,机械工程,B
193,北京邮电大学,机械工程,D
194,北京邮电大学,邮政工程,D
195,北京邮电大学,工商管理类,D
196,北京邮电大学,国际经济与贸易（文科）,B
197,北京邮电大学,国际经济与贸易（文科）,D
198,北京邮电大学,法学（文科）,D
199,北京邮电大学,公共事业管理（文科）,D
200,北京邮电大学,英语（文科）,C
201,北京邮电大学,电信工程及管理（中外合作办学）,D
202,北京邮电大学,物联网工程（中外合作办学）,D
203,北京邮电大学,电子商务及法律（中外合作办学）,C
204,北京林业大学,会计学,D
205,北京林业大学,法学,A
206,北京林业大学,法学,D
207,北京林业大学,风景园林,D
208,北京林业大学,英语,D
209,北京林业大学,旅游管理,A
210,北京林业大学,旅游管理,D
211,北京林业大学,应用心理学,D
212,北京林业大学,农林经济管理,D
213,北京林业大学,园林,B
214,北京林业大学,园林,D
215,北京林业大学,金融学,D
216,北京林业大学,城乡规划（五年制）,D
217,北京林业大学,园艺（观赏园艺方向）,B
218,北京林业大学,园艺（观赏园艺方向）,D
219,北京林业大学,国际经济与贸易,D
220,北京林业大学,应用心理学,D
221,北京林业大学,计算机类,B
222,北京林业大学,计算机类,D
223,北京林业大学,电子信息科学与技术,D
224,北京林业大学,商务英语,D
225,北京林业大学,环境工程,B
226,北京林业大学,环境工程,D
227,北京林业大学,土木工程,D
228,北京林业大学,统计学,D
229,北京林业大学,数学与应用数学,C
230,北京林业大学,食品科学与工程,D
231,北京林业大学,法学,D
232,北京林业大学,工商管理类,C
233,北京林业大学,电气工程及其自动化,D
234,北京林业大学,林学类,D
235,北京林业大学,水土保持与荒漠化防治,C
236,北京林业大学,信息管理与信息系统,D
237,北京林业大学,地理信息科学,D
238,北京林业大学,机械设计制造及其自动化,C
239,北京林业大学,林业工程类,D
240,北京林业大学,车辆工程,D
241,北京林业大学,草业科学（草坪科学与管理方向）,C
242,北京林业大学,生物科学类,D
243,北京林业大学,旅游管理,D
244,北京林业大学,野生动物与自然保护区管理,D
245,北京林业大学,自然地理与资源环境,D
246,北京林业大学,工商管理类,D
247,北京林业大学,土木工程,D
248,北京林业大学,木材科学与工程（中加合作办学项目）,D
249,北京师范大学,国际经济与贸易（瀚德实验2班葡萄牙语，仅招有专业志愿考生）,D
250,北京师范大学,理科试验班（可选专业：数学、物理学、化学、生物学）,A
251,北京师范大学,理科试验班（可选专业：数学、物理学、化学、生物学）,D
252,北京师范大学,数学与应用数学,D
253,北京师范大学,化学,D
254,北京师范大学,地理科学类（基地班：自然地理与资源环境、人文地理与城乡规划、地理信息科学）,A
255,北京师范大学,地理科学类（基地班：自然地理与资源环境、人文地理与城乡规划、地理信息科学）,D
256,北京师范大学,心理学,D
257,北京师范大学,生物科学类（生物科学、生物技术、生态学）,D
258,北京师范大学,无数据,B
259,北京师范大学,无数据,D
260,北京师范大学,汉语言文学,D
261,北京师范大学,计算机科学与技术,D
262,北京师范大学,无数据,B
263,北京师范大学,无数据,D
264,北京师范大学,物理学（协同创新实验班）,D
265,北京师范大学,物理学（基地班）,D
266,北京师范大学,管理科学与工程类（含信息管理与信息系统专业、管理科学专业<金融工程方向>）,B
267,北京师范大学,管理科学与工程类（含信息管理与信息系统专业、管理科学专业<金融工程方向>）,D
268,北京师范大学,环境科学与工程类（环境科学、环境工程、环境生态工程）,D
269,北京师范大学,电子信息科学与技术,D
270,北京师范大学,人文科学试验班（可选专业：汉语言文学、历史学、哲学）,B
271,北京师范大学,人文科学试验班（可选专业：汉语言文学、历史学、哲学）,D
272,北京师范大学,法学（瀚德实验1班西班牙语，仅招有专业志愿考生）,D
273,北京师范大学,历史学,D
274,北京师范大学,教育学（国家试点学院）,C
275,北京师范大学,法学（卓越实验班）,D
276,北京师范大学,社会学,D
277,北京师范大学,英语,C
278,北京师范大学,人力资源管理（含公共事业管理专业、人力资源管理专业）,D
279,北京外国语大学,德语,D
280,北京外国语大学,法语,A
281,北京外国语大学,法语,D
282,北京外国语大学,法语,D
283,北京外国语大学,德语,D
284,北京外国语大学,英语,A
285,北京外国语大学,英语,D
286,北京外国语大学,英语,D
287,北京外国语大学,金融学,D
288,北京外国语大学,工商管理类,B
289,北京外国语大学,工商管理类,D
290,北京外国语大学,法学,D
291,中国传媒大学,传播学,D
292,中国传媒大学,网络与新媒体（媒体创意方向）,A
293,中国传媒大学,网络与新媒体（媒体创意方向）,D
294,中国传媒大学,汉语国际教育,D
295,中国传媒大学,经济学类,D
296,中国传媒大学,英语,A
297,中国传媒大学,英语,D
298,中国传媒大学,传播学（媒体市场调查与分析方向）,D
299,中国传媒大学,文化产业管理（影视制片管理、文化经纪方向）,D
300,中国传媒大学,翻译,B
301,中国传媒大学,翻译,D
302,中国传媒大学,数字媒体技术,D
303,中国传媒大学,计算机科学与技术（大数据技术与应用方向）,D
304,中国传媒大学,广播电视工程,B
305,中国传媒大学,广播电视工程,D
306,中国传媒大学,信息管理与信息系统,D
307,中国传媒大学,通信工程（无线多媒体广播技术方向）,D
308,中国传媒大学,数字媒体技术（游戏设计技术方向）,B
309,中国传媒大学,数字媒体技术（游戏设计技术方向）,D
310,中国传媒大学,电子信息工程,D
311,中国传媒大学,应用统计学,D
312,华北电力大学,电气类,D
313,华北电力大学,电子信息类,A
314,华北电力大学,电子信息类,D
315,华北电力大学,自动化类,D
316,华北电力大学,机械类,D
317,华北电力大学,外国语言文学类,A
318,华北电力大学,外国语言文学类,D
319,华北电力大学,材料类,D
320,华北电力大学,工商管理类,D
321,华北电力大学,法学类,B
322,华北电力大学,法学类,D
323,华北电力大学,计算机类,D
324,华北电力大学,经济学类,D
325,华北电力大学,土木类,B
326,华北电力大学,土木类,D
327,华北电力大学,能源动力类（新能源）,D
328,华北电力大学,公共管理类,D
329,华北电力大学,能源动力类（能动）,B
330,华北电力大学,能源动力类（能动）,D
331,华北电力大学,环境科学与工程类,D
332,华北电力大学,水利类,D
333,华北电力大学,核工程类,B
334,华北电力大学,核工程类,D
335,华北电力大学,数学类,D
336,华北电力大学,管理科学与工程类,D
337,辽宁大学,会计学,D
338,辽宁大学,金融学类(金融学、保险学),A
339,辽宁大学,金融学类(金融学、保险学),D
340,辽宁大学,汉语言文学,D
341,辽宁大学,英语,D
342,辽宁大学,日语,A
343,辽宁大学,日语,D
344,辽宁大学,行政管理,D
345,辽宁大学,会计学,D
346,辽宁大学,计算机类(计算机科学与技术、软件工程),B
347,辽宁大学,计算机类(计算机科学与技术、软件工程),D
348,辽宁大学,物理学类(物理学、应用物理学),D
349,辽宁大学,国际经济与贸易,D
350,辽宁大学,电子信息类(通信工程、电子信息科学与技术),B
351,辽宁大学,电子信息类(通信工程、电子信息科学与技术),D
352,辽宁大学,信息管理与信息系统,D
353,辽宁大学,档案学,D
354,大连理工大学,电子信息类（电气信息类创新实验班）,D
355,大连理工大学,建筑学,A
356,大连理工大学,建筑学,D
357,大连理工大学,机械类（机械类创新实验班）,D
358,大连理工大学,应用物理学（王大珩物理科学班）,D
359,大连理工大学,飞行器设计与工程,A
360,大连理工大学,飞行器设计与工程,D
361,大连理工大学,工程力学,D
362,大连理工大学,计算机科学与技术,D
363,大连理工大学,物理学类,B
364,大连理工大学,物理学类,D
365,大连理工大学,电气工程及其自动化,D
366,大连理工大学,电子信息工程（含英语强化班）,D
367,大连理工大学,工程力学（钱令希力学创新实验班）,B
368,大连理工大学,工程力学（钱令希力学创新实验班）,D
369,大连理工大学,集成电路设计与集成系统,D
370,大连理工大学,电子科学与技术,D
371,大连理工大学,机械类,B
372,大连理工大学,机械类,D
373,大连理工大学,机械设计制造及其自动化（日语强化）,D
374,大连理工大学,水利类,D
375,大连理工大学,船舶与海洋工程,B
376,大连理工大学,船舶与海洋工程,D
377,大连理工大学,土木工程（含国际班）,D
378,大连理工大学,应用化学,D
379,大连理工大学,自动化,C
380,大连理工大学,车辆工程（英语强化）,D
381,大连理工大学,工商管理类,D
382,大连理工大学,金融学类,C
383,大连理工大学,能源动力类,D
384,大连理工大学,高分子材料与工程,D
385,大连理工大学,材料类,C
386,大连理工大学,工业设计,D
387,大连理工大学,化工与制药类（化工环境生命类创新实验班）,D
388,大连理工大学,环境科学与工程类,C
389,大连理工大学,交通工程,D
390,大连理工大学,数学类,D
391,大连理工大学,新闻传播学类,C
392,大连理工大学,工程管理,D
393,大连理工大学,金属材料工程（日语强化）,D
394,大连理工大学,应用化学（张大煜化学菁英班）,D
395,大连理工大学,城乡规划,D
396,大连理工大学,过程装备与控制工程（含安全工程专业）,D
397,大连理工大学,化学工程与工艺（含国际班）,D
398,大连理工大学,建筑环境与能源应用工程,D
399,大连理工大学,软件工程（含网络工程专业）,D
400,大连理工大学,生物工程,D
401,大连理工大学,生物医学工程,D
402,大连海事大学,工商管理,D
403,大连海事大学,日语,A
404,大连海事大学,日语,D
405,大连海事大学,英语,D
406,大连海事大学,政治学与行政学,D
407,大连海事大学,材料科学与工程,A
408,大连海事大学,材料科学与工程,D
409,大连海事大学,船舶与海洋工程,D
410,大连海事大学,地理信息科学,D
411,大连海事大学,电子商务,B
412,大连海事大学,电子商务,D
413,大连海事大学,电子信息工程,D
414,大连海事大学,法学,D
415,大连海事大学,公共事业管理,B
416,大连海事大学,公共事业管理,D
417,大连海事大学,光电信息科学与工程,D
418,大连海事大学,海事管理,D
419,大连海事大学,环境工程,B
420,大连海事大学,环境工程,D
421,大连海事大学,机械设计制造及其自动化,D
422,大连海事大学,计算机科学与技术,D
423,大连海事大学,交通管理,B
424,大连海事大学,交通管理,D
425,大连海事大学,交通运输,D
426,大连海事大学,经济学,D
427,大连海事大学,救助与打捞工程,C
428,大连海事大学,轮机工程（陆上专业）,D
429,大连海事大学,旅游管理,D
430,大连海事大学,能源与动力工程,C
431,大连海事大学,日语,D
432,大连海事大学,软件工程,D
433,大连海事大学,通信工程,C
434,大连海事大学,统计学,D
435,大连海事大学,网络工程,D
436,大连海事大学,物联网工程,C
437,大连海事大学,物流工程,D
438,大连海事大学,物流管理,D
439,大连海事大学,信息管理与信息系统,C
440,大连海事大学,英语,D
441,大连海事大学,应用物理学,D
442,大连海事大学,智能科学与技术,D
443,大连海事大学,自动化,D
444,吉林大学,金融学,D
445,吉林大学,法学,A
446,吉林大学,法学,D
447,吉林大学,新闻学,D
448,吉林大学,汉语言文学,D
449,吉林大学,经济学(经济学院),A
450,吉林大学,经济学(经济学院),D
451,吉林大学,国际政治,D
452,吉林大学,国际经济与贸易,D
453,吉林大学,外交学,B
454,吉林大学,外交学,D
455,吉林大学,日语,D
456,吉林大学,行政管理,D
457,吉林大学,考古学,B
458,吉林大学,考古学,D
459,吉林大学,哲学,D
460,吉林大学,社会学,D
461,吉林大学,金融学,B
462,吉林大学,金融学,D
463,吉林大学,临床医学(5+3),D
464,吉林大学,金融数学,D
465,吉林大学,车辆工程,B
466,吉林大学,车辆工程,D
467,吉林大学,临床医学,D
468,吉林大学,口腔医学(5+3),D
469,吉林大学,化学,C
470,吉林大学,理科试验班(材料物理),D
471,吉林大学,计算机科学与技术,D
472,吉林大学,法学,C
473,吉林大学,机械工程,D
474,吉林大学,工科试验班(农业机械化及其自动化),D
475,吉林大学,会计学(管理学院),C
476,吉林大学,电气工程及其自动化,D
477,吉林大学,通信工程,D
478,吉林大学,自动化,C
479,吉林大学,预防医学,D
480,吉林大学,人力资源管理(管理学院),D
481,吉林大学,物理学,C
482,吉林大学,能源与动力工程,D
483,吉林大学,微电子科学与工程,D
484,吉林大学,物联网工程,D
485,吉林大学,软件工程,D
486,吉林大学,工商管理(管理学院),D
487,吉林大学,高分子材料与工程,D
488,吉林大学,电子科学与技术,D
489,吉林大学,临床药学,D
490,吉林大学,市场营销(管理学院),D
491,吉林大学,统计学,D
492,吉林大学,光电信息科学与工程,D
493,吉林大学,汽车服务工程,D
494,吉林大学,道路桥梁与渡河工程,D
495,吉林大学,信息工程,D
496,吉林大学,地理信息科学,D
497,吉林大学,放射医学,D
498,吉林大学,无机非金属材料工程,D
499,吉林大学,测控技术与仪器(通信学院),D
500,吉林大学,土地资源管理,D
501,吉林大学,环境科学与工程类,D
502,吉林大学,食品科学与工程,D
503,吉林大学,物流管理,D
504,吉林大学,生物科学,D
505,吉林大学,生物工程,D
506,吉林大学,土木工程,D
507,吉林大学,生物医学工程(药学院),D
508,吉林大学,康复治疗学,D
509,吉林大学,日语,D
510,吉林大学,信息管理与信息系统(商学院),D
511,吉林大学,工程力学,D
512,吉林大学,材料成型及控制工程,D
513,吉林大学,交通工程,D
514,吉林大学,地质学,D
515,吉林大学,资源勘查工程,D
516,吉林大学,测绘工程,D
517,吉林大学,"理科试验班(地球物理学,李四光班)",D
518,吉林大学,地质工程,D
519,吉林大学,水利类,D
520,吉林大学,档案学,D
521,吉林大学,植物生产类 国家专项,D
522,吉林大学,动物科学 国家专项,D
523,延边大学,法学,D
524,延边大学,工商管理类（工商管理、会计学、市场营销）,A
525,延边大学,工商管理类（工商管理、会计学、市场营销）,D
526,延边大学,临床医学,D
527,延边大学,经济学,D
528,延边大学,国际经济与贸易,A
529,延边大学,国际经济与贸易,D
530,延边大学,汉语言文学,D
531,延边大学,日语(零起点),D
532,延边大学,朝鲜语,B
533,延边大学,朝鲜语,D
534,延边大学,历史学,D
535,延边大学,数字媒体技术,D
536,延边大学,工商管理类（工商管理、会计学、市场营销）,B
537,延边大学,工商管理类（工商管理、会计学、市场营销）,D
538,延边大学,中医学,D
539,延边大学,数学与应用数学,D
540,延边大学,机械设计制造及其自动化,B
541,延边大学,机械设计制造及其自动化,D
542,延边大学,电子信息类（电子信息工程、通信工程）,D
543,延边大学,食品科学与工程,D
544,延边大学,物理学,B
545,延边大学,物理学,D
546,延边大学,化学类（化学、应用化学）,D
547,延边大学,地理科学类（地理科学、地理信息科学）,D
548,延边大学,统计学,C
549,延边大学,土木工程,D
550,延边大学,化学工程与工艺,D
551,延边大学,药学类（药学、药物制剂）,C
552,燕山大学,法学,D
553,燕山大学,翻译,A
554,燕山大学,翻译,D
555,燕山大学,汉语言文学,D
556,燕山大学,英语,D
557,燕山大学,行政管理,A
558,燕山大学,行政管理,D
559,燕山大学,广播电视学,D
560,燕山大学,日语,D
561,燕山大学,德语,B
562,燕山大学,德语,D
563,燕山大学,法语,D
564,燕山大学,国际政治,D
565,燕山大学,旅游管理,B
566,燕山大学,旅游管理,D
567,燕山大学,政治学与行政学,D
568,燕山大学,机械设计制造及其自动化（卓越计划）,D
569,燕山大学,自动化（卓越计划）,B
570,燕山大学,自动化（卓越计划）,D
571,燕山大学,会计学,D
572,燕山大学,电子信息工程（卓越计划）,D
573,燕山大学,自动化,B
574,燕山大学,自动化,D
575,燕山大学,车辆工程（卓越计划）,D
576,燕山大学,电气工程及其自动化,D
577,燕山大学,机械设计制造及其自动化,C
578,燕山大学,经济学,D
579,燕山大学,计算机科学与技术,D
580,燕山大学,能源与动力工程,C
581,燕山大学,车辆工程,D
582,燕山大学,电子信息工程,D
583,燕山大学,工商管理,C
584,燕山大学,光电信息科学与工程,D
585,燕山大学,国际经济与贸易,D
586,燕山大学,过程装备与控制工程,C
587,燕山大学,建筑学,D
588,燕山大学,金属材料工程,D
589,燕山大学,软件工程,C
590,燕山大学,通信工程,D
591,燕山大学,材料成型及控制工程,D
592,燕山大学,电子信息科学与技术,D
593,燕山大学,高分子材料与工程,D
594,燕山大学,工程力学,D
595,燕山大学,工业设计,D
596,燕山大学,环境工程,D
597,燕山大学,统计学,D
598,燕山大学,土木工程,D
599,燕山大学,信息与计算科学,D
600,燕山大学,应用化学,D
601,燕山大学,材料物理,D
602,燕山大学,电子科学与技术,D
603,燕山大学,电子商务,D
604,燕山大学,行政管理,D
605,燕山大学,建筑环境与能源应用工程,D
606,燕山大学,能源化学工程,D
607,燕山大学,生物工程（卓越计划）,D
608,燕山大学,生物医学工程,D
609,燕山大学,应用物理学,D
610,燕山大学,工业工程,D
611,燕山大学,公共事业管理,D
612,燕山大学,化学工程与工艺,D
613,燕山大学,日语,D
614,燕山大学,生物工程,D
615,燕山大学,石油工程,D
616,燕山大学,无机非金属材料工程,D
617,燕山大学,英语,D
618,燕山大学,测控技术与仪器,D
619,燕山大学,旅游管理,D
620,东北农业大学,汉语国际教育,D
621,东北农业大学,法学类（法学）,A
622,东北农业大学,法学类（法学）,D
623,东北农业大学,工商管理类（管理学Ⅱ）,D
624,东北农业大学,行政管理,D
625,东北农业大学,英语,A
626,东北农业大学,英语,D
627,东北农业大学,计算机类,D
628,东北农业大学,电气类（工学Ⅲ）,D
629,东北农业大学,金融学类（经济学）,B
630,东北农业大学,金融学类（经济学）,D
631,东北农业大学,能源动力类（工学Ⅱ）,D
632,东北农业大学,机械类（工学Ⅰ）,D
633,东北农业大学,应用化学,B
634,东北农业大学,应用化学,D
635,东北农业大学,土木工程,D
636,东北农业大学,生物工程类（工学Ⅳ）,D
637,东北农业大学,化学生物学,B
638,东北农业大学,化学生物学,D
639,东北农业大学,食品科学与工程类,D
640,东北农业大学,统计学类（理学）,D
641,东北农业大学,水利类（工学Ⅴ）,B
642,东北农业大学,水利类（工学Ⅴ）,D
643,东北农业大学,人文地理与城乡规划,D
644,东北农业大学,工业工程类（管理学Ⅰ）,D
645,东北农业大学,动物医学,C
646,东北农业大学,环境科学与工程类,D
647,东北农业大学,园林,D
648,东北农业大学,土地资源管理,C
649,东北农业大学,工程管理,D
650,东北农业大学,植物生产类（Ⅱ）,D
651,东北农业大学,生态学,C
652,东北农业大学,自然保护与环境生态类（农学）,D
653,东北农业大学,应用气象学,D
654,东北农业大学,动物药学,C
655,东北农业大学,植物生产类（Ⅰ）,D
656,东北农业大学,动物科学,D
657,东北农业大学,视觉传达设计,C
658,东北农业大学,环境设计,D
659,东北农业大学,环境设计,D
660,东北农业大学,视觉传达设计,D
661,东北林业大学,英语,D
662,东北林业大学,经济学类,A
663,东北林业大学,经济学类,D
664,东北林业大学,工商管理类,D
665,东北林业大学,法学,D
666,东北林业大学,社会工作,A
667,东北林业大学,社会工作,D
668,东北林业大学,广告学,D
669,东北林业大学,政治学与行政学,D
670,东北林业大学,风景园林,B
671,东北林业大学,风景园林,D
672,东北林业大学,城乡规划,D
673,东北林业大学,经济学类,D
674,东北林业大学,园林,B
675,东北林业大学,园林,D
676,东北林业大学,电气类,D
677,东北林业大学,电子信息类,D
678,东北林业大学,工商管理类,B
679,东北林业大学,工商管理类,D
680,东北林业大学,工业设计,D
681,东北林业大学,机械类(机电),D
682,东北林业大学,土木工程,B
683,东北林业大学,土木工程,D
684,东北林业大学,英语,D
685,东北林业大学,交通运输类,D
686,东北林业大学,数学与应用数学,C
687,东北林业大学,计算机类,D
688,东北林业大学,信息与计算科学,D
689,东北林业大学,机械类(车辆),C
690,东北林业大学,环境科学,D
691,东北林业大学,俄语,D
692,东北林业大学,建筑环境与能源应用工程,C
693,东北林业大学,物理学,D
694,东北林业大学,物流工程,D
695,东北林业大学,化学类,C
696,东北林业大学,地理信息科学,D
697,东北林业大学,食品科学与工程,D
698,东北林业大学,动物医学,C
699,东北林业大学,野生动物与自然保护区管理,D
700,东北林业大学,工程管理,D
701,东北林业大学,木材科学与工程,D
702,东北林业大学,森林工程,D
703,东北林业大学,包装工程,D
704,东北林业大学,化学工程与工艺,D
705,东北林业大学,工业工程,D
706,东北林业大学,日语,D
707,东北林业大学,轻化工程,D
708,东北林业大学,动物科学,D
709,同济大学,城乡规划,D
710,同济大学,建筑学,A
711,同济大学,建筑学,D
712,同济大学,风景园林,D
713,同济大学,工业设计,D
714,同济大学,工科试验班（电子类）,A
715,同济大学,工科试验班（电子类）,D
716,同济大学,工科试验班（交通类）,D
717,同济大学,车辆工程,D
718,同济大学,土木工程,B
719,同济大学,土木工程,D
720,同济大学,工科试验班（电气类）,D
721,同济大学,工科试验班（轨道交通）,D
722,同济大学,软件工程,B
723,同济大学,软件工程,D
724,同济大学,社会科学试验班（管理类）,D
725,同济大学,工程力学,D
726,同济大学,工科试验班（环境类）,B
727,同济大学,工科试验班（环境类）,D
728,同济大学,口腔医学,D
729,同济大学,理科试验班（数学类）,D
730,同济大学,临床医学（5+3一体化培养）,B
731,同济大学,临床医学（5+3一体化培养）,D
732,同济大学,材料科学与工程,D
733,同济大学,测绘工程,D
734,同济大学,飞行器制造工程,C
735,同济大学,工科试验班（地质与水利工程类）,D
736,同济大学,工科试验班（机械类）,D
737,同济大学,工科试验班（能源类）,C
738,同济大学,理科试验班（海洋类）,D
739,同济大学,理科试验班（化学类）,D
740,同济大学,理科试验班（物理类）,C
741,同济大学,临床医学（贯通培养）,D
742,同济大学,生物科学类,D
743,同济大学,人文科学试验班,C
744,同济大学,法学,D
745,同济大学,日语,D
746,同济大学,社会学,C
747,同济大学,新闻传播学类,D
748,同济大学,英语,D
749,同济大学,政治学与行政学,D
750,上海交通大学,校本部,D
751,上海交通大学,医学院,A
752,上海交通大学,医学院,D
753,上海交通大学,校本部,D
754,华东理工大学,经济学类,D
755,华东理工大学,电子信息类,A
756,华东理工大学,电子信息类,D
757,华东理工大学,计算机类,D
758,华东理工大学,物理学类,D
759,华东理工大学,工商管理类,A
760,华东理工大学,工商管理类,D
761,华东理工大学,应用化学（含化学、应用化学、材料化学专业）,D
762,华东理工大学,会计学（含会计学、财务管理专业）,D
763,华东理工大学,能源与动力工程,B
764,华东理工大学,能源与动力工程,D
765,华东理工大学,管理科学与工程类,D
766,华东理工大学,化工与制药类,D
767,华东理工大学,食品科学与工程类,B
768,华东理工大学,食品科学与工程类,D
769,华东理工大学,药学类,D
770,华东理工大学,环境科学与工程类,D
771,华东理工大学,机械类,B
772,华东理工大学,机械类,D
773,华东理工大学,生物工程类,D
774,华东理工大学,制药工程,D
775,华东理工大学,材料类,B
776,华东理工大学,材料类,D
777,华东理工大学,安全工程,D
778,华东理工大学,化学,D
779,东华大学,理科试验班,D
780,东华大学,服装设计与工程,A
781,东华大学,服装设计与工程,D
782,东华大学,数学类,D
783,东华大学,材料类,D
784,东华大学,物理学类,A
785,东华大学,物理学类,D
786,东华大学,功能材料,D
787,东华大学,经济与贸易类,D
788,东华大学,经济管理试验班,B
789,东华大学,经济管理试验班,D
790,东华大学,能源与环境系统工程,D
791,东华大学,计算机类,D
792,东华大学,纺织类,B
793,东华大学,纺织类,D
794,东华大学,管理科学与工程类,D
795,东华大学,机械工程,D
796,东华大学,新闻传播学类,B
797,东华大学,新闻传播学类,D
798,东华大学,电子信息类,D
799,东华大学,化学类,D
800,东华大学,环境科学与工程类,B
801,东华大学,环境科学与工程类,D
802,东华大学,英语,D
803,华东师范大学,心理学类,D
804,华东师范大学,数学类,A
805,华东师范大学,数学类,D
806,华东师范大学,统计学类,D
807,华东师范大学,工商管理类,D
808,华东师范大学,金融学类,A
809,华东师范大学,金融学类,D
810,华东师范大学,软件工程,D
811,华东师范大学,数学与应用数学,D
812,华东师范大学,汉语国际教育,B
813,华东师范大学,汉语国际教育,D
814,华东师范大学,汉语言文学,D
815,华东师范大学,电子信息类,D
816,华东师范大学,化学,B
817,华东师范大学,化学,D
818,华东师范大学,英语,D
819,华东师范大学,汉语言文学,D
820,华东师范大学,工商管理类,B
821,华东师范大学,工商管理类,D
822,华东师范大学,历史学,D
823,华东师范大学,计算机科学与技术,D
824,华东师范大学,英语,B
825,华东师范大学,英语,D
826,华东师范大学,新闻传播学类,D
827,华东师范大学,汉语言文学,D
828,华东师范大学,生物科学类,C
829,华东师范大学,物理学类,D
830,华东师范大学,法学,D
831,华东师范大学,金融学类,C
832,华东师范大学,英语,D
833,华东师范大学,历史学,D
834,华东师范大学,新闻传播学类,C
835,华东师范大学,物理学,D
836,华东师范大学,化学,D
837,华东师范大学,地理科学,C
838,华东师范大学,英语,D
839,华东师范大学,思想政治教育,D
840,华东师范大学,汉语言文学,C
841,华东师范大学,地理科学,D
842,华东师范大学,思想政治教育,D
843,华东师范大学,生物科学,D
844,华东政法大学,法学类,D
845,华东政法大学,经济学,A
846,华东政法大学,经济学,D
847,华东政法大学,国际经济与贸易,D
848,华东政法大学,知识产权（卓越人才实验班）,D
849,华东政法大学,会计学,A
850,华东政法大学,会计学,D
851,华东政法大学,金融学,D
852,华东政法大学,社会学类,D
853,华东政法大学,新闻传播学类,B
854,华东政法大学,新闻传播学类,D
855,华东政法大学,知识产权（卓越人才实验班）,D
856,华东政法大学,公共管理类,D
857,华东政法大学,法学类,B
858,华东政法大学,法学类,D
859,华东政法大学,金融学（数量金融）,D
860,华东政法大学,侦查学（经济侦查）,D
861,华东政法大学,会计学,B
862,华东政法大学,会计学,D
863,华东政法大学,金融学,D
864,华东政法大学,国际经济与贸易,D
865,华东政法大学,社会学类,B
866,华东政法大学,社会学类,D
867,华东政法大学,新闻传播学类,D
868,华东政法大学,侦查学（刑事侦查）,D
869,华东政法大学,计算机科学与技术（网信安全）,C
870,华东政法大学,公共管理类,D
871,华东政法大学,侦查学（经济侦查）,D
872,华东政法大学,侦查学（刑事侦查）,C
873,南京大学,计算机科学与技术,D
874,南京大学,软件工程,A
875,南京大学,软件工程,D
876,南京大学,经济管理试验班,D
877,南京大学,工科试验班,D
878,南京大学,理科试验班(数理科学类),A
879,南京大学,理科试验班(数理科学类),D
880,南京大学,电子信息类,D
881,南京大学,理科试验班类(化学与生命科学类),D
882,南京大学,理科试验班类(地球科学与资源环境类),B
883,南京大学,理科试验班类(地球科学与资源环境类),D
884,南京大学,经济管理试验班,D
885,南京大学,人文科学试验班(人文艺术传播类),D
886,南京大学,外国语言文学类,B
887,南京大学,外国语言文学类,D
888,南京大学,社会科学试验班,D
889,苏州大学,金融学,D
890,苏州大学,临床医学('5+3'一体化),A
891,苏州大学,临床医学('5+3'一体化),D
892,苏州大学,经济学,D
893,苏州大学,国际经济与贸易,D
894,苏州大学,工商管理,A
895,苏州大学,工商管理,D
896,苏州大学,财务管理,D
897,苏州大学,会计学,D
898,苏州大学,法学,B
899,苏州大学,法学,D
900,苏州大学,新闻传播学类,D
901,苏州大学,财政学,D
902,苏州大学,教育学(师范),B
903,苏州大学,教育学(师范),D
904,苏州大学,知识产权,D
905,苏州大学,翻译,D
906,苏州大学,中国语言文学类,B
907,苏州大学,中国语言文学类,D
908,苏州大学,公共事业管理,D
909,苏州大学,管理科学,D
910,苏州大学,人力资源管理,B
911,苏州大学,人力资源管理,D
912,苏州大学,思想政治教育,D
913,苏州大学,英语(师范),D
914,苏州大学,城市管理,C
915,苏州大学,图书情报与档案管理类,D
916,苏州大学,历史学(师范),D
917,苏州大学,社会学,C
918,苏州大学,社会工作,D
919,苏州大学,劳动与社会保障,D
920,苏州大学,旅游管理,C
921,苏州大学,哲学,D
922,苏州大学,物流管理,D
923,苏州大学,俄语,C
924,苏州大学,临床医学,D
925,苏州大学,医学影像学,D
926,苏州大学,临床医学(儿科医学),C
927,苏州大学,金融数学,D
928,苏州大学,口腔医学,D
929,苏州大学,计算机类,D
930,苏州大学,数学类,D
931,苏州大学,统计学,D
932,苏州大学,软件工程,D
933,苏州大学,通信工程,D
934,苏州大学,电子信息工程,D
935,苏州大学,信息工程,D
936,苏州大学,纳米材料与技术,D
937,苏州大学,电气工程及其自动化,D
938,苏州大学,医学检验技术,D
939,苏州大学,应用心理学,D
940,苏州大学,电子信息科学与技术,D
941,苏州大学,放射医学,D
942,苏州大学,车辆工程,D
943,苏州大学,建筑学,D
944,苏州大学,电子科学与技术,D
945,苏州大学,光电信息科学与工程,D
946,苏州大学,电气工程与智能控制,D
947,苏州大学,工业工程,D
948,苏州大学,微电子科学与工程,D
949,苏州大学,物理学,D
950,苏州大学,中药学,D
951,苏州大学,材料类,D
952,苏州大学,集成电路设计与集成系统,D
953,苏州大学,信息管理与信息系统,D
954,苏州大学,轻化工程,D
955,苏州大学,药学,D
956,苏州大学,新能源材料与器件,D
957,苏州大学,能源与动力工程,D
958,苏州大学,风景园林,D
959,苏州大学,物理学(师范),D
960,苏州大学,测控技术与仪器,D
961,苏州大学,化学类,D
962,苏州大学,化学工程与工艺,D
963,苏州大学,机械类,D
964,苏州大学,预防医学,D
965,苏州大学,生物技术,D
966,苏州大学,生物信息学,D
967,苏州大学,护理学,D
968,苏州大学,交通运输,D
969,苏州大学,冶金工程,D
970,苏州大学,食品质量与安全,D
971,苏州大学,城乡规划,D
972,苏州大学,金属材料工程,D
973,苏州大学,生物制药,D
974,苏州大学,历史建筑保护工程,D
975,苏州大学,轨道交通信号与控制,D
976,苏州大学,建筑环境与能源应用工程,D
977,苏州大学,纺织类,D
978,东南大学,工科试验班（吴健雄班）,D
979,东南大学,建筑学,A
980,东南大学,建筑学,D
981,东南大学,信息工程,D
982,东南大学,电子科学与技术（类）,D
983,东南大学,计算机科学与技术,A
984,东南大学,计算机科学与技术,D
985,东南大学,生物医学工程,D
986,东南大学,电气工程及其自动化,D
987,东南大学,自动化类,B
988,东南大学,自动化类,D
989,东南大学,工业工程,D
990,东南大学,经济学类,D
991,东南大学,软件工程,B
992,东南大学,软件工程,D
993,东南大学,土木类,D
994,东南大学,交通运输类,D
995,东南大学,工程力学,B
996,东南大学,工程力学,D
997,东南大学,计算机科学与技术（网络安全）,D
998,东南大学,数学类,D
999,东南大学,测控技术与仪器,B
1000,东南大学,测控技术与仪器,D
1001,东南大学,城乡规划,D
1002,东南大学,测绘类,D
1003,东南大学,临床医学（5+3一体化）,C
1004,东南大学,材料科学与工程,D
1005,东南大学,工程管理,D
1006,东南大学,工商管理类,C
1007,东南大学,化工与制药类,D
1008,东南大学,环境工程,D
1009,东南大学,机械工程,C
1010,东南大学,能源动力类,D
1011,东南大学,物理学类,D
1012,东南大学,文科试验班类（郭秉文班）,C
1013,东南大学,劳动与社会保障,D
1014,东南大学,英语,D
1015,南京航空航天大学,飞行器动力工程,D
1016,南京航空航天大学,自动化,A
1017,南京航空航天大学,自动化,D
1018,南京航空航天大学,飞行器设计与工程,D
1019,南京航空航天大学,飞行器环境与生命保障工程,D
1020,南京航空航天大学,飞行器制造工程,A
1021,南京航空航天大学,飞行器制造工程,D
1022,南京航空航天大学,计算机科学与技术,D
1023,南京航空航天大学,能源与动力工程,D
1024,南京航空航天大学,电气工程及其自动化,B
1025,南京航空航天大学,电气工程及其自动化,D
1026,南京航空航天大学,机械工程,D
1027,南京航空航天大学,飞行器制造工程（航空维修工程与技术）,D
1028,南京航空航天大学,交通运输（空中交通管制与签派）,B
1029,南京航空航天大学,交通运输（空中交通管制与签派）,D
1030,南京航空航天大学,信息与计算科学,D
1031,南京航空航天大学,工商管理类（会计学、工商管理、市场营销）,D
1032,南京航空航天大学,工程力学,B
1033,南京航空航天大学,工程力学,D
1034,南京航空航天大学,电子信息类（电子、电子（微毫米波）、信息工程）,D
1035,南京航空航天大学,管理科学与工程类（信息管理与信息系统、工业工程、电子商务）,D
1036,南京航空航天大学,信息安全,B
1037,南京航空航天大学,信息安全,D
1038,南京航空航天大学,物联网工程,D
1039,南京航空航天大学,车辆工程,D
1040,南京航空航天大学,微电子科学与工程,C
1041,南京航空航天大学,工业设计,D
1042,南京航空航天大学,经济与贸易类（国际经济与贸易、金融学）,D
1043,南京航空航天大学,软件工程,C
1044,南京航空航天大学,测控技术与仪器,D
1045,南京航空航天大学,探测制导与控制技术,D
1046,南京航空航天大学,材料科学与工程,C
1047,南京航空航天大学,经济与贸易类（国际经济与贸易、金融学）,D
1048,南京航空航天大学,应用化学,D
1049,南京航空航天大学,核工程类（核工程与核技术、辐射防护与核安全）,C
1050,南京航空航天大学,交通运输（民航机务工程）,D
1051,南京航空航天大学,应用物理学,D
1052,南京航空航天大学,法学,C
1053,南京航空航天大学,政治学与行政学,D
1054,南京航空航天大学,英语（民航业务、国际贸易）,D
1055,江南大学,法学类,D
1056,江南大学,汉语言文学,A
1057,江南大学,汉语言文学,D
1058,江南大学,英语,D
1059,江南大学,物联网工程,D
1060,江南大学,食品科学与工程,A
1061,江南大学,食品科学与工程,D
1062,江南大学,计算机科学与技术,D
1063,江南大学,电子信息类,D
1064,江南大学,工商管理类,B
1065,江南大学,工商管理类,D
1066,江南大学,生物工程类,D
1067,江南大学,光电信息科学与工程,D
1068,江南大学,临床医学,B
1069,江南大学,临床医学,D
1070,江南大学,纺织工程,D
1071,江南大学,机械类,D
1072,江南大学,英语,B
1073,江南大学,英语,D
1074,江南大学,化学工程与工艺,D
1075,江南大学,工程管理,D
1076,江南大学,教育学类,B
1077,江南大学,教育学类,D
1078,南京农业大学,金融学,D
1079,南京农业大学,土地资源管理,A
1080,南京农业大学,土地资源管理,D
1081,南京农业大学,投资学,D
1082,南京农业大学,工商管理类,D
1083,南京农业大学,国际经济与贸易,A
1084,南京农业大学,国际经济与贸易,D
1085,南京农业大学,英语,D
1086,南京农业大学,社会学类,D
1087,南京农业大学,日语,B
1088,南京农业大学,日语,D
1089,南京农业大学,农林经济管理,D
1090,南京农业大学,金融学,D
1091,南京农业大学,会计学,B
1092,南京农业大学,会计学,D
1093,南京农业大学,投资学,D
1094,南京农业大学,风景园林,D
1095,南京农业大学,生物学基地班,B
1096,南京农业大学,生物学基地班,D
1097,南京农业大学,国际经济与贸易,D
1098,南京农业大学,信息与计算科学,D
1099,南京农业大学,计算机科学与技术,B
1100,南京农业大学,计算机科学与技术,D
1101,南京农业大学,土地资源管理,D
1102,南京农业大学,农林经济管理,D
1103,南京农业大学,网络工程,C
1104,南京农业大学,生命科学与技术基地班,D
1105,南京农业大学,农学,D
1106,南京农业大学,信息管理与信息系统,C
1107,南京农业大学,食品科学与工程类,D
1108,南京农业大学,生物科学,D
1109,南京农业大学,动物医学,C
1110,南京农业大学,种子科学与工程,D
1111,南京农业大学,中药学,D
1112,南京农业大学,植物保护,C
1113,南京农业大学,社会学类,D
1114,南京农业大学,电子信息科学与技术,D
1115,南京农业大学,自动化,C
1116,南京农业大学,应用化学,D
1117,南京农业大学,环境科学与工程类,D
1118,南京农业大学,行政管理,D
1119,南京农业大学,园艺,D
1120,南京农业大学,英语,D
1121,南京农业大学,物流工程,D
1122,南京农业大学,水产养殖学,D
1123,南京农业大学,农业电气化,D
1124,南京农业大学,动物科学,D
1125,南京农业大学,工业工程,D
1126,南京农业大学,动物药学,D
1127,南京农业大学,交通运输,D
1128,南京农业大学,机械类,D
1129,南京农业大学,工程管理,D
1130,南京农业大学,机械类,D
1131,南京农业大学,交通运输,D
1132,南京师范大学,动画,D
1133,南京师范大学,设计学类,A
1134,南京师范大学,设计学类,D
1135,南京师范大学,美术学类,D
1136,南京师范大学,外国语言文学类(含英语、俄语、德语、法语、日语、意大利语),D
1137,南京师范大学,外国语言文学类(含英语、俄语、德语、法语、日语、意大利语),A
1138,南京师范大学,外国语言文学类(含英语、俄语、德语、法语、日语、意大利语),D
1139,南京师范大学,中国语言文学类(含汉语言文学(基地班)、秘书学、古典文献学),D
1140,南京师范大学,新闻传播学类(含新闻学、广播电视学、广告学、网络与新媒体),D
1141,南京师范大学,汉语国际教育,B
1142,南京师范大学,汉语国际教育,D
1143,南京师范大学,中国语言文学类(含汉语言文学(基地班)、秘书学、古典文献学),D
1144,南京师范大学,新闻传播学类(含新闻学、广播电视学、广告学、网络与新媒体),D
1145,南京师范大学,汉语国际教育,B
1146,南京师范大学,汉语国际教育,D
1147,南京师范大学,历史学,D
1148,南京师范大学,历史学,D
1149,南京师范大学,教育学(师范),B
1150,南京师范大学,教育学(师范),D
1151,南京师范大学,文物与博物馆学,D
1152,南京师范大学,法学,D
1153,南京师范大学,社会学类(含社会学、社会工作),B
1154,南京师范大学,社会学类(含社会学、社会工作),D
1155,南京师范大学,教育学(师范),D
1156,南京师范大学,文物与博物馆学,D
1157,南京师范大学,法学,C
1158,南京师范大学,社会学类(含社会学、社会工作),D
1159,南京师范大学,哲学,D
1160,南京师范大学,思想政治教育,C
1161,南京师范大学,思想政治教育(师范),D
1162,南京师范大学,哲学,D
1163,南京师范大学,思想政治教育,C
1164,南京师范大学,思想政治教育(师范),D
1165,南京师范大学,数学与应用数学(师范),D
1166,南京师范大学,数学与应用数学(师范),C
1167,南京师范大学,外国语言文学类(含英语、俄语、德语、法语、日语、意大利语),D
1168,南京师范大学,外国语言文学类(含英语、俄语、德语、法语、日语、意大利语),D
1169,南京师范大学,地理信息科学,C
1170,南京师范大学,地理信息科学,D
1171,南京师范大学,化学(师范),D
1172,南京师范大学,化学(师范),D
1173,南京师范大学,物理学(师范),D
1174,南京师范大学,物理学(师范),D
1175,南京师范大学,工商管理类(含市场营销、工商管理、人力资源管理),D
1176,南京师范大学,财务管理,D
1177,南京师范大学,工商管理类(含市场营销、工商管理、人力资源管理),D
1178,南京师范大学,财务管理,D
1179,南京师范大学,生物科学类(含生物科学(基地班)、 生物技术),D
1180,南京师范大学,电气工程及其自动化,D
1181,南京师范大学,生物科学类(含生物科学(基地班)、 生物技术),D
1182,南京师范大学,电气工程及其自动化,D
1183,南京师范大学,社会学类(含社会学、社会工作),D
1184,南京师范大学,社会学类(含社会学、社会工作),D
1185,南京师范大学,信息管理与信息系统,D
1186,南京师范大学,环境科学与工程类(含环境科学、环境工程),D
1187,南京师范大学,生物工程,D
1188,南京师范大学,能源动力类(含能源与动力工程、能源与环境系统工程),D
1189,南京师范大学,计算机科学与技术,D
1190,南京师范大学,软件工程(嵌入式培养),D
1191,南京师范大学,信息管理与信息系统,D
1192,南京师范大学,环境科学与工程类(含环境科学、环境工程),D
1193,南京师范大学,生物工程,D
1194,南京师范大学,能源动力类(含能源与动力工程、能源与环境系统工程),D
1195,南京师范大学,计算机科学与技术,D
1196,南京师范大学,软件工程(嵌入式培养),D
1197,南京师范大学,人文地理与城乡规划,D
1198,南京师范大学,电子信息类(含电子信息工程、通信工程、光电信息科学与工程),D
1199,南京师范大学,行政管理,D
1200,南京师范大学,人文地理与城乡规划,D
1201,南京师范大学,电子信息类(含电子信息工程、通信工程、光电信息科学与工程),D
1202,南京师范大学,行政管理,D
1203,南京师范大学,劳动与社会保障,D
1204,南京师范大学,建筑环境与能源应用工程,D
1205,南京师范大学,自动化,D
1206,南京师范大学,劳动与社会保障,D
1207,南京师范大学,建筑环境与能源应用工程,D
1208,南京师范大学,自动化,D
1209,南京师范大学,建筑环境与能源应用工程,D
1210,杭州电子科技大学,会计学（按会计学类培养）,D
1211,杭州电子科技大学,经济学类（按经济类培养）,A
1212,杭州电子科技大学,经济学类（按经济类培养）,D
1213,杭州电子科技大学,编辑出版学,D
1214,杭州电子科技大学,法学类,D
1215,杭州电子科技大学,工商管理类,A
1216,杭州电子科技大学,工商管理类,D
1217,杭州电子科技大学,汉语国际教育,D
1218,杭州电子科技大学,外国语言文学类（按语言类培养）,D
1219,杭州电子科技大学,计算机类,B
1220,杭州电子科技大学,计算机类,D
1221,杭州电子科技大学,新闻传播学类（按新媒体类培养）,D
1222,杭州电子科技大学,电子信息类,D
1223,杭州电子科技大学,网络工程,B
1224,杭州电子科技大学,网络工程,D
1225,杭州电子科技大学,通信工程（按信息与通信工程类培养）,D
1226,杭州电子科技大学,测控技术与仪器,D
1227,杭州电子科技大学,物理学类（按光电技术与物理类培养）,B
1228,杭州电子科技大学,物理学类（按光电技术与物理类培养）,D
1229,杭州电子科技大学,信息安全,D
1230,杭州电子科技大学,电气类（按电气与自动化类培养）,D
1231,杭州电子科技大学,环境科学与工程类,B
1232,杭州电子科技大学,环境科学与工程类,D
1233,杭州电子科技大学,管理科学与工程类,D
1234,杭州电子科技大学,机械类（按机械与海洋工程类培养）,D
1235,杭州电子科技大学,材料科学与工程,C
1236,杭州电子科技大学,数学类,D
1237,杭州电子科技大学,物理学类（按光电技术与物理类培养）,D
1238,合肥工业大学,电气工程及其自动化,D
1239,合肥工业大学,计算机科学与技术,A
1240,合肥工业大学,计算机科学与技术,D
1241,合肥工业大学,电气工程及其自动化,D
1242,合肥工业大学,计算机科学与技术,D
1243,合肥工业大学,信息管理与信息系统,A
1244,合肥工业大学,信息管理与信息系统,D
1245,合肥工业大学,信息管理与信息系统,D
1246,合肥工业大学,车辆工程,D
1247,合肥工业大学,信息安全,B
1248,合肥工业大学,信息安全,D
1249,合肥工业大学,车辆工程,D
1250,合肥工业大学,信息安全,D
1251,合肥工业大学,电子信息工程,B
1252,合肥工业大学,电子信息工程,D
1253,合肥工业大学,电子科学与技术,D
1254,合肥工业大学,电子信息工程,D
1255,合肥工业大学,电子科学与技术,B
1256,合肥工业大学,电子科学与技术,D
1257,合肥工业大学,微电子科学与工程,D
1258,合肥工业大学,建筑学,D
1259,合肥工业大学,微电子科学与工程,B
1260,合肥工业大学,微电子科学与工程,D
1261,合肥工业大学,建筑学,D
1262,合肥工业大学,光电信息科学与工程,D
1263,合肥工业大学,自动化,C
1264,合肥工业大学,通信工程,D
1265,合肥工业大学,机械设计制造及其自动化,D
1266,合肥工业大学,测绘工程,C
1267,合肥工业大学,光电信息科学与工程,D
1268,合肥工业大学,自动化,D
1269,合肥工业大学,通信工程,C
1270,合肥工业大学,机械设计制造及其自动化,D
1271,合肥工业大学,测绘工程,D
1272,合肥工业大学,法学,C
1273,合肥工业大学,会计学,D
1274,合肥工业大学,智能电网信息工程,D
1275,合肥工业大学,软件工程,C
1276,合肥工业大学,工业设计,D
1277,合肥工业大学,土木工程,D
1278,合肥工业大学,生物工程,D
1279,合肥工业大学,地质学,D
1280,合肥工业大学,法学,D
1281,合肥工业大学,会计学,D
1282,合肥工业大学,智能电网信息工程,D
1283,合肥工业大学,软件工程,D
1284,合肥工业大学,工业设计,D
1285,合肥工业大学,土木工程,D
1286,合肥工业大学,生物工程,D
1287,合肥工业大学,地质学,D
1288,合肥工业大学,英语（国际贸易）,D
1289,合肥工业大学,数学与应用数学,D
1290,合肥工业大学,能源与动力工程,D
1291,合肥工业大学,应用物理学,D
1292,合肥工业大学,建筑环境与能源应用工程,D
1293,合肥工业大学,工程力学,D
1294,合肥工业大学,测控技术与仪器,D
1295,合肥工业大学,地理信息科学,D
1296,合肥工业大学,粉体材料科学与工程,D
1297,合肥工业大学,英语（国际贸易）,D
1298,合肥工业大学,数学与应用数学,D
1299,合肥工业大学,能源与动力工程,D
1300,合肥工业大学,应用物理学,D
1301,合肥工业大学,建筑环境与能源应用工程,D
1302,合肥工业大学,工程力学,D
1303,合肥工业大学,测控技术与仪器,D
1304,合肥工业大学,地理信息科学,D
1305,合肥工业大学,粉体材料科学与工程,D
1306,合肥工业大学,金融工程,D
1307,合肥工业大学,飞行器制造工程,D
1308,合肥工业大学,资源勘查工程,D
1309,合肥工业大学,工业工程,D
1310,合肥工业大学,统计学,D
1311,合肥工业大学,交通工程,D
1312,合肥工业大学,经济学,D
1313,合肥工业大学,金融工程,D
1314,合肥工业大学,飞行器制造工程,D
1315,合肥工业大学,资源勘查工程,D
1316,合肥工业大学,工业工程,D
1317,合肥工业大学,统计学,D
1318,合肥工业大学,交通工程,D
1319,合肥工业大学,经济学,D
1320,合肥工业大学,思想政治教育,D
1321,合肥工业大学,高分子材料与工程,D
1322,合肥工业大学,城乡规划,D
1323,合肥工业大学,信息与计算科学,D
1324,合肥工业大学,风景园林,D
1325,合肥工业大学,化学工程与工艺,D
1326,合肥工业大学,金属材料工程,D
1327,合肥工业大学,材料成型及控制工程,D
1328,合肥工业大学,应用化学,D
1329,合肥工业大学,电子商务,D
1330,合肥工业大学,给排水科学与工程,D
1331,合肥工业大学,水利水电工程,D
1332,合肥工业大学,地下水科学与工程,D
1333,合肥工业大学,药学,D
1334,合肥工业大学,食品质量与安全,D
1335,合肥工业大学,制药工程,D
1336,合肥工业大学,环境工程,D
1337,合肥工业大学,思想政治教育,D
1338,合肥工业大学,高分子材料与工程,D
1339,合肥工业大学,城乡规划,D
1340,合肥工业大学,信息与计算科学,D
1341,合肥工业大学,风景园林,D
1342,合肥工业大学,化学工程与工艺,D
1343,合肥工业大学,金属材料工程,D
1344,合肥工业大学,材料成型及控制工程,D
1345,合肥工业大学,应用化学,D
1346,合肥工业大学,电子商务,D
1347,合肥工业大学,给排水科学与工程,D
1348,合肥工业大学,水利水电工程,D
1349,合肥工业大学,地下水科学与工程,D
1350,合肥工业大学,药学,D
1351,合肥工业大学,食品质量与安全,D
1352,合肥工业大学,制药工程,D
1353,合肥工业大学,环境工程,D
1354,合肥工业大学,广告学,D
1355,合肥工业大学,集成电路设计与集成系统,D
1356,合肥工业大学,交通运输,D
1357,合肥工业大学,工商管理,D
1358,合肥工业大学,食品科学与工程,D
1359,合肥工业大学,市场营销,D
1360,合肥工业大学,材料物理,D
1361,合肥工业大学,无机非金属材料工程,D
1362,合肥工业大学,广告学,D
1363,合肥工业大学,集成电路设计与集成系统,D
1364,合肥工业大学,交通运输,D
1365,合肥工业大学,工商管理,D
1366,合肥工业大学,食品科学与工程,D
1367,合肥工业大学,市场营销,D
1368,合肥工业大学,材料物理,D
1369,合肥工业大学,无机非金属材料工程,D
1370,合肥工业大学,英语(商务),D
1371,合肥工业大学,英语(商务),D
1372,合肥工业大学,自动化,D
1373,合肥工业大学,物联网工程,D
1374,合肥工业大学,经济学,D
1375,合肥工业大学,自动化,D
1376,合肥工业大学,物联网工程,D
1377,合肥工业大学,经济学,D
1378,合肥工业大学,计算机科学与技术,D
1379,合肥工业大学,电子信息科学与技术,D
1380,合肥工业大学,计算机科学与技术,D
1381,合肥工业大学,电子信息科学与技术,D
1382,合肥工业大学,机械工程,D
1383,合肥工业大学,机械工程,D
1384,合肥工业大学,材料成型及控制工程,D
1385,合肥工业大学,国际经济与贸易,D
1386,合肥工业大学,过程装备与控制工程,D
1387,合肥工业大学,新能源材料与器件,D
1388,合肥工业大学,应用化学,D
1389,合肥工业大学,材料成型及控制工程,D
1390,合肥工业大学,国际经济与贸易,D
1391,合肥工业大学,过程装备与控制工程,D
1392,合肥工业大学,新能源材料与器件,D
1393,合肥工业大学,应用化学,D
1394,合肥工业大学,土木工程(城市地下空间),D
1395,合肥工业大学,能源化学工程,D
1396,合肥工业大学,环境工程,D
1397,合肥工业大学,物流管理,D
1398,合肥工业大学,土木工程(城市地下空间),D
1399,合肥工业大学,能源化学工程,D
1400,合肥工业大学,环境工程,D
1401,合肥工业大学,物流管理,D
1402,厦门大学,经济学类,D
1403,厦门大学,工商管理类,A
1404,厦门大学,工商管理类,D
1405,厦门大学,数学类,D
1406,厦门大学,会计学（含会计学、财务管理）,D
1407,厦门大学,会计学（含会计学、财务管理）,A
1408,厦门大学,会计学（含会计学、财务管理）,D
1409,厦门大学,化学类,D
1410,厦门大学,建筑类,D
1411,厦门大学,法学类,B
1412,厦门大学,法学类,D
1413,厦门大学,材料类,D
1414,厦门大学,经济学类,D
1415,厦门大学,化学工程与工艺（含化学工程与工艺、生物工程）,B
1416,厦门大学,化学工程与工艺（含化学工程与工艺、生物工程）,D
1417,厦门大学,环境科学与工程类,D
1418,厦门大学,物理学类,D
1419,厦门大学,海洋科学类,B
1420,厦门大学,海洋科学类,D
1421,厦门大学,生物科学类,D
1422,厦门大学,新能源科学与工程,D
1423,厦门大学,俄语,B
1424,厦门大学,俄语,D
1425,厦门大学,日语,D
1426,厦门大学,新闻传播学类,D
1427,厦门大学,政治学类,C
1428,厦门大学,电子信息类,D
1429,厦门大学,计算机类,D
1430,厦门大学,软件工程（含软件工程、数字媒体技术）,C
1431,厦门大学,土木类,D
1432,厦门大学,人文科学试验班,D
1433,厦门大学,航空航天类,C
1434,厦门大学,公共管理类,D
1435,厦门大学,英语,D
1436,厦门大学,航空航天类,C
1437,厦门大学,临床医学,D
1438,厦门大学,口腔医学,D
1439,厦门大学,化学类,C
1440,厦门大学,环境科学与工程类,D
1441,厦门大学,中医学,D
1442,厦门大学,公共卫生与预防医学类,D
1443,厦门大学,护理学,D
1444,厦门大学,人文科学试验班,D
1445,华侨大学,旅游管理科,D
1446,华侨大学,法学,A
1447,华侨大学,法学,D
1448,华侨大学,国际经济与贸易,D
1449,华侨大学,投资学,D
1450,华侨大学,汉语言文科学,A
1451,华侨大学,汉语言文科学,D
1452,华侨大学,会计学,D
1453,华侨大学,汉语国际教育,D
1454,华侨大学,英语,B
1455,华侨大学,英语,D
1456,华侨大学,工商管理科,D
1457,华侨大学,社会学,D
1458,华侨大学,人文科地理科与城乡规划,B
1459,华侨大学,人文科地理科与城乡规划,D
1460,华侨大学,人力资源管理科,D
1461,华侨大学,建筑学,D
1462,华侨大学,金融学,B
1463,华侨大学,金融学,D
1464,华侨大学,统计学,D
1465,华侨大学,软件工程,D
1466,华侨大学,临床医学,B
1467,华侨大学,临床医学,D
1468,华侨大学,电子信息工程,D
1469,华侨大学,网络工程,D
1470,华侨大学,国际经济与贸易,C
1471,华侨大学,数学与应用数学,D
1472,华侨大学,计算机科学与技术,D
1473,华侨大学,工程管理科,C
1474,华侨大学,车辆工程,D
1475,华侨大学,自动化,D
1476,华侨大学,土木工程,C
1477,华侨大学,英语,D
1478,华侨大学,信息与计算科学,D
1479,华侨大学,应用理科(拔尖人才试点班),C
1480,华侨大学,机械设计制造及其自动化,D
1481,华侨大学,高分子材料与工程,D
1482,华侨大学,城乡规划,C
1483,华侨大学,国际事务与国际关系,D
1484,华侨大学,理科,D
1485,华侨大学,信息安全,D
1486,华侨大学,数字媒体技术,D
1487,华侨大学,风景园林,D
1488,华侨大学,法学(涉外法律方向),D
1489,华侨大学,广播电视学,D
1490,华侨大学,材料成型及控制工程,D
1491,华侨大学,信息工程,D
1492,华侨大学,工业设计,D
1493,华侨大学,测控技术与仪器,D
1494,华侨大学,物联网工程,D
1495,华侨大学,物流管理科,D
1496,华侨大学,日语,D
1497,华侨大学,生物技术,D
1498,华侨大学,光电信息科学与工程,D
1499,华侨大学,集成电路设计与集成系统,D
1500,华侨大学,城市地下空间工程,D
1501,华侨大学,环境科学,D
1502,华侨大学,环境生态工程,D
1503,华侨大学,市场营销,D
1504,华侨大学,土地资源管理科,D
1505,华侨大学,理科工程与工艺,D
1506,华侨大学,公共事业管理科,D
1507,华侨大学,城市管理科,D
1508,华侨大学,哲学,D
1509,华侨大学,药学,D
1510,福州大学,文史,D
1511,福州大学,法学,A
1512,福州大学,法学,D
1513,福州大学,工商管理,D
1514,福州大学,公共管理类,D
1515,福州大学,化学,A
1516,福州大学,化学,D
1517,福州大学,电子信息类,D
1518,福州大学,车辆工程,D
1519,福州大学,计算机类,B
1520,福州大学,计算机类,D
1521,福州大学,经济统计学,D
1522,福州大学,数学类,D
1523,福州大学,电气工程及其自动化,B
1524,福州大学,电气工程及其自动化,D
1525,福州大学,微电子科学与工程,D
1526,福州大学,工业设计,D
1527,福州大学,机械设计制造及其自动化,B
1528,福州大学,机械设计制造及其自动化,D
1529,福州大学,物联网工程,D
1530,福州大学,安全工程,D
1531,福州大学,生物工程,B
1532,福州大学,生物工程,D
1533,福州大学,软件工程,D
1534,福州大学,化学工程与工艺,D
1535,福州大学,过程装备与控制工程,C
1536,福州大学,矿物加工工程,D
1537,福州大学,资源勘查工程,D
1538,福州大学,采矿工程,C
1539,福州大学,土木工程（中外合作）,D
1540,福建农林大学,金融学,D
1541,福建农林大学,国际经济与贸易,A
1542,福建农林大学,国际经济与贸易,D
1543,福建农林大学,会计学（茶学院）,D
1544,福建农林大学,会计学（茶学院）,D
1545,福建农林大学,国际经济与贸易,A
1546,福建农林大学,国际经济与贸易,D
1547,福建农林大学,土木工程,D
1548,福建农林大学,新能源科学与工程,D
1549,福建农林大学,食品科学与工程,B
1550,福建农林大学,食品科学与工程,D
1551,福建农林大学,电气工程及其自动化,D
1552,福建农林大学,工程管理,D
1553,福建农林大学,车辆工程,B
1554,福建农林大学,车辆工程,D
1555,福建农林大学,机械设计制造及其自动化,D
1556,南昌大学,法学类（法学、知识产权）,D
1557,南昌大学,中国语言文学类（汉语言文学、汉语国际教育）,A
1558,南昌大学,中国语言文学类（汉语言文学、汉语国际教育）,D
1559,南昌大学,英语,D
1560,南昌大学,工商管理类（工商管理、会计学）,D
1561,南昌大学,德语,A
1562,南昌大学,德语,D
1563,南昌大学,历史学,D
1564,南昌大学,行政管理,D
1565,南昌大学,广播电视学,B
1566,南昌大学,广播电视学,D
1567,南昌大学,工商管理（中法实验班）,D
1568,南昌大学,广告学,D
1569,南昌大学,公共关系学,B
1570,南昌大学,公共关系学,D
1571,南昌大学,计算机类（计算机科学与技术、网络工程）,D
1572,南昌大学,临床医学,D
1573,南昌大学,电子信息类（电子信息工程、通信工程）,B
1574,南昌大学,电子信息类（电子信息工程、通信工程）,D
1575,南昌大学,机械类（机械设计制造及其自动化、车辆工程）,D
1576,南昌大学,工商管理类（工商管理、会计学）,D
1577,南昌大学,食品科学与工程类（食品科学与工程、食品质量与安全）,B
1578,南昌大学,食品科学与工程类（食品科学与工程、食品质量与安全）,D
1579,南昌大学,自动化,D
1580,南昌大学,医学检验技术,D
1581,南昌大学,材料成型及控制工程,C
1582,南昌大学,光电信息科学与工程,D
1583,南昌大学,材料类（材料科学与工程、高分子材料与工程、材料物理、新能源材料与器件）,D
1584,南昌大学,能源与动力工程,C
1585,南昌大学,物理学类（物理学、应用物理学）,D
1586,南昌大学,软件工程,D
1587,南昌大学,土木类（土木工程、建筑环境与能源应用工程、给排水科学与工程）,C
1588,南昌大学,环境工程,D
1589,南昌大学,化学工程与工艺,D
1590,南昌大学,生物工程,C
1591,南昌大学,人力资源管理,D
1592,南昌大学,信息与计算科学,D
1593,南昌大学,过程装备与控制工程,C
1594,南昌大学,工程管理,D
1595,南昌大学,化学类（化学、应用化学）,D
1596,南昌大学,生物科学类（生物科学、生物技术、生态学）,D
1597,南昌大学,应用心理学,D
1598,南昌大学,制药工程,D
1599,南昌大学,信息管理与信息系统,D
1600,南昌大学,工业工程,D
1601,南昌大学,临床医学类（中外合作办学）,D
1602,武汉大学,法学,D
1603,武汉大学,工商管理类,A
1604,武汉大学,工商管理类,D
1605,武汉大学,经济学类,D
1606,武汉大学,新闻传播学类,D
1607,武汉大学,公共管理类,A
1608,武汉大学,公共管理类,D
1609,武汉大学,图书情报与档案管理类(信息管理学类),D
1610,武汉大学,中国语言文学类,D
1611,华中科技大学,电气工程及其自动化,D
1612,华中科技大学,计算机科学与技术（计算机卓越计划实验班）,A
1613,华中科技大学,计算机科学与技术（计算机卓越计划实验班）,D
1614,华中科技大学,临床医学（八年）,D
1615,华中科技大学,计算机类,D
1616,华中科技大学,自动化,A
1617,华中科技大学,自动化,D
1618,华中科技大学,电子信息工程,D
1619,华中科技大学,电子信息类,D
1620,华中科技大学,材料成型及控制工程,B
1621,华中科技大学,材料成型及控制工程,D
1622,华中科技大学,电磁场与无线技术,D
1623,华中科技大学,数学类,D
1624,华中科技大学,测控技术与仪器,B
1625,华中科技大学,测控技术与仪器,D
1626,华中科技大学,机械类,D
1627,华中科技大学,临床医学（五年）,D
1628,华中科技大学,数字媒体技术,B
1629,华中科技大学,数字媒体技术,D
1630,华中科技大学,信息管理与信息系统,D
1631,华中科技大学,能源动力类,D
1632,华中科技大学,水利水电工程,B
1633,华中科技大学,水利水电工程,D
1634,华中科技大学,金融学,D
1635,华中科技大学,生物医学工程类,D
1636,华中科技大学,物理学（严济慈物理学英才班）,C
1637,华中科技大学,物流管理（物流系统工程）,D
1638,华中科技大学,建筑环境与能源应用工程,D
1639,华中科技大学,土木类,C
1640,华中科技大学,物理学类,D
1641,华中科技大学,城乡规划,D
1642,华中科技大学,风景园林,C
1643,华中科技大学,化学类,D
1644,华中科技大学,环境工程,D
1645,中国地质大学（武汉）,国际经济与贸易,D
1646,中国地质大学（武汉）,经济学,A
1647,中国地质大学（武汉）,经济学,D
1648,中国地质大学（武汉）,工商管理(双语教学班),D
1649,中国地质大学（武汉）,公共事业管理,D
1650,中国地质大学（武汉）,会计学,A
1651,中国地质大学（武汉）,会计学,D
1652,中国地质大学（武汉）,市场营销,D
1653,中国地质大学（武汉）,法学,D
1654,中国地质大学（武汉）,广播电视学,B
1655,中国地质大学（武汉）,广播电视学,D
1656,中国地质大学（武汉）,行政管理,D
1657,中国地质大学（武汉）,英语,D
1658,中国地质大学（武汉）,思想政治教育,B
1659,中国地质大学（武汉）,思想政治教育,D
1660,中国地质大学（武汉）,经济学,D
1661,中国地质大学（武汉）,宝石及材料工艺学,D
1662,中国地质大学（武汉）,大气科学(菁英班),B
1663,中国地质大学（武汉）,大气科学(菁英班),D
1664,中国地质大学（武汉）,计算机科学与技术,D
1665,中国地质大学（武汉）,信息与计算科学,D
1666,中国地质大学（武汉）,广播电视学,B
1667,中国地质大学（武汉）,广播电视学,D
1668,中国地质大学（武汉）,环境工程(菁英班),D
1669,中国地质大学（武汉）,会计学,D
1670,中国地质大学（武汉）,旅游管理,C
1671,中国地质大学（武汉）,通信工程,D
1672,中国地质大学（武汉）,统计学,D
1673,中国地质大学（武汉）,地球物理学,C
1674,中国地质大学（武汉）,软件工程,D
1675,中国地质大学（武汉）,电子信息工程,D
1676,中国地质大学（武汉）,工商管理(双语教学班),C
1677,中国地质大学（武汉）,国际经济与贸易,D
1678,中国地质大学（武汉）,环境工程,D
1679,中国地质大学（武汉）,资源勘查工程(基地班),C
1680,中国地质大学（武汉）,地质工程,D
1681,中国地质大学（武汉）,工程管理,D
1682,中国地质大学（武汉）,数学与应用数学,C
1683,中国地质大学（武汉）,水文与水资源工程,D
1684,中国地质大学（武汉）,网络工程,D
1685,中国地质大学（武汉）,遥感科学与技术,D
1686,中国地质大学（武汉）,英语,D
1687,中国地质大学（武汉）,自然地理与资源环境,D
1688,中国地质大学（武汉）,材料化学,D
1689,中国地质大学（武汉）,材料科学与工程,D
1690,中国地质大学（武汉）,地理科学类,D
1691,中国地质大学（武汉）,地理空间信息工程,D
1692,中国地质大学（武汉）,地理信息科学,D
1693,中国地质大学（武汉）,地下水科学与工程,D
1694,中国地质大学（武汉）,地质学(基地班),D
1695,中国地质大学（武汉）,地质学类(地球科学菁英班),D
1696,中国地质大学（武汉）,机械设计制造及其自动化,D
1697,中国地质大学（武汉）,空间信息与数字技术,D
1698,中国地质大学（武汉）,信息安全,D
1699,中国地质大学（武汉）,测控技术与仪器,D
1700,中国地质大学（武汉）,地球信息科学与技术,D
1701,中国地质大学（武汉）,地质学类,D
1702,中国地质大学（武汉）,勘查技术与工程(勘查地球物理方向),D
1703,中国地质大学（武汉）,勘查技术与工程(钻探工程方向),D
1704,中国地质大学（武汉）,土木工程,D
1705,中国地质大学（武汉）,物理学,D
1706,中国地质大学（武汉）,信息管理与信息系统,D
1707,中国地质大学（武汉）,应用化学,D
1708,中国地质大学（武汉）,资源勘查工程,D
1709,中国地质大学（武汉）,自动化,D
1710,中国地质大学（武汉）,安全工程,D
1711,中国地质大学（武汉）,测绘工程,D
1712,中国地质大学（武汉）,石油工程,D
1713,中国地质大学（武汉）,市场营销,D
1714,中国地质大学（武汉）,土地资源管理,D
1715,中国地质大学（武汉）,地质学类,D
1716,中国地质大学（武汉）,计算机科学与技术,D
1717,湖南大学,金融学类,D
1718,湖南大学,法学,A
1719,湖南大学,法学,D
1720,湖南大学,英语,D
1721,湖南大学,金融学类,D
1722,湖南大学,日语,A
1723,湖南大学,日语,D
1724,湖南大学,新闻传播学类,D
1725,湖南大学,电气工程及其自动化,D
1726,湖南大学,建筑学,B
1727,湖南大学,建筑学,D
1728,湖南大学,信息安全,D
1729,湖南大学,软件工程,D
1730,湖南大学,统计学类,B
1731,湖南大学,统计学类,D
1732,湖南大学,测控技术与仪器,D
1733,湖南大学,会计学,D
1734,湖南大学,数学类,B
1735,湖南大学,数学类,D
1736,湖南大学,经济学类,D
1737,湖南大学,生物医学工程,D
1738,湖南大学,给排水科学与工程,B
1739,湖南大学,给排水科学与工程,D
1740,湖南大学,计算机科学与技术,D
1741,湖南大学,电子商务,D
1742,湖南大学,法学,C
1743,湖南大学,工商管理,D
1744,湖南大学,机械类,D
1745,湖南大学,土木类,C
1746,湖南大学,新闻传播学类,D
1747,湖南大学,应用化学,D
1748,湖南大学,自动化,C
1749,湖南大学,材料科学与工程,D
1750,湖南大学,城乡规划,D
1751,湖南大学,电子科学与技术,C
1752,湖南大学,电子信息工程,D
1753,湖南大学,工业设计,D
1754,湖南大学,国际经济与贸易,C
1755,湖南大学,化学,D
1756,湖南大学,通信工程,D
1757,湖南大学,行政管理,D
1758,湖南大学,化学工程与工艺,D
1759,湖南大学,环境科学与工程类,D
1760,湖南大学,建筑环境与能源应用工程,D
1761,湖南大学,能源与动力工程,D
1762,湖南大学,日语,D
1763,湖南大学,生物技术,D
1764,湖南大学,测控技术与仪器,D
1765,湖南大学,电气工程及其自动化,D
1766,湖南大学,材料科学与工程,D
1767,西南交通大学,交通运输类(茅以升学院),D
1768,西南交通大学,机械类(茅以升学院),A
1769,西南交通大学,机械类(茅以升学院),D
1770,西南交通大学,电子信息类(茅以升学院),D
1771,西南交通大学,建筑学,D
1772,西南交通大学,交通运输类,A
1773,西南交通大学,交通运输类,D
1774,西南交通大学,电气工程及其自动化,D
1775,西南交通大学,通信工程,D
1776,西南交通大学,工程力学,B
1777,西南交通大学,工程力学,D
1778,西南交通大学,电子科学与技术(微电子技术),D
1779,西南交通大学,车辆工程,D
1780,西南交通大学,建筑类,B
1781,西南交通大学,建筑类,D
1782,西南交通大学,材料类(茅以升学院),D
1783,西南交通大学,测绘类(茅以升学院),D
1784,西南交通大学,计算机类,B
1785,西南交通大学,计算机类,D
1786,西南交通大学,电子信息工程,D
1787,西南交通大学,数学与应用数学,D
1788,西南交通大学,经济与贸易类,B
1789,西南交通大学,经济与贸易类,D
1790,西南交通大学,材料类,D
1791,西南交通大学,环境科学与工程类,D
1792,西南交通大学,统计学,C
1793,西南交通大学,测绘类,D
1794,西南交通大学,土木工程,D
1795,西南交通大学,工商管理类,C
1796,西南交通大学,地质工程,D
1797,西南交通大学,轨道交通信号与控制,D
1798,西南交通大学,生物工程,C
1799,西南交通大学,公共事业管理,D
1800,西南交通大学,电子信息科学与技术,D
1801,西南交通大学,物流管理与工程类,C
1802,西南交通大学,外国语言文学类,D
1803,西南大学,经济学类,D
1804,西南大学,经济学类,A
1805,西南大学,经济学类,D
1806,西南大学,法学,D
1807,西南大学,工商管理类,D
1808,西南大学,新闻学,A
1809,西南大学,新闻学,D
1810,西南大学,法学,D
1811,西南大学,工商管理类,D
1812,西南大学,新闻学,B
1813,西南大学,新闻学,D
1814,西南大学,历史学类,D
1815,西南大学,中国语言文学类,D
1816,西南大学,历史学类,B
1817,西南大学,历史学类,D
1818,西南大学,中国语言文学类,D
1819,西南大学,公共管理类,D
1820,西南大学,农业经济管理类,B
1821,西南大学,农业经济管理类,D
1822,西南大学,思想政治教育,D
1823,西南大学,文化产业管理,D
1824,西南大学,公共管理类,B
1825,西南大学,公共管理类,D
1826,西南大学,农业经济管理类,D
1827,西南大学,思想政治教育,D
1828,西南大学,文化产业管理,C
1829,西南大学,汉语言文学,D
1830,西南大学,汉语言文学,D
1831,西南大学,经济学类,C
1832,西南大学,经济学类,D
1833,西南大学,管理科学与工程类,D
1834,西南大学,管理科学与工程类,C
1835,西南大学,特殊教育,D
1836,西南大学,历史学,D
1837,西南大学,英语,C
1838,西南大学,特殊教育,D
1839,西南大学,历史学,D
1840,西南大学,英语,C
1841,西南大学,地理科学,D
1842,西南大学,思想政治教育,D
1843,西南大学,地理科学,D
1844,西南大学,思想政治教育,D
1845,西南大学,数学与应用数学,D
1846,西南大学,数学与应用数学,D
1847,西南大学,数学类,D
1848,西南大学,数学类,D
1849,西南大学,公共管理类,D
1850,西南大学,计算机科学与技术,D
1851,西南大学,公共管理类,D
1852,西南大学,计算机科学与技术,D
1853,西南大学,地理科学,D
1854,西南大学,物理学,D
1855,西南大学,工商管理类,D
1856,西南大学,地理科学,D
1857,西南大学,物理学,D
1858,西南大学,工商管理类,D
1859,西南大学,公共事业管理,D
1860,西南大学,文化产业管理,D
1861,西南大学,公共事业管理,D
1862,西南大学,文化产业管理,D
1863,西南大学,环境科学与工程类,D
1864,西南大学,英语,D
1865,西南大学,环境科学与工程类,D
1866,西南大学,英语,D
1867,西南大学,电气工程及其自动化,D
1868,西南大学,电子信息类,D
1869,西南大学,电气工程及其自动化,D
1870,西南大学,电子信息类,D
1871,西南大学,食品科学与工程类,D
1872,西南大学,物理学,D
1873,西南大学,食品科学与工程类,D
1874,西南大学,物理学,D
1875,西南大学,信息管理与信息系统,D
1876,西南大学,土木类,D
1877,西南大学,生物技术,D
1878,西南大学,信息管理与信息系统,D
1879,西南大学,土木类,D
1880,西南大学,生物技术,D
1881,西南大学,机械类,D
1882,西南大学,风景园林,D
1883,西南大学,生物科学,D
1884,西南大学,机械类,D
1885,西南大学,风景园林,D
1886,西南大学,生物科学,D
1887,西南大学,自然保护与环境生态类,D
1888,西南大学,药学,D
1889,西南大学,植物生产类,D
1890,西南大学,制药工程,D
1891,西南大学,材料类,D
1892,西南大学,动物科学,D
1893,西南大学,自然保护与环境生态类,D
1894,西南大学,药学,D
1895,西南大学,植物生产类,D
1896,西南大学,制药工程,D
1897,西南大学,材料类,D
1898,西南大学,动物科学,D
1899,西南大学,化学,D
1900,西南大学,计算机科学与技术,D
1901,西南大学,化学,D
1902,西南大学,计算机科学与技术,D
1903,西南大学,信息管理与信息系统,D
1904,西南大学,市场营销,D
1905,西南大学,信息管理与信息系统,D
1906,西南大学,市场营销,D
1907,西南大学,水产养殖学,D
1908,西南大学,水产养殖学,D
1909,西南大学,公共事业管理,D
1910,西南大学,动物科学,D
1911,西南大学,公共事业管理,D
1912,西南大学,动物科学,D
1913,西南大学,心理学类(中外合作办学),D
1914,西南大学,动物医学,D
1915,西南大学,心理学类(中外合作办学),D
1916,西南大学,动物医学,D
1917,西南大学,"计算机类(中外合作办学,软件工程)",D
1918,西南大学,"计算机类(中外合作办学,软件工程)",D
1919,西南大学,"计算机类(中外合作办学,计算机科学与技术)",D
1920,西南大学,"计算机类(中外合作办学,计算机科学与技术)",D
1921,西南大学,电子信息类(中外合作办学),D
1922,西南大学,经济学类(中外合作办学),D
1923,西南大学,生物科学类(中外合作办学),D
1924,西南大学,食品科学与工程类(中外合作办学),D
1925,西南大学,自动化类(中外合作办学),D
1926,西南大学,电子信息类(中外合作办学),D
1927,西南大学,经济学类(中外合作办学),D
1928,西南大学,生物科学类(中外合作办学),D
1929,西南大学,食品科学与工程类(中外合作办学),D
1930,西南大学,自动化类(中外合作办学),D
1931,西南大学,计算机科学与技术,D
1932,西南大学,计算机科学与技术,D
1933,西南大学,水族科学与技术,D
1934,西南大学,水族科学与技术,D
1935,西南大学,市场营销,D
1936,西南大学,动物科学,D
1937,西南大学,动物医学(宠物医学方向),D
1938,西南大学,市场营销,D
1939,西南大学,动物科学,D
1940,西南大学,动物医学(宠物医学方向),D
1941,西南大学,动物科学(食品科学方向),D
1942,西南大学,动物科学(食品科学方向),D
1943,西南大学,信息管理与信息系统,D
1944,西南大学,动物医学,D
1945,西南大学,信息管理与信息系统,D
1946,西南大学,动物医学,D
1947,西南财经大学,金融学,D
1948,西南财经大学,金融学,A
1949,西南财经大学,金融学,D
1950,西南财经大学,金融工程,D
1951,西南财经大学,会计学,D
1952,西南财经大学,会计学（双语实验班）,A
1953,西南财经大学,会计学（双语实验班）,D
1954,西南财经大学,工商管理,D
1955,西南财经大学,金融学（证券与期货方向）,D
1956,西南财经大学,法学（法学与会计学双学位班）,B
1957,西南财经大学,法学（法学与会计学双学位班）,D
1958,西南财经大学,财政学,D
1959,西南财经大学,财务管理,D
1960,西南财经大学,数学与应用数学（数学与经济学双学位班）,B
1961,西南财经大学,数学与应用数学（数学与经济学双学位班）,D
1962,西南财经大学,财政学,D
1963,西南财经大学,审计学,D
1964,西南财经大学,财务管理,B
1965,西南财经大学,财务管理,D
1966,西南财经大学,会计学,D
1967,西南财经大学,保险学,D
1968,西南财经大学,审计学,B
1969,西南财经大学,审计学,D
1970,西南财经大学,会计学（双语实验班）,D
1971,西南财经大学,金融学（证券与期货方向）,D
1972,西南财经大学,法学（法学与会计学双学位班）,C
1973,西南财经大学,金融学（双语实验班）,D
1974,西南财经大学,劳动与社会保障,D
1975,西南财经大学,信用管理,C
1976,西南财经大学,金融学（双语实验班）,D
1977,西南财经大学,税收学,D
1978,西南财经大学,金融数学,C
1979,西南财经大学,保险学,D
1980,西南财经大学,工商管理,D
1981,西南财经大学,市场营销,C
1982,西南财经大学,信息管理与信息系统（商务智能方向）,D
1983,西南财经大学,保险学（财务与会计双语实验班）,D
1984,西南财经大学,电子商务（支付结算方向）,C
1985,西南财经大学,会计学（注册会计师专门化方向）,D
1986,西南财经大学,旅游管理,D
1987,西南财经大学,电子商务（支付结算方向）,D
1988,西南财经大学,国际商务（双语实验班）,D
1989,西南财经大学,经济统计学,D
1990,西南财经大学,物流管理,D
1991,西南财经大学,行政管理,D
1992,西南财经大学,工商管理（双语实验班）,D
1993,西南财经大学,新闻学（经济新闻方向）,D
1994,西南财经大学,英语（翻译方向）,D
1995,西南财经大学,国际经济与贸易（双语实验班）,D
1996,西南财经大学,旅游管理,D
1997,西南财经大学,行政管理,D
1998,西南财经大学,人力资源管理,D
1999,西南财经大学,商务英语,D
2000,西南财经大学,汉语言文学（财经文秘方向）,D
2001,西南财经大学,法学,D
2002,西南财经大学,管理科学,D
2003,西南财经大学,税收学,D
2004,西南财经大学,人力资源管理,D
2005,西南财经大学,国际商务（双语实验班）,D
2006,西南财经大学,英语（翻译方向）,D
2007,西南财经大学,汉语言文学（财经文秘方向）,D
2008,西南财经大学,法学,D
2009,西南财经大学,劳动与社会保障,D
2010,西南财经大学,保险学（财务与会计双语实验班）,D
2011,西南财经大学,市场营销,D
2012,西南财经大学,工商管理（双语实验班）,D
2013,西南财经大学,计算机科学与技术（金融信息化方向）,D
2014,西南财经大学,新闻学（经济新闻方向）,D
2015,西南财经大学,保险学（精算双语实验班）,D
2016,西南财经大学,投资学,D
2017,西南财经大学,财务管理（双语实验班）,D
2018,西南财经大学,信息管理与信息系统（商务智能方向）,D
2019,西南财经大学,商务英语,D
2020,西南财经大学,统计学,D
2021,西南财经大学,国际经济与贸易（双语实验班）,D
2022,西北大学,新闻传播学类,D
2023,西北大学,汉语言文学,A
2024,西北大学,汉语言文学,D
2025,西北大学,历史学类,D
2026,西北大学,英语,D
2027,西北大学,日语,A
2028,西北大学,日语,D
2029,西北大学,公共管理类,D
2030,西北大学,社会工作,D
2031,西北大学,金融工程,B
2032,西北大学,金融工程,D
2033,西北大学,工商管理类,D
2034,西北大学,软件工程,D
2035,西北大学,电子信息类,B
2036,西北大学,电子信息类,D
2037,西北大学,化学类,D
2038,西北大学,光电信息科学与工程,D
2039,西北大学,管理科学,B
2040,西北大学,管理科学,D
2041,西北大学,过程装备与控制工程,D
2042,西北大学,地理信息科学,D
2043,西北大学,资源勘查工程,B
2044,西北大学,资源勘查工程,D
2045,西北大学,制药工程,D
2046,西北大学,电子信息类(中外合作办学),D
2047,西安电子科技大学,通信工程,D
2048,西安电子科技大学,电子信息工程,A
2049,西安电子科技大学,电子信息工程,D
2050,西安电子科技大学,信息工程,D
2051,西安电子科技大学,信息安全,D
2052,西安电子科技大学,计算机科学与技术,A
2053,西安电子科技大学,计算机科学与技术,D
2054,西安电子科技大学,电子科学与技术,D
2055,西安电子科技大学,智能科学与技术,D
2056,西安电子科技大学,电子信息科学与技术,B
2057,西安电子科技大学,电子信息科学与技术,D
2058,西安电子科技大学,网络工程,D
2059,西安电子科技大学,信息对抗技术,D
2060,西安电子科技大学,电气工程及其自动化,B
2061,西安电子科技大学,电气工程及其自动化,D
2062,西安电子科技大学,空间信息与数字技术,D
2063,西安电子科技大学,物联网工程,D
2064,西安电子科技大学,机械设计制造及其自动化,B
2065,西安电子科技大学,机械设计制造及其自动化,D
2066,西安电子科技大学,微电子科学与工程,D
2067,西安电子科技大学,电磁场与无线技术,D
2068,西安电子科技大学,自动化,B
2069,西安电子科技大学,自动化,D
2070,西安电子科技大学,软件工程,D
2071,西安电子科技大学,集成电路设计与集成系统,D
2072,西安电子科技大学,测控技术与仪器,C
2073,西安电子科技大学,光电信息科学与工程,D
2074,西安电子科技大学,电波传播与天线,D
2075,西安电子科技大学,空间科学与技术,C
2076,西安电子科技大学,遥感科学与技术,D
2077,西安电子科技大学,应用物理学,D
2078,西安电子科技大学,统计学,C
2079,西安电子科技大学,生物医学工程,D
2080,西安电子科技大学,探测制导与控制技术,D
2081,西安电子科技大学,管理科学与工程类（理）,C
2082,西安电子科技大学,工业设计,D
2083,西安电子科技大学,生物技术,D
2084,西安电子科技大学,应用化学,C
2085,西安电子科技大学,管理科学与工程类（文）,D
2086,西安电子科技大学,汉语言文学,D
2087,西安电子科技大学,英语,D
2088,西安电子科技大学,日语,D
2089,西安电子科技大学,哲学,D
2090,西安电子科技大学,翻译,D
2091,长安大学,法学类,D
2092,长安大学,建筑类,A
2093,长安大学,建筑类,D
2094,长安大学,英语,D
2095,长安大学,公共管理类,D
2096,长安大学,新闻传播学类,A
2097,长安大学,新闻传播学类,D
2098,长安大学,道路桥梁与渡河工程（国际工程班）,D
2099,长安大学,车辆工程,D
2100,长安大学,道路桥梁与渡河工程,B
2101,长安大学,道路桥梁与渡河工程,D
2102,长安大学,交通工程,D
2103,长安大学,交通工程（国际工程班）,D
2104,长安大学,电气工程及其自动化,B
2105,长安大学,电气工程及其自动化,D
2106,长安大学,经济学类,D
2107,长安大学,电子信息类,D
2108,长安大学,自动化,B
2109,长安大学,自动化,D
2110,长安大学,能源与动力工程,D
2111,长安大学,机械类,D
2112,长安大学,计算机类,B
2113,长安大学,计算机类,D
2114,长安大学,水利类,D
2115,长安大学,交通运输类,D
2116,长安大学,工商管理类,C
2117,长安大学,环境科学与工程类,D
2118,长安大学,计算机类,D
2119,长安大学,管理科学与工程类,C
2120,长安大学,地质工程,D
2121,长安大学,安全工程,D
2122,长安大学,建筑类,C
2123,长安大学,工程力学,D
2124,长安大学,数学类,D
2125,长安大学,测绘类,C
2126,长安大学,地质类,D
2127,长安大学,地质学类,D
2128,长安大学,矿物加工工程,C
2129,长安大学,土地整治工程,D
2130,长安大学,土地资源管理,D
2131,长安大学,土木类,D
2132,长安大学,化学工程与工艺,D
2133,长安大学,材料类,D
2134,长安大学,矿物加工工程,D
2135,长安大学,地质工程,D
2136,兰州大学,工商管理类,D
2137,兰州大学,经济学基地班,A
2138,兰州大学,经济学基地班,D
2139,兰州大学,社会学,D
2140,兰州大学,法学,D
2141,兰州大学,英语,A
2142,兰州大学,英语,D
2143,兰州大学,新闻传播学类,D
2144,兰州大学,历史学类,D
2145,兰州大学,汉语言文学,B
2146,兰州大学,汉语言文学,D
2147,兰州大学,法语,D
2148,兰州大学,广告学,D
2149,兰州大学,哲学,B
2150,兰州大学,哲学,D
2151,兰州大学,知识产权,D
2152,兰州大学,思想政治教育,D
2153,兰州大学,日语,B
2154,兰州大学,日语,D
2155,兰州大学,汉语言文学(戏剧影视文学),D
2156,兰州大学,俄语,D
2157,兰州大学,口腔医学,B
2158,兰州大学,口腔医学,D
2159,兰州大学,理论与应用力学基地班,D
2160,兰州大学,电子信息类,D
2161,兰州大学,物理学类,C
2162,兰州大学,临床医学,D
2163,兰州大学,经济学类,D
2164,兰州大学,计算机类,C
2165,兰州大学,化学类,D
2166,兰州大学,核科学与技术基地班(原子核物理),D
2167,兰州大学,土木工程,C
2168,兰州大学,核科学与技术基地班(原子核物理与核技术方向),D
2169,兰州大学,数学类,D
2170,兰州大学,麻醉学,C
2171,兰州大学,核工程类,D
2172,兰州大学,环境科学与工程类,D
2173,兰州大学,生物科学类,C
2174,兰州大学,农林经济管理,D
2175,兰州大学,工商管理类,D
2176,兰州大学,医学检验技术,D
2177,兰州大学,公共事业管理（卫生事业管理）,D
2178,兰州大学,预防医学,D
2179,兰州大学,药学,D
2180,兰州大学,水利类,D
2181,兰州大学,草业科学基地班,D
2182,兰州大学,大气科学类,D
2183,兰州大学,地理科学类,D
2184,兰州大学,地质工程,D
2185,兰州大学,地质学类,D
2186,兰州大学,公共事业管理(卫生事业管理方向),D
2187,兰州大学,护理学,D
2188,兰州大学,临床医学,D
