rank,province,category,college
19,湖南,文科,清华大学
4,湖南,文科,清华大学
20,湖南,文科,清华大学
8,湖南,文科,清华大学
17,湖南,文科,清华大学
17,湖南,文科,清华大学
7,湖南,文科,清华大学
17,湖南,文科,清华大学
7,湖南,文科,清华大学
10,湖南,文科,清华大学
17,湖南,文科,清华大学
11,湖南,文科,清华大学
1,湖南,文科,清华大学
11,湖南,文科,清华大学
16,湖南,文科,清华大学
15,湖南,文科,清华大学
2,湖南,文科,清华大学
13,湖南,文科,清华大学
16,湖南,文科,清华大学
7,湖南,文科,清华大学
3,广东,文科,清华大学
2,广东,文科,清华大学
4,广东,文科,清华大学
2,广东,文科,清华大学
2,广东,文科,清华大学
6,广西,文科,清华大学
2,广西,文科,清华大学
2,广西,文科,清华大学
4,广西,文科,清华大学
1,广西,文科,清华大学
7,广西,文科,清华大学
5,广西,文科,清华大学
8,广西,文科,清华大学
4,广西,文科,清华大学
8,海南,文科,清华大学
1,海南,文科,清华大学
3,海南,文科,清华大学
1,海南,文科,清华大学
2,海南,文科,清华大学
3,海南,文科,清华大学
8,海南,文科,清华大学
8,海南,文科,清华大学
8,海南,文科,清华大学
2,重庆,文科,清华大学
3,重庆,文科,清华大学
1,重庆,文科,清华大学
3,重庆,文科,清华大学
5,重庆,文科,清华大学
9,四川,文科,清华大学
2,四川,文科,清华大学
5,四川,文科,清华大学
5,四川,文科,清华大学
8,四川,文科,清华大学
8,四川,文科,清华大学
4,四川,文科,清华大学
6,四川,文科,清华大学
1,四川,文科,清华大学
5,四川,文科,清华大学
2,贵州,文科,清华大学
4,贵州,文科,清华大学
3,贵州,文科,清华大学
4,贵州,文科,清华大学
1,贵州,文科,清华大学
6,云南,文科,清华大学
6,云南,文科,清华大学
2,云南,文科,清华大学
8,云南,文科,清华大学
8,云南,文科,清华大学
5,云南,文科,清华大学
1,云南,文科,清华大学
2,云南,文科,清华大学
3,云南,文科,清华大学
9,云南,文科,清华大学
1,西藏,文科,清华大学
2,西藏,文科,清华大学
1,西藏,文科,清华大学
19,陕西,文科,清华大学
3,陕西,文科,清华大学
7,陕西,文科,清华大学
1,陕西,文科,清华大学
15,陕西,文科,清华大学
16,陕西,文科,清华大学
2,陕西,文科,清华大学
20,陕西,文科,清华大学
5,陕西,文科,清华大学
4,陕西,文科,清华大学
8,陕西,文科,清华大学
9,陕西,文科,清华大学
4,陕西,文科,清华大学
12,陕西,文科,清华大学
9,陕西,文科,清华大学
12,陕西,文科,清华大学
7,陕西,文科,清华大学
20,陕西,文科,清华大学
13,陕西,文科,清华大学
15,陕西,文科,清华大学
10,陕西,文科,清华大学
18,陕西,文科,清华大学
13,陕西,文科,清华大学
19,陕西,文科,清华大学
8,陕西,文科,清华大学
8,甘肃,文科,清华大学
9,甘肃,文科,清华大学
15,甘肃,文科,清华大学
12,甘肃,文科,清华大学
11,甘肃,文科,清华大学
6,甘肃,文科,清华大学
5,甘肃,文科,清华大学
12,甘肃,文科,清华大学
12,甘肃,文科,清华大学
1,甘肃,文科,清华大学
1,甘肃,文科,清华大学
16,甘肃,文科,清华大学
17,甘肃,文科,清华大学
20,甘肃,文科,清华大学
18,甘肃,文科,清华大学
8,甘肃,文科,清华大学
17,甘肃,文科,清华大学
1,甘肃,文科,清华大学
20,甘肃,文科,清华大学
9,甘肃,文科,清华大学
2,青海,文科,清华大学
9,青海,文科,清华大学
8,青海,文科,清华大学
4,青海,文科,清华大学
2,青海,文科,清华大学
9,青海,文科,清华大学
1,青海,文科,清华大学
5,青海,文科,清华大学
8,青海,文科,清华大学
5,青海,文科,清华大学
5,宁夏,文科,清华大学
2,宁夏,文科,清华大学
1,宁夏,文科,清华大学
4,宁夏,文科,清华大学
5,宁夏,文科,清华大学
30,新疆,文科,清华大学
22,新疆,文科,清华大学
14,新疆,文科,清华大学
6,新疆,文科,清华大学
2,新疆,文科,清华大学
10,新疆,文科,清华大学
23,新疆,文科,清华大学
8,新疆,文科,清华大学
24,新疆,文科,清华大学
23,新疆,文科,清华大学
9,新疆,文科,清华大学
8,新疆,文科,清华大学
18,新疆,文科,清华大学
2,新疆,文科,清华大学
3,新疆,文科,清华大学
9,新疆,文科,清华大学
1,新疆,文科,清华大学
15,新疆,文科,清华大学
4,新疆,文科,清华大学
17,新疆,文科,清华大学
14,新疆,文科,清华大学
30,新疆,文科,清华大学
2,新疆,文科,清华大学
10,新疆,文科,清华大学
25,新疆,文科,清华大学
29,新疆,文科,清华大学
20,新疆,文科,清华大学
21,新疆,文科,清华大学
14,新疆,文科,清华大学
16,新疆,文科,清华大学
31,北京,文科,清华大学
13,北京,文科,清华大学
20,北京,文科,清华大学
31,北京,文科,清华大学
29,北京,文科,清华大学
6,北京,文科,清华大学
26,北京,文科,清华大学
28,北京,文科,清华大学
7,北京,文科,清华大学
6,北京,文科,清华大学
23,北京,文科,清华大学
26,北京,文科,清华大学
6,北京,文科,清华大学
9,北京,文科,清华大学
11,北京,文科,清华大学
31,北京,文科,清华大学
2,北京,文科,清华大学
31,北京,文科,清华大学
21,北京,文科,清华大学
24,北京,文科,清华大学
1,北京,文科,清华大学
30,北京,文科,清华大学
16,北京,文科,清华大学
25,北京,文科,清华大学
22,北京,文科,清华大学
2,北京,文科,清华大学
4,北京,文科,清华大学
3,北京,文科,清华大学
5,北京,文科,清华大学
16,北京,文科,清华大学
12,北京,文科,清华大学
6,天津,文科,清华大学
8,天津,文科,清华大学
9,天津,文科,清华大学
8,天津,文科,清华大学
4,天津,文科,清华大学
3,天津,文科,清华大学
2,天津,文科,清华大学
11,天津,文科,清华大学
10,天津,文科,清华大学
5,天津,文科,清华大学
4,天津,文科,清华大学
5,河北,文科,清华大学
11,河北,文科,清华大学
6,河北,文科,清华大学
9,河北,文科,清华大学
5,河北,文科,清华大学
1,河北,文科,清华大学
8,河北,文科,清华大学
8,河北,文科,清华大学
10,河北,文科,清华大学
10,河北,文科,清华大学
1,河北,文科,清华大学
8,河北,文科,清华大学
1,山西,文科,清华大学
2,山西,文科,清华大学
5,山西,文科,清华大学
5,山西,文科,清华大学
5,山西,文科,清华大学
2,内蒙古,文科,清华大学
1,内蒙古,文科,清华大学
1,内蒙古,文科,清华大学
19,辽宁,文科,清华大学
2,辽宁,文科,清华大学
9,辽宁,文科,清华大学
17,辽宁,文科,清华大学
18,辽宁,文科,清华大学
11,辽宁,文科,清华大学
13,辽宁,文科,清华大学
12,辽宁,文科,清华大学
5,辽宁,文科,清华大学
13,辽宁,文科,清华大学
20,辽宁,文科,清华大学
1,辽宁,文科,清华大学
20,辽宁,文科,清华大学
16,辽宁,文科,清华大学
19,辽宁,文科,清华大学
20,辽宁,文科,清华大学
2,辽宁,文科,清华大学
1,辽宁,文科,清华大学
13,辽宁,文科,清华大学
1,辽宁,文科,清华大学
13,吉林,文科,清华大学
5,吉林,文科,清华大学
1,吉林,文科,清华大学
11,吉林,文科,清华大学
15,吉林,文科,清华大学
1,吉林,文科,清华大学
6,吉林,文科,清华大学
9,吉林,文科,清华大学
4,吉林,文科,清华大学
14,吉林,文科,清华大学
4,吉林,文科,清华大学
20,吉林,文科,清华大学
16,吉林,文科,清华大学
9,吉林,文科,清华大学
10,吉林,文科,清华大学
6,吉林,文科,清华大学
13,吉林,文科,清华大学
2,吉林,文科,清华大学
11,吉林,文科,清华大学
11,吉林,文科,清华大学
28,黑龙江,文科,清华大学
27,黑龙江,文科,清华大学
15,黑龙江,文科,清华大学
7,黑龙江,文科,清华大学
29,黑龙江,文科,清华大学
7,黑龙江,文科,清华大学
30,黑龙江,文科,清华大学
14,黑龙江,文科,清华大学
3,黑龙江,文科,清华大学
8,黑龙江,文科,清华大学
22,黑龙江,文科,清华大学
9,黑龙江,文科,清华大学
2,黑龙江,文科,清华大学
13,黑龙江,文科,清华大学
18,黑龙江,文科,清华大学
19,黑龙江,文科,清华大学
20,黑龙江,文科,清华大学
19,黑龙江,文科,清华大学
1,黑龙江,文科,清华大学
13,黑龙江,文科,清华大学
4,黑龙江,文科,清华大学
6,黑龙江,文科,清华大学
32,黑龙江,文科,清华大学
9,黑龙江,文科,清华大学
9,黑龙江,文科,清华大学
4,黑龙江,文科,清华大学
5,黑龙江,文科,清华大学
23,黑龙江,文科,清华大学
15,黑龙江,文科,清华大学
15,黑龙江,文科,清华大学
15,黑龙江,文科,清华大学
26,黑龙江,文科,清华大学
3,江苏,文科,清华大学
11,江苏,文科,清华大学
13,江苏,文科,清华大学
13,江苏,文科,清华大学
8,江苏,文科,清华大学
12,江苏,文科,清华大学
13,江苏,文科,清华大学
4,江苏,文科,清华大学
11,江苏,文科,清华大学
3,江苏,文科,清华大学
11,江苏,文科,清华大学
11,江苏,文科,清华大学
1,江苏,文科,清华大学
10,江苏,文科,清华大学
1,江苏,文科,清华大学
11,江苏,文科,清华大学
28,安徽,文科,清华大学
2,安徽,文科,清华大学
19,安徽,文科,清华大学
12,安徽,文科,清华大学
1,安徽,文科,清华大学
16,安徽,文科,清华大学
13,安徽,文科,清华大学
8,安徽,文科,清华大学
2,安徽,文科,清华大学
11,安徽,文科,清华大学
7,安徽,文科,清华大学
16,安徽,文科,清华大学
3,安徽,文科,清华大学
14,安徽,文科,清华大学
15,安徽,文科,清华大学
12,安徽,文科,清华大学
3,安徽,文科,清华大学
4,安徽,文科,清华大学
3,安徽,文科,清华大学
3,安徽,文科,清华大学
9,安徽,文科,清华大学
24,安徽,文科,清华大学
5,安徽,文科,清华大学
17,安徽,文科,清华大学
15,安徽,文科,清华大学
30,安徽,文科,清华大学
20,安徽,文科,清华大学
7,安徽,文科,清华大学
5,安徽,文科,清华大学
3,安徽,文科,清华大学
3,福建,文科,清华大学
14,福建,文科,清华大学
2,福建,文科,清华大学
26,福建,文科,清华大学
19,福建,文科,清华大学
6,福建,文科,清华大学
14,福建,文科,清华大学
6,福建,文科,清华大学
29,福建,文科,清华大学
19,福建,文科,清华大学
27,福建,文科,清华大学
22,福建,文科,清华大学
10,福建,文科,清华大学
1,福建,文科,清华大学
4,福建,文科,清华大学
27,福建,文科,清华大学
30,福建,文科,清华大学
22,福建,文科,清华大学
23,福建,文科,清华大学
10,福建,文科,清华大学
14,福建,文科,清华大学
8,福建,文科,清华大学
28,福建,文科,清华大学
4,福建,文科,清华大学
7,福建,文科,清华大学
1,福建,文科,清华大学
15,福建,文科,清华大学
6,福建,文科,清华大学
7,福建,文科,清华大学
1,福建,文科,清华大学
5,江西,文科,清华大学
17,江西,文科,清华大学
3,江西,文科,清华大学
7,江西,文科,清华大学
3,江西,文科,清华大学
8,江西,文科,清华大学
7,江西,文科,清华大学
11,江西,文科,清华大学
6,江西,文科,清华大学
6,江西,文科,清华大学
9,江西,文科,清华大学
6,江西,文科,清华大学
11,江西,文科,清华大学
3,江西,文科,清华大学
17,江西,文科,清华大学
4,江西,文科,清华大学
5,江西,文科,清华大学
7,江西,文科,清华大学
12,江西,文科,清华大学
5,江西,文科,清华大学
2,山东,文科,清华大学
1,山东,文科,清华大学
1,山东,文科,清华大学
3,山东,文科,清华大学
1,山东,文科,清华大学
124,河南,文科,清华大学
57,河南,文科,清华大学
114,河南,文科,清华大学
28,河南,文科,清华大学
54,河南,文科,清华大学
46,河南,文科,清华大学
6,河南,文科,清华大学
40,河南,文科,清华大学
62,河南,文科,清华大学
99,河南,文科,清华大学
22,河南,文科,清华大学
32,河南,文科,清华大学
40,河南,文科,清华大学
39,河南,文科,清华大学
65,河南,文科,清华大学
15,河南,文科,清华大学
91,河南,文科,清华大学
22,河南,文科,清华大学
89,河南,文科,清华大学
100,河南,文科,清华大学
39,河南,文科,清华大学
93,河南,文科,清华大学
124,河南,文科,清华大学
38,河南,文科,清华大学
1,河南,文科,清华大学
35,河南,文科,清华大学
89,河南,文科,清华大学
71,河南,文科,清华大学
82,河南,文科,清华大学
96,河南,文科,清华大学
122,河南,文科,清华大学
42,河南,文科,清华大学
116,河南,文科,清华大学
55,河南,文科,清华大学
121,河南,文科,清华大学
50,河南,文科,清华大学
61,河南,文科,清华大学
72,河南,文科,清华大学
108,河南,文科,清华大学
52,河南,文科,清华大学
92,河南,文科,清华大学
34,河南,文科,清华大学
96,河南,文科,清华大学
29,河南,文科,清华大学
98,河南,文科,清华大学
81,河南,文科,清华大学
90,河南,文科,清华大学
98,河南,文科,清华大学
45,河南,文科,清华大学
55,河南,文科,清华大学
51,河南,文科,清华大学
37,河南,文科,清华大学
55,河南,文科,清华大学
95,河南,文科,清华大学
16,河南,文科,清华大学
22,河南,文科,清华大学
55,河南,文科,清华大学
39,河南,文科,清华大学
3,河南,文科,清华大学
2,河南,文科,清华大学
109,河南,文科,清华大学
118,河南,文科,清华大学
49,河南,文科,清华大学
88,河南,文科,清华大学
55,河南,文科,清华大学
13,河南,文科,清华大学
91,河南,文科,清华大学
57,河南,文科,清华大学
119,河南,文科,清华大学
25,河南,文科,清华大学
105,河南,文科,清华大学
72,河南,文科,清华大学
11,河南,文科,清华大学
100,河南,文科,清华大学
59,河南,文科,清华大学
72,河南,文科,清华大学
116,河南,文科,清华大学
59,河南,文科,清华大学
33,河南,文科,清华大学
54,河南,文科,清华大学
28,河南,文科,清华大学
7,河南,文科,清华大学
42,河南,文科,清华大学
33,河南,文科,清华大学
40,河南,文科,清华大学
123,河南,文科,清华大学
6,河南,文科,清华大学
67,河南,文科,清华大学
69,河南,文科,清华大学
3,河南,文科,清华大学
9,河南,文科,清华大学
58,河南,文科,清华大学
6,河南,文科,清华大学
39,河南,文科,清华大学
41,河南,文科,清华大学
72,河南,文科,清华大学
68,河南,文科,清华大学
48,河南,文科,清华大学
86,河南,文科,清华大学
41,河南,文科,清华大学
50,河南,文科,清华大学
8,河南,文科,清华大学
42,河南,文科,清华大学
58,河南,文科,清华大学
64,河南,文科,清华大学
98,河南,文科,清华大学
106,河南,文科,清华大学
118,河南,文科,清华大学
121,河南,文科,清华大学
44,河南,文科,清华大学
104,河南,文科,清华大学
39,河南,文科,清华大学
106,河南,文科,清华大学
35,河南,文科,清华大学
67,河南,文科,清华大学
88,河南,文科,清华大学
15,河南,文科,清华大学
81,河南,文科,清华大学
55,河南,文科,清华大学
121,河南,文科,清华大学
14,河南,文科,清华大学
95,河南,文科,清华大学
117,河南,文科,清华大学
116,河南,文科,清华大学
77,河南,文科,清华大学
12,湖北,文科,清华大学
15,湖北,文科,清华大学
17,湖北,文科,清华大学
8,湖北,文科,清华大学
9,湖北,文科,清华大学
20,湖北,文科,清华大学
2,湖北,文科,清华大学
3,湖北,文科,清华大学
4,湖北,文科,清华大学
15,湖北,文科,清华大学
4,湖北,文科,清华大学
18,湖北,文科,清华大学
16,湖北,文科,清华大学
18,湖北,文科,清华大学
10,湖北,文科,清华大学
12,湖北,文科,清华大学
14,湖北,文科,清华大学
9,湖北,文科,清华大学
16,湖北,文科,清华大学
14,湖北,文科,清华大学
62,湖南,文科,北京大学
27,湖南,文科,北京大学
10,湖南,文科,北京大学
45,湖南,文科,北京大学
22,湖南,文科,北京大学
34,湖南,文科,北京大学
17,湖南,文科,北京大学
70,湖南,文科,北京大学
17,湖南,文科,北京大学
7,湖南,文科,北京大学
33,湖南,文科,北京大学
55,湖南,文科,北京大学
43,湖南,文科,北京大学
65,湖南,文科,北京大学
38,湖南,文科,北京大学
29,湖南,文科,北京大学
13,湖南,文科,北京大学
17,湖南,文科,北京大学
8,湖南,文科,北京大学
50,湖南,文科,北京大学
67,湖南,文科,北京大学
21,湖南,文科,北京大学
64,湖南,文科,北京大学
8,湖南,文科,北京大学
15,湖南,文科,北京大学
3,湖南,文科,北京大学
25,湖南,文科,北京大学
53,湖南,文科,北京大学
6,湖南,文科,北京大学
65,湖南,文科,北京大学
1,湖南,文科,北京大学
32,湖南,文科,北京大学
13,湖南,文科,北京大学
11,湖南,文科,北京大学
10,湖南,文科,北京大学
61,湖南,文科,北京大学
29,湖南,文科,北京大学
67,湖南,文科,北京大学
63,湖南,文科,北京大学
49,湖南,文科,北京大学
2,湖南,文科,北京大学
64,湖南,文科,北京大学
19,湖南,文科,北京大学
45,湖南,文科,北京大学
69,湖南,文科,北京大学
12,湖南,文科,北京大学
15,湖南,文科,北京大学
12,湖南,文科,北京大学
50,湖南,文科,北京大学
59,湖南,文科,北京大学
10,湖南,文科,北京大学
41,湖南,文科,北京大学
42,湖南,文科,北京大学
33,湖南,文科,北京大学
41,湖南,文科,北京大学
47,湖南,文科,北京大学
41,湖南,文科,北京大学
58,湖南,文科,北京大学
7,湖南,文科,北京大学
21,湖南,文科,北京大学
19,湖南,文科,北京大学
21,湖南,文科,北京大学
5,湖南,文科,北京大学
46,湖南,文科,北京大学
37,湖南,文科,北京大学
46,湖南,文科,北京大学
10,湖南,文科,北京大学
15,湖南,文科,北京大学
10,湖南,文科,北京大学
16,湖南,文科,北京大学
7,广东,文科,北京大学
12,广东,文科,北京大学
24,广东,文科,北京大学
30,广东,文科,北京大学
8,广东,文科,北京大学
4,广东,文科,北京大学
17,广东,文科,北京大学
13,广东,文科,北京大学
21,广东,文科,北京大学
24,广东,文科,北京大学
2,广东,文科,北京大学
17,广东,文科,北京大学
26,广东,文科,北京大学
30,广东,文科,北京大学
27,广东,文科,北京大学
18,广东,文科,北京大学
23,广东,文科,北京大学
21,广东,文科,北京大学
3,广东,文科,北京大学
8,广东,文科,北京大学
8,广东,文科,北京大学
7,广东,文科,北京大学
23,广东,文科,北京大学
8,广东,文科,北京大学
21,广东,文科,北京大学
25,广东,文科,北京大学
23,广东,文科,北京大学
7,广东,文科,北京大学
27,广东,文科,北京大学
19,广东,文科,北京大学
8,广西,文科,北京大学
16,广西,文科,北京大学
8,广西,文科,北京大学
10,广西,文科,北京大学
3,广西,文科,北京大学
6,广西,文科,北京大学
3,广西,文科,北京大学
11,广西,文科,北京大学
17,广西,文科,北京大学
5,广西,文科,北京大学
8,广西,文科,北京大学
18,广西,文科,北京大学
2,广西,文科,北京大学
18,广西,文科,北京大学
9,广西,文科,北京大学
15,广西,文科,北京大学
10,广西,文科,北京大学
14,广西,文科,北京大学
4,海南,文科,北京大学
4,海南,文科,北京大学
5,海南,文科,北京大学
5,海南,文科,北京大学
1,海南,文科,北京大学
6,海南,文科,北京大学
1,海南,文科,北京大学
3,海南,文科,北京大学
1,重庆,文科,北京大学
1,重庆,文科,北京大学
3,重庆,文科,北京大学
2,重庆,文科,北京大学
2,重庆,文科,北京大学
57,四川,文科,北京大学
32,四川,文科,北京大学
48,四川,文科,北京大学
9,四川,文科,北京大学
60,四川,文科,北京大学
13,四川,文科,北京大学
44,四川,文科,北京大学
36,四川,文科,北京大学
58,四川,文科,北京大学
3,四川,文科,北京大学
29,四川,文科,北京大学
6,四川,文科,北京大学
56,四川,文科,北京大学
16,四川,文科,北京大学
34,四川,文科,北京大学
48,四川,文科,北京大学
25,四川,文科,北京大学
28,四川,文科,北京大学
39,四川,文科,北京大学
23,四川,文科,北京大学
56,四川,文科,北京大学
6,四川,文科,北京大学
7,四川,文科,北京大学
17,四川,文科,北京大学
54,四川,文科,北京大学
24,四川,文科,北京大学
28,四川,文科,北京大学
59,四川,文科,北京大学
10,四川,文科,北京大学
53,四川,文科,北京大学
17,四川,文科,北京大学
27,四川,文科,北京大学
54,四川,文科,北京大学
12,四川,文科,北京大学
14,四川,文科,北京大学
42,四川,文科,北京大学
21,四川,文科,北京大学
3,四川,文科,北京大学
46,四川,文科,北京大学
3,四川,文科,北京大学
53,四川,文科,北京大学
34,四川,文科,北京大学
7,四川,文科,北京大学
37,四川,文科,北京大学
14,四川,文科,北京大学
58,四川,文科,北京大学
31,四川,文科,北京大学
9,四川,文科,北京大学
18,四川,文科,北京大学
6,四川,文科,北京大学
49,四川,文科,北京大学
30,四川,文科,北京大学
27,四川,文科,北京大学
36,四川,文科,北京大学
10,四川,文科,北京大学
28,四川,文科,北京大学
20,四川,文科,北京大学
34,四川,文科,北京大学
27,四川,文科,北京大学
22,四川,文科,北京大学
3,贵州,文科,北京大学
20,贵州,文科,北京大学
4,贵州,文科,北京大学
5,贵州,文科,北京大学
27,贵州,文科,北京大学
26,贵州,文科,北京大学
17,贵州,文科,北京大学
5,贵州,文科,北京大学
20,贵州,文科,北京大学
6,贵州,文科,北京大学
23,贵州,文科,北京大学
18,贵州,文科,北京大学
25,贵州,文科,北京大学
18,贵州,文科,北京大学
1,贵州,文科,北京大学
15,贵州,文科,北京大学
22,贵州,文科,北京大学
4,贵州,文科,北京大学
13,贵州,文科,北京大学
12,贵州,文科,北京大学
21,贵州,文科,北京大学
27,贵州,文科,北京大学
18,贵州,文科,北京大学
2,贵州,文科,北京大学
20,贵州,文科,北京大学
2,贵州,文科,北京大学
8,贵州,文科,北京大学
18,云南,文科,北京大学
25,云南,文科,北京大学
30,云南,文科,北京大学
12,云南,文科,北京大学
29,云南,文科,北京大学
3,云南,文科,北京大学
15,云南,文科,北京大学
27,云南,文科,北京大学
18,云南,文科,北京大学
24,云南,文科,北京大学
10,云南,文科,北京大学
7,云南,文科,北京大学
1,云南,文科,北京大学
1,云南,文科,北京大学
13,云南,文科,北京大学
12,云南,文科,北京大学
20,云南,文科,北京大学
11,云南,文科,北京大学
12,云南,文科,北京大学
15,云南,文科,北京大学
19,云南,文科,北京大学
1,云南,文科,北京大学
25,云南,文科,北京大学
8,云南,文科,北京大学
4,云南,文科,北京大学
26,云南,文科,北京大学
16,云南,文科,北京大学
27,云南,文科,北京大学
24,云南,文科,北京大学
24,云南,文科,北京大学
6,西藏,文科,北京大学
3,西藏,文科,北京大学
1,西藏,文科,北京大学
1,西藏,文科,北京大学
4,西藏,文科,北京大学
3,西藏,文科,北京大学
43,陕西,文科,北京大学
31,陕西,文科,北京大学
52,陕西,文科,北京大学
34,陕西,文科,北京大学
42,陕西,文科,北京大学
50,陕西,文科,北京大学
42,陕西,文科,北京大学
7,陕西,文科,北京大学
22,陕西,文科,北京大学
31,陕西,文科,北京大学
23,陕西,文科,北京大学
42,陕西,文科,北京大学
14,陕西,文科,北京大学
22,陕西,文科,北京大学
14,陕西,文科,北京大学
42,陕西,文科,北京大学
6,陕西,文科,北京大学
45,陕西,文科,北京大学
53,陕西,文科,北京大学
55,陕西,文科,北京大学
46,陕西,文科,北京大学
16,陕西,文科,北京大学
15,陕西,文科,北京大学
49,陕西,文科,北京大学
8,陕西,文科,北京大学
38,陕西,文科,北京大学
50,陕西,文科,北京大学
17,陕西,文科,北京大学
42,陕西,文科,北京大学
23,陕西,文科,北京大学
32,陕西,文科,北京大学
40,陕西,文科,北京大学
2,陕西,文科,北京大学
26,陕西,文科,北京大学
20,陕西,文科,北京大学
47,陕西,文科,北京大学
53,陕西,文科,北京大学
21,陕西,文科,北京大学
8,陕西,文科,北京大学
32,陕西,文科,北京大学
38,陕西,文科,北京大学
55,陕西,文科,北京大学
45,陕西,文科,北京大学
52,陕西,文科,北京大学
49,陕西,文科,北京大学
24,陕西,文科,北京大学
49,陕西,文科,北京大学
25,陕西,文科,北京大学
51,陕西,文科,北京大学
47,陕西,文科,北京大学
24,陕西,文科,北京大学
34,陕西,文科,北京大学
39,陕西,文科,北京大学
52,陕西,文科,北京大学
48,陕西,文科,北京大学
36,陕西,文科,北京大学
16,甘肃,文科,北京大学
24,甘肃,文科,北京大学
14,甘肃,文科,北京大学
9,甘肃,文科,北京大学
7,甘肃,文科,北京大学
2,甘肃,文科,北京大学
16,甘肃,文科,北京大学
19,甘肃,文科,北京大学
33,甘肃,文科,北京大学
13,甘肃,文科,北京大学
14,甘肃,文科,北京大学
11,甘肃,文科,北京大学
11,甘肃,文科,北京大学
23,甘肃,文科,北京大学
20,甘肃,文科,北京大学
20,甘肃,文科,北京大学
19,甘肃,文科,北京大学
17,甘肃,文科,北京大学
16,甘肃,文科,北京大学
35,甘肃,文科,北京大学
37,甘肃,文科,北京大学
16,甘肃,文科,北京大学
19,甘肃,文科,北京大学
25,甘肃,文科,北京大学
24,甘肃,文科,北京大学
10,甘肃,文科,北京大学
7,甘肃,文科,北京大学
29,甘肃,文科,北京大学
37,甘肃,文科,北京大学
10,甘肃,文科,北京大学
30,甘肃,文科,北京大学
5,甘肃,文科,北京大学
24,甘肃,文科,北京大学
29,甘肃,文科,北京大学
21,甘肃,文科,北京大学
31,甘肃,文科,北京大学
15,甘肃,文科,北京大学
8,青海,文科,北京大学
12,青海,文科,北京大学
10,青海,文科,北京大学
15,青海,文科,北京大学
6,青海,文科,北京大学
10,青海,文科,北京大学
12,青海,文科,北京大学
10,青海,文科,北京大学
4,青海,文科,北京大学
6,青海,文科,北京大学
4,青海,文科,北京大学
1,青海,文科,北京大学
1,青海,文科,北京大学
3,青海,文科,北京大学
3,青海,文科,北京大学
10,宁夏,文科,北京大学
12,宁夏,文科,北京大学
14,宁夏,文科,北京大学
13,宁夏,文科,北京大学
3,宁夏,文科,北京大学
6,宁夏,文科,北京大学
7,宁夏,文科,北京大学
13,宁夏,文科,北京大学
17,宁夏,文科,北京大学
9,宁夏,文科,北京大学
10,宁夏,文科,北京大学
3,宁夏,文科,北京大学
20,宁夏,文科,北京大学
7,宁夏,文科,北京大学
12,宁夏,文科,北京大学
11,宁夏,文科,北京大学
14,宁夏,文科,北京大学
6,宁夏,文科,北京大学
9,宁夏,文科,北京大学
10,宁夏,文科,北京大学
13,新疆,文科,北京大学
1,新疆,文科,北京大学
11,新疆,文科,北京大学
14,新疆,文科,北京大学
4,新疆,文科,北京大学
10,新疆,文科,北京大学
19,新疆,文科,北京大学
9,新疆,文科,北京大学
9,新疆,文科,北京大学
6,新疆,文科,北京大学
10,新疆,文科,北京大学
9,新疆,文科,北京大学
5,新疆,文科,北京大学
19,新疆,文科,北京大学
19,新疆,文科,北京大学
15,新疆,文科,北京大学
20,新疆,文科,北京大学
5,新疆,文科,北京大学
9,新疆,文科,北京大学
19,新疆,文科,北京大学
10,北京,文科,北京大学
11,北京,文科,北京大学
26,北京,文科,北京大学
12,北京,文科,北京大学
16,北京,文科,北京大学
17,北京,文科,北京大学
5,北京,文科,北京大学
22,北京,文科,北京大学
34,北京,文科,北京大学
7,北京,文科,北京大学
7,北京,文科,北京大学
8,北京,文科,北京大学
4,北京,文科,北京大学
3,北京,文科,北京大学
41,北京,文科,北京大学
2,北京,文科,北京大学
9,北京,文科,北京大学
19,北京,文科,北京大学
41,北京,文科,北京大学
40,北京,文科,北京大学
3,北京,文科,北京大学
10,北京,文科,北京大学
7,北京,文科,北京大学
35,北京,文科,北京大学
40,北京,文科,北京大学
39,北京,文科,北京大学
18,北京,文科,北京大学
39,北京,文科,北京大学
3,北京,文科,北京大学
11,北京,文科,北京大学
15,北京,文科,北京大学
24,北京,文科,北京大学
4,北京,文科,北京大学
35,北京,文科,北京大学
25,北京,文科,北京大学
37,北京,文科,北京大学
5,北京,文科,北京大学
35,北京,文科,北京大学
38,北京,文科,北京大学
10,北京,文科,北京大学
25,北京,文科,北京大学
6,北京,文科,北京大学
7,天津,文科,北京大学
7,天津,文科,北京大学
20,天津,文科,北京大学
8,天津,文科,北京大学
8,天津,文科,北京大学
4,天津,文科,北京大学
4,天津,文科,北京大学
8,天津,文科,北京大学
17,天津,文科,北京大学
15,天津,文科,北京大学
10,天津,文科,北京大学
8,天津,文科,北京大学
12,天津,文科,北京大学
7,天津,文科,北京大学
18,天津,文科,北京大学
14,天津,文科,北京大学
21,天津,文科,北京大学
19,天津,文科,北京大学
20,天津,文科,北京大学
21,天津,文科,北京大学
19,天津,文科,北京大学
9,河北,文科,北京大学
38,河北,文科,北京大学
19,河北,文科,北京大学
39,河北,文科,北京大学
41,河北,文科,北京大学
20,河北,文科,北京大学
38,河北,文科,北京大学
20,河北,文科,北京大学
8,河北,文科,北京大学
27,河北,文科,北京大学
40,河北,文科,北京大学
41,河北,文科,北京大学
49,河北,文科,北京大学
28,河北,文科,北京大学
10,河北,文科,北京大学
51,河北,文科,北京大学
28,河北,文科,北京大学
24,河北,文科,北京大学
18,河北,文科,北京大学
25,河北,文科,北京大学
52,河北,文科,北京大学
5,河北,文科,北京大学
46,河北,文科,北京大学
8,河北,文科,北京大学
21,河北,文科,北京大学
12,河北,文科,北京大学
34,河北,文科,北京大学
23,河北,文科,北京大学
2,河北,文科,北京大学
1,河北,文科,北京大学
2,河北,文科,北京大学
24,河北,文科,北京大学
20,河北,文科,北京大学
22,河北,文科,北京大学
16,河北,文科,北京大学
33,河北,文科,北京大学
5,河北,文科,北京大学
43,河北,文科,北京大学
10,河北,文科,北京大学
7,河北,文科,北京大学
3,河北,文科,北京大学
7,河北,文科,北京大学
3,河北,文科,北京大学
31,河北,文科,北京大学
37,河北,文科,北京大学
54,河北,文科,北京大学
18,河北,文科,北京大学
11,河北,文科,北京大学
5,河北,文科,北京大学
44,河北,文科,北京大学
20,河北,文科,北京大学
38,河北,文科,北京大学
40,河北,文科,北京大学
53,河北,文科,北京大学
20,山西,文科,北京大学
5,山西,文科,北京大学
21,山西,文科,北京大学
23,山西,文科,北京大学
24,山西,文科,北京大学
21,山西,文科,北京大学
21,山西,文科,北京大学
4,山西,文科,北京大学
26,山西,文科,北京大学
22,山西,文科,北京大学
11,山西,文科,北京大学
17,山西,文科,北京大学
4,山西,文科,北京大学
26,山西,文科,北京大学
1,山西,文科,北京大学
6,山西,文科,北京大学
26,山西,文科,北京大学
11,山西,文科,北京大学
14,山西,文科,北京大学
21,山西,文科,北京大学
4,山西,文科,北京大学
6,山西,文科,北京大学
15,山西,文科,北京大学
18,山西,文科,北京大学
2,山西,文科,北京大学
10,山西,文科,北京大学
25,山西,文科,北京大学
17,山西,文科,北京大学
9,内蒙古,文科,北京大学
4,内蒙古,文科,北京大学
3,内蒙古,文科,北京大学
4,内蒙古,文科,北京大学
6,内蒙古,文科,北京大学
1,内蒙古,文科,北京大学
3,内蒙古,文科,北京大学
9,内蒙古,文科,北京大学
9,内蒙古,文科,北京大学
1,内蒙古,文科,北京大学
21,辽宁,文科,北京大学
21,辽宁,文科,北京大学
3,辽宁,文科,北京大学
13,辽宁,文科,北京大学
26,辽宁,文科,北京大学
3,辽宁,文科,北京大学
67,辽宁,文科,北京大学
8,辽宁,文科,北京大学
35,辽宁,文科,北京大学
16,辽宁,文科,北京大学
63,辽宁,文科,北京大学
14,辽宁,文科,北京大学
33,辽宁,文科,北京大学
55,辽宁,文科,北京大学
34,辽宁,文科,北京大学
62,辽宁,文科,北京大学
28,辽宁,文科,北京大学
5,辽宁,文科,北京大学
6,辽宁,文科,北京大学
38,辽宁,文科,北京大学
15,辽宁,文科,北京大学
65,辽宁,文科,北京大学
6,辽宁,文科,北京大学
46,辽宁,文科,北京大学
49,辽宁,文科,北京大学
7,辽宁,文科,北京大学
41,辽宁,文科,北京大学
33,辽宁,文科,北京大学
61,辽宁,文科,北京大学
5,辽宁,文科,北京大学
25,辽宁,文科,北京大学
9,辽宁,文科,北京大学
10,辽宁,文科,北京大学
56,辽宁,文科,北京大学
11,辽宁,文科,北京大学
63,辽宁,文科,北京大学
33,辽宁,文科,北京大学
35,辽宁,文科,北京大学
26,辽宁,文科,北京大学
50,辽宁,文科,北京大学
58,辽宁,文科,北京大学
25,辽宁,文科,北京大学
16,辽宁,文科,北京大学
24,辽宁,文科,北京大学
53,辽宁,文科,北京大学
55,辽宁,文科,北京大学
18,辽宁,文科,北京大学
2,辽宁,文科,北京大学
40,辽宁,文科,北京大学
47,辽宁,文科,北京大学
23,辽宁,文科,北京大学
47,辽宁,文科,北京大学
32,辽宁,文科,北京大学
20,辽宁,文科,北京大学
64,辽宁,文科,北京大学
2,辽宁,文科,北京大学
6,辽宁,文科,北京大学
3,辽宁,文科,北京大学
55,辽宁,文科,北京大学
50,辽宁,文科,北京大学
10,辽宁,文科,北京大学
56,辽宁,文科,北京大学
40,辽宁,文科,北京大学
48,辽宁,文科,北京大学
18,辽宁,文科,北京大学
30,辽宁,文科,北京大学
37,辽宁,文科,北京大学
22,辽宁,文科,北京大学
24,辽宁,文科,北京大学
14,辽宁,文科,北京大学
32,吉林,文科,北京大学
28,吉林,文科,北京大学
16,吉林,文科,北京大学
4,吉林,文科,北京大学
17,吉林,文科,北京大学
27,吉林,文科,北京大学
28,吉林,文科,北京大学
12,吉林,文科,北京大学
25,吉林,文科,北京大学
29,吉林,文科,北京大学
6,吉林,文科,北京大学
5,吉林,文科,北京大学
7,吉林,文科,北京大学
25,吉林,文科,北京大学
24,吉林,文科,北京大学
17,吉林,文科,北京大学
26,吉林,文科,北京大学
2,吉林,文科,北京大学
24,吉林,文科,北京大学
5,吉林,文科,北京大学
18,吉林,文科,北京大学
25,吉林,文科,北京大学
32,吉林,文科,北京大学
25,吉林,文科,北京大学
19,吉林,文科,北京大学
25,吉林,文科,北京大学
14,吉林,文科,北京大学
32,吉林,文科,北京大学
19,吉林,文科,北京大学
5,吉林,文科,北京大学
10,吉林,文科,北京大学
10,吉林,文科,北京大学
1,黑龙江,文科,北京大学
18,黑龙江,文科,北京大学
36,黑龙江,文科,北京大学
17,黑龙江,文科,北京大学
16,黑龙江,文科,北京大学
5,黑龙江,文科,北京大学
10,黑龙江,文科,北京大学
1,黑龙江,文科,北京大学
28,黑龙江,文科,北京大学
39,黑龙江,文科,北京大学
17,黑龙江,文科,北京大学
7,黑龙江,文科,北京大学
35,黑龙江,文科,北京大学
1,黑龙江,文科,北京大学
35,黑龙江,文科,北京大学
39,黑龙江,文科,北京大学
36,黑龙江,文科,北京大学
10,黑龙江,文科,北京大学
10,黑龙江,文科,北京大学
7,黑龙江,文科,北京大学
30,黑龙江,文科,北京大学
30,黑龙江,文科,北京大学
12,黑龙江,文科,北京大学
9,黑龙江,文科,北京大学
32,黑龙江,文科,北京大学
37,黑龙江,文科,北京大学
24,黑龙江,文科,北京大学
26,黑龙江,文科,北京大学
17,黑龙江,文科,北京大学
25,黑龙江,文科,北京大学
16,黑龙江,文科,北京大学
16,黑龙江,文科,北京大学
28,黑龙江,文科,北京大学
4,黑龙江,文科,北京大学
9,黑龙江,文科,北京大学
32,黑龙江,文科,北京大学
7,黑龙江,文科,北京大学
24,黑龙江,文科,北京大学
10,黑龙江,文科,北京大学
13,江苏,文科,北京大学
50,江苏,文科,北京大学
52,江苏,文科,北京大学
17,江苏,文科,北京大学
55,江苏,文科,北京大学
57,江苏,文科,北京大学
56,江苏,文科,北京大学
25,江苏,文科,北京大学
50,江苏,文科,北京大学
5,江苏,文科,北京大学
43,江苏,文科,北京大学
7,江苏,文科,北京大学
57,江苏,文科,北京大学
1,江苏,文科,北京大学
18,江苏,文科,北京大学
25,江苏,文科,北京大学
43,江苏,文科,北京大学
35,江苏,文科,北京大学
55,江苏,文科,北京大学
52,江苏,文科,北京大学
26,江苏,文科,北京大学
14,江苏,文科,北京大学
12,江苏,文科,北京大学
36,江苏,文科,北京大学
36,江苏,文科,北京大学
59,江苏,文科,北京大学
33,江苏,文科,北京大学
53,江苏,文科,北京大学
50,江苏,文科,北京大学
15,江苏,文科,北京大学
56,江苏,文科,北京大学
17,江苏,文科,北京大学
53,江苏,文科,北京大学
1,江苏,文科,北京大学
45,江苏,文科,北京大学
40,江苏,文科,北京大学
40,江苏,文科,北京大学
8,江苏,文科,北京大学
55,江苏,文科,北京大学
24,江苏,文科,北京大学
32,江苏,文科,北京大学
23,江苏,文科,北京大学
17,江苏,文科,北京大学
34,江苏,文科,北京大学
15,江苏,文科,北京大学
43,江苏,文科,北京大学
32,江苏,文科,北京大学
33,江苏,文科,北京大学
45,江苏,文科,北京大学
36,江苏,文科,北京大学
8,江苏,文科,北京大学
30,江苏,文科,北京大学
55,江苏,文科,北京大学
14,江苏,文科,北京大学
54,江苏,文科,北京大学
47,江苏,文科,北京大学
26,江苏,文科,北京大学
43,江苏,文科,北京大学
55,江苏,文科,北京大学
11,江苏,文科,北京大学
45,安徽,文科,北京大学
48,安徽,文科,北京大学
21,安徽,文科,北京大学
14,安徽,文科,北京大学
16,安徽,文科,北京大学
44,安徽,文科,北京大学
15,安徽,文科,北京大学
20,安徽,文科,北京大学
36,安徽,文科,北京大学
39,安徽,文科,北京大学
48,安徽,文科,北京大学
43,安徽,文科,北京大学
34,安徽,文科,北京大学
44,安徽,文科,北京大学
40,安徽,文科,北京大学
10,安徽,文科,北京大学
49,安徽,文科,北京大学
50,安徽,文科,北京大学
21,安徽,文科,北京大学
18,安徽,文科,北京大学
23,安徽,文科,北京大学
18,安徽,文科,北京大学
15,安徽,文科,北京大学
25,安徽,文科,北京大学
30,安徽,文科,北京大学
33,安徽,文科,北京大学
45,安徽,文科,北京大学
41,安徽,文科,北京大学
12,安徽,文科,北京大学
16,安徽,文科,北京大学
20,安徽,文科,北京大学
41,安徽,文科,北京大学
17,安徽,文科,北京大学
5,安徽,文科,北京大学
26,安徽,文科,北京大学
44,安徽,文科,北京大学
42,安徽,文科,北京大学
23,安徽,文科,北京大学
42,安徽,文科,北京大学
39,安徽,文科,北京大学
20,安徽,文科,北京大学
1,安徽,文科,北京大学
31,安徽,文科,北京大学
42,安徽,文科,北京大学
46,安徽,文科,北京大学
38,安徽,文科,北京大学
35,安徽,文科,北京大学
47,安徽,文科,北京大学
10,安徽,文科,北京大学
15,安徽,文科,北京大学
7,福建,文科,北京大学
25,福建,文科,北京大学
30,福建,文科,北京大学
17,福建,文科,北京大学
10,福建,文科,北京大学
33,福建,文科,北京大学
9,福建,文科,北京大学
2,福建,文科,北京大学
17,福建,文科,北京大学
19,福建,文科,北京大学
38,福建,文科,北京大学
37,福建,文科,北京大学
30,福建,文科,北京大学
1,福建,文科,北京大学
34,福建,文科,北京大学
33,福建,文科,北京大学
25,福建,文科,北京大学
2,福建,文科,北京大学
35,福建,文科,北京大学
14,福建,文科,北京大学
25,福建,文科,北京大学
15,福建,文科,北京大学
27,福建,文科,北京大学
8,福建,文科,北京大学
40,福建,文科,北京大学
15,福建,文科,北京大学
9,福建,文科,北京大学
29,福建,文科,北京大学
9,福建,文科,北京大学
16,福建,文科,北京大学
2,福建,文科,北京大学
9,福建,文科,北京大学
31,福建,文科,北京大学
6,福建,文科,北京大学
17,福建,文科,北京大学
4,福建,文科,北京大学
17,福建,文科,北京大学
13,福建,文科,北京大学
2,福建,文科,北京大学
22,福建,文科,北京大学
5,江西,文科,北京大学
22,江西,文科,北京大学
23,江西,文科,北京大学
24,江西,文科,北京大学
25,江西,文科,北京大学
29,江西,文科,北京大学
32,江西,文科,北京大学
28,江西,文科,北京大学
15,江西,文科,北京大学
32,江西,文科,北京大学
15,江西,文科,北京大学
6,江西,文科,北京大学
28,江西,文科,北京大学
28,江西,文科,北京大学
17,江西,文科,北京大学
14,江西,文科,北京大学
22,江西,文科,北京大学
2,江西,文科,北京大学
18,江西,文科,北京大学
17,江西,文科,北京大学
27,江西,文科,北京大学
11,江西,文科,北京大学
21,江西,文科,北京大学
35,江西,文科,北京大学
40,江西,文科,北京大学
40,江西,文科,北京大学
2,江西,文科,北京大学
27,江西,文科,北京大学
36,江西,文科,北京大学
31,江西,文科,北京大学
33,江西,文科,北京大学
5,江西,文科,北京大学
28,江西,文科,北京大学
36,江西,文科,北京大学
5,江西,文科,北京大学
25,江西,文科,北京大学
29,江西,文科,北京大学
30,江西,文科,北京大学
3,江西,文科,北京大学
1,江西,文科,北京大学
16,山东,文科,北京大学
15,山东,文科,北京大学
15,山东,文科,北京大学
10,山东,文科,北京大学
19,山东,文科,北京大学
15,山东,文科,北京大学
23,山东,文科,北京大学
5,山东,文科,北京大学
18,山东,文科,北京大学
4,山东,文科,北京大学
7,山东,文科,北京大学
21,山东,文科,北京大学
20,山东,文科,北京大学
12,山东,文科,北京大学
16,山东,文科,北京大学
2,山东,文科,北京大学
1,山东,文科,北京大学
19,山东,文科,北京大学
7,山东,文科,北京大学
18,山东,文科,北京大学
22,山东,文科,北京大学
23,山东,文科,北京大学
6,山东,文科,北京大学
20,山东,文科,北京大学
158,河南,文科,北京大学
91,河南,文科,北京大学
129,河南,文科,北京大学
153,河南,文科,北京大学
56,河南,文科,北京大学
155,河南,文科,北京大学
59,河南,文科,北京大学
15,河南,文科,北京大学
100,河南,文科,北京大学
103,河南,文科,北京大学
155,河南,文科,北京大学
27,河南,文科,北京大学
108,河南,文科,北京大学
48,河南,文科,北京大学
30,河南,文科,北京大学
77,河南,文科,北京大学
66,河南,文科,北京大学
158,河南,文科,北京大学
33,河南,文科,北京大学
13,河南,文科,北京大学
79,河南,文科,北京大学
82,河南,文科,北京大学
50,河南,文科,北京大学
138,河南,文科,北京大学
159,河南,文科,北京大学
9,河南,文科,北京大学
44,河南,文科,北京大学
27,河南,文科,北京大学
133,河南,文科,北京大学
137,河南,文科,北京大学
107,河南,文科,北京大学
11,河南,文科,北京大学
91,河南,文科,北京大学
130,河南,文科,北京大学
66,河南,文科,北京大学
67,河南,文科,北京大学
44,河南,文科,北京大学
127,河南,文科,北京大学
67,河南,文科,北京大学
16,河南,文科,北京大学
26,河南,文科,北京大学
47,河南,文科,北京大学
97,河南,文科,北京大学
42,河南,文科,北京大学
119,河南,文科,北京大学
153,河南,文科,北京大学
122,河南,文科,北京大学
94,河南,文科,北京大学
51,河南,文科,北京大学
20,河南,文科,北京大学
92,河南,文科,北京大学
136,河南,文科,北京大学
89,河南,文科,北京大学
90,河南,文科,北京大学
70,河南,文科,北京大学
31,河南,文科,北京大学
12,河南,文科,北京大学
158,河南,文科,北京大学
31,河南,文科,北京大学
164,河南,文科,北京大学
48,河南,文科,北京大学
102,河南,文科,北京大学
55,河南,文科,北京大学
45,河南,文科,北京大学
106,河南,文科,北京大学
114,河南,文科,北京大学
140,河南,文科,北京大学
19,河南,文科,北京大学
27,河南,文科,北京大学
158,河南,文科,北京大学
112,河南,文科,北京大学
46,河南,文科,北京大学
129,河南,文科,北京大学
69,河南,文科,北京大学
36,河南,文科,北京大学
116,河南,文科,北京大学
87,河南,文科,北京大学
60,河南,文科,北京大学
122,河南,文科,北京大学
40,河南,文科,北京大学
21,河南,文科,北京大学
113,河南,文科,北京大学
114,河南,文科,北京大学
140,河南,文科,北京大学
18,河南,文科,北京大学
99,河南,文科,北京大学
29,河南,文科,北京大学
70,河南,文科,北京大学
8,河南,文科,北京大学
130,河南,文科,北京大学
68,河南,文科,北京大学
43,河南,文科,北京大学
101,河南,文科,北京大学
156,河南,文科,北京大学
41,河南,文科,北京大学
55,河南,文科,北京大学
111,河南,文科,北京大学
118,河南,文科,北京大学
149,河南,文科,北京大学
162,河南,文科,北京大学
105,河南,文科,北京大学
87,河南,文科,北京大学
83,河南,文科,北京大学
106,河南,文科,北京大学
8,河南,文科,北京大学
116,河南,文科,北京大学
75,河南,文科,北京大学
17,河南,文科,北京大学
4,河南,文科,北京大学
66,河南,文科,北京大学
82,河南,文科,北京大学
143,河南,文科,北京大学
129,河南,文科,北京大学
152,河南,文科,北京大学
37,河南,文科,北京大学
90,河南,文科,北京大学
120,河南,文科,北京大学
26,河南,文科,北京大学
92,河南,文科,北京大学
70,河南,文科,北京大学
121,河南,文科,北京大学
109,河南,文科,北京大学
47,河南,文科,北京大学
74,河南,文科,北京大学
126,河南,文科,北京大学
147,河南,文科,北京大学
74,河南,文科,北京大学
148,河南,文科,北京大学
67,河南,文科,北京大学
63,河南,文科,北京大学
94,河南,文科,北京大学
24,河南,文科,北京大学
85,河南,文科,北京大学
6,河南,文科,北京大学
37,河南,文科,北京大学
73,河南,文科,北京大学
121,河南,文科,北京大学
147,河南,文科,北京大学
101,河南,文科,北京大学
10,河南,文科,北京大学
133,河南,文科,北京大学
18,河南,文科,北京大学
157,河南,文科,北京大学
4,河南,文科,北京大学
155,河南,文科,北京大学
7,河南,文科,北京大学
162,河南,文科,北京大学
132,河南,文科,北京大学
164,河南,文科,北京大学
36,河南,文科,北京大学
159,河南,文科,北京大学
155,河南,文科,北京大学
119,河南,文科,北京大学
161,河南,文科,北京大学
50,河南,文科,北京大学
17,河南,文科,北京大学
75,河南,文科,北京大学
115,河南,文科,北京大学
72,河南,文科,北京大学
57,河南,文科,北京大学
44,河南,文科,北京大学
64,河南,文科,北京大学
59,河南,文科,北京大学
62,河南,文科,北京大学
38,湖北,文科,北京大学
28,湖北,文科,北京大学
64,湖北,文科,北京大学
50,湖北,文科,北京大学
9,湖北,文科,北京大学
5,湖北,文科,北京大学
43,湖北,文科,北京大学
53,湖北,文科,北京大学
63,湖北,文科,北京大学
19,湖北,文科,北京大学
24,湖北,文科,北京大学
21,湖北,文科,北京大学
14,湖北,文科,北京大学
4,湖北,文科,北京大学
52,湖北,文科,北京大学
9,湖北,文科,北京大学
13,湖北,文科,北京大学
47,湖北,文科,北京大学
12,湖北,文科,北京大学
57,湖北,文科,北京大学
64,湖北,文科,北京大学
19,湖北,文科,北京大学
56,湖北,文科,北京大学
7,湖北,文科,北京大学
12,湖北,文科,北京大学
24,湖北,文科,北京大学
43,湖北,文科,北京大学
27,湖北,文科,北京大学
7,湖北,文科,北京大学
6,湖北,文科,北京大学
41,湖北,文科,北京大学
60,湖北,文科,北京大学
4,湖北,文科,北京大学
35,湖北,文科,北京大学
58,湖北,文科,北京大学
53,湖北,文科,北京大学
18,湖北,文科,北京大学
42,湖北,文科,北京大学
44,湖北,文科,北京大学
36,湖北,文科,北京大学
44,湖北,文科,北京大学
45,湖北,文科,北京大学
1,湖北,文科,北京大学
53,湖北,文科,北京大学
3,湖北,文科,北京大学
9,湖北,文科,北京大学
23,湖北,文科,北京大学
44,湖北,文科,北京大学
28,湖北,文科,北京大学
43,湖北,文科,北京大学
60,湖北,文科,北京大学
57,湖北,文科,北京大学
23,湖北,文科,北京大学
30,湖北,文科,北京大学
24,湖北,文科,北京大学
53,湖北,文科,北京大学
24,湖北,文科,北京大学
57,湖北,文科,北京大学
23,湖北,文科,北京大学
27,湖北,文科,北京大学
29,湖北,文科,北京大学
56,湖北,文科,北京大学
44,湖北,文科,北京大学
5,湖北,文科,北京大学
9,湖北,文科,北京大学
19,湖北,文科,北京大学
41,湖北,文科,北京大学
40,湖北,文科,北京大学
70,湖南,理科,清华大学
54,湖南,理科,清华大学
148,湖南,理科,清华大学
124,湖南,理科,清华大学
49,湖南,理科,清华大学
31,湖南,理科,清华大学
100,湖南,理科,清华大学
92,湖南,理科,清华大学
116,湖南,理科,清华大学
21,湖南,理科,清华大学
149,湖南,理科,清华大学
113,湖南,理科,清华大学
67,湖南,理科,清华大学
82,湖南,理科,清华大学
148,湖南,理科,清华大学
18,湖南,理科,清华大学
43,湖南,理科,清华大学
40,湖南,理科,清华大学
60,湖南,理科,清华大学
172,湖南,理科,清华大学
1,湖南,理科,清华大学
21,湖南,理科,清华大学
141,湖南,理科,清华大学
24,湖南,理科,清华大学
90,湖南,理科,清华大学
34,湖南,理科,清华大学
111,湖南,理科,清华大学
27,湖南,理科,清华大学
120,湖南,理科,清华大学
92,湖南,理科,清华大学
99,湖南,理科,清华大学
39,湖南,理科,清华大学
87,湖南,理科,清华大学
34,湖南,理科,清华大学
43,湖南,理科,清华大学
25,湖南,理科,清华大学
55,湖南,理科,清华大学
77,湖南,理科,清华大学
40,湖南,理科,清华大学
158,湖南,理科,清华大学
125,湖南,理科,清华大学
41,湖南,理科,清华大学
44,湖南,理科,清华大学
11,湖南,理科,清华大学
161,湖南,理科,清华大学
159,湖南,理科,清华大学
119,湖南,理科,清华大学
158,湖南,理科,清华大学
84,湖南,理科,清华大学
92,湖南,理科,清华大学
78,湖南,理科,清华大学
39,湖南,理科,清华大学
44,湖南,理科,清华大学
1,湖南,理科,清华大学
134,湖南,理科,清华大学
151,湖南,理科,清华大学
119,湖南,理科,清华大学
82,湖南,理科,清华大学
56,湖南,理科,清华大学
60,湖南,理科,清华大学
37,湖南,理科,清华大学
34,湖南,理科,清华大学
65,湖南,理科,清华大学
36,湖南,理科,清华大学
22,湖南,理科,清华大学
13,湖南,理科,清华大学
59,湖南,理科,清华大学
116,湖南,理科,清华大学
133,湖南,理科,清华大学
27,湖南,理科,清华大学
6,湖南,理科,清华大学
34,湖南,理科,清华大学
92,湖南,理科,清华大学
77,湖南,理科,清华大学
40,湖南,理科,清华大学
83,湖南,理科,清华大学
26,湖南,理科,清华大学
28,湖南,理科,清华大学
48,湖南,理科,清华大学
12,湖南,理科,清华大学
14,湖南,理科,清华大学
8,湖南,理科,清华大学
171,湖南,理科,清华大学
49,湖南,理科,清华大学
44,湖南,理科,清华大学
59,湖南,理科,清华大学
142,湖南,理科,清华大学
109,湖南,理科,清华大学
107,湖南,理科,清华大学
30,湖南,理科,清华大学
5,湖南,理科,清华大学
74,湖南,理科,清华大学
157,湖南,理科,清华大学
95,湖南,理科,清华大学
47,湖南,理科,清华大学
87,湖南,理科,清华大学
88,湖南,理科,清华大学
18,湖南,理科,清华大学
91,湖南,理科,清华大学
100,湖南,理科,清华大学
9,湖南,理科,清华大学
25,湖南,理科,清华大学
171,湖南,理科,清华大学
76,湖南,理科,清华大学
169,湖南,理科,清华大学
123,湖南,理科,清华大学
91,湖南,理科,清华大学
155,湖南,理科,清华大学
166,湖南,理科,清华大学
61,湖南,理科,清华大学
34,湖南,理科,清华大学
100,湖南,理科,清华大学
125,湖南,理科,清华大学
142,湖南,理科,清华大学
27,湖南,理科,清华大学
53,湖南,理科,清华大学
119,湖南,理科,清华大学
61,湖南,理科,清华大学
70,湖南,理科,清华大学
165,湖南,理科,清华大学
92,湖南,理科,清华大学
20,湖南,理科,清华大学
34,湖南,理科,清华大学
13,湖南,理科,清华大学
145,湖南,理科,清华大学
75,湖南,理科,清华大学
35,湖南,理科,清华大学
163,湖南,理科,清华大学
24,湖南,理科,清华大学
137,湖南,理科,清华大学
85,湖南,理科,清华大学
15,湖南,理科,清华大学
108,湖南,理科,清华大学
80,湖南,理科,清华大学
90,湖南,理科,清华大学
86,湖南,理科,清华大学
146,湖南,理科,清华大学
96,湖南,理科,清华大学
118,湖南,理科,清华大学
23,湖南,理科,清华大学
119,湖南,理科,清华大学
62,湖南,理科,清华大学
108,湖南,理科,清华大学
94,湖南,理科,清华大学
92,湖南,理科,清华大学
5,湖南,理科,清华大学
40,湖南,理科,清华大学
133,湖南,理科,清华大学
129,湖南,理科,清华大学
76,湖南,理科,清华大学
118,湖南,理科,清华大学
154,湖南,理科,清华大学
81,湖南,理科,清华大学
172,湖南,理科,清华大学
86,湖南,理科,清华大学
119,湖南,理科,清华大学
156,湖南,理科,清华大学
5,湖南,理科,清华大学
102,湖南,理科,清华大学
148,湖南,理科,清华大学
53,湖南,理科,清华大学
32,湖南,理科,清华大学
144,湖南,理科,清华大学
72,湖南,理科,清华大学
133,湖南,理科,清华大学
65,湖南,理科,清华大学
111,湖南,理科,清华大学
94,湖南,理科,清华大学
80,湖南,理科,清华大学
109,湖南,理科,清华大学
46,湖南,理科,清华大学
94,湖南,理科,清华大学
81,广东,理科,清华大学
24,广东,理科,清华大学
21,广东,理科,清华大学
35,广东,理科,清华大学
60,广东,理科,清华大学
73,广东,理科,清华大学
77,广东,理科,清华大学
52,广东,理科,清华大学
28,广东,理科,清华大学
28,广东,理科,清华大学
11,广东,理科,清华大学
10,广东,理科,清华大学
7,广东,理科,清华大学
65,广东,理科,清华大学
70,广东,理科,清华大学
50,广东,理科,清华大学
51,广东,理科,清华大学
83,广东,理科,清华大学
73,广东,理科,清华大学
6,广东,理科,清华大学
19,广东,理科,清华大学
33,广东,理科,清华大学
8,广东,理科,清华大学
75,广东,理科,清华大学
1,广东,理科,清华大学
12,广东,理科,清华大学
78,广东,理科,清华大学
75,广东,理科,清华大学
45,广东,理科,清华大学
38,广东,理科,清华大学
72,广东,理科,清华大学
18,广东,理科,清华大学
44,广东,理科,清华大学
63,广东,理科,清华大学
26,广东,理科,清华大学
58,广东,理科,清华大学
59,广东,理科,清华大学
53,广东,理科,清华大学
66,广东,理科,清华大学
82,广东,理科,清华大学
40,广东,理科,清华大学
6,广东,理科,清华大学
20,广东,理科,清华大学
27,广东,理科,清华大学
67,广东,理科,清华大学
43,广东,理科,清华大学
16,广东,理科,清华大学
44,广东,理科,清华大学
57,广东,理科,清华大学
2,广东,理科,清华大学
59,广东,理科,清华大学
70,广东,理科,清华大学
2,广东,理科,清华大学
42,广东,理科,清华大学
79,广东,理科,清华大学
12,广东,理科,清华大学
5,广东,理科,清华大学
75,广东,理科,清华大学
79,广东,理科,清华大学
82,广东,理科,清华大学
69,广东,理科,清华大学
43,广东,理科,清华大学
53,广东,理科,清华大学
22,广东,理科,清华大学
71,广东,理科,清华大学
6,广东,理科,清华大学
21,广东,理科,清华大学
8,广东,理科,清华大学
30,广东,理科,清华大学
13,广东,理科,清华大学
84,广东,理科,清华大学
45,广东,理科,清华大学
4,广东,理科,清华大学
12,广东,理科,清华大学
1,广东,理科,清华大学
32,广东,理科,清华大学
57,广东,理科,清华大学
15,广东,理科,清华大学
47,广东,理科,清华大学
43,广东,理科,清华大学
52,广东,理科,清华大学
53,广东,理科,清华大学
61,广东,理科,清华大学
22,广东,理科,清华大学
14,广西,理科,清华大学
31,广西,理科,清华大学
18,广西,理科,清华大学
16,广西,理科,清华大学
34,广西,理科,清华大学
3,广西,理科,清华大学
31,广西,理科,清华大学
25,广西,理科,清华大学
45,广西,理科,清华大学
22,广西,理科,清华大学
33,广西,理科,清华大学
11,广西,理科,清华大学
43,广西,理科,清华大学
41,广西,理科,清华大学
4,广西,理科,清华大学
10,广西,理科,清华大学
16,广西,理科,清华大学
4,广西,理科,清华大学
36,广西,理科,清华大学
7,广西,理科,清华大学
35,广西,理科,清华大学
2,广西,理科,清华大学
5,广西,理科,清华大学
38,广西,理科,清华大学
9,广西,理科,清华大学
8,广西,理科,清华大学
7,广西,理科,清华大学
22,广西,理科,清华大学
34,广西,理科,清华大学
31,广西,理科,清华大学
36,广西,理科,清华大学
1,广西,理科,清华大学
15,广西,理科,清华大学
14,广西,理科,清华大学
3,广西,理科,清华大学
37,广西,理科,清华大学
2,广西,理科,清华大学
24,广西,理科,清华大学
38,广西,理科,清华大学
40,广西,理科,清华大学
39,广西,理科,清华大学
25,广西,理科,清华大学
44,广西,理科,清华大学
34,广西,理科,清华大学
10,广西,理科,清华大学
4,海南,理科,清华大学
3,海南,理科,清华大学
15,海南,理科,清华大学
5,海南,理科,清华大学
14,海南,理科,清华大学
12,海南,理科,清华大学
15,海南,理科,清华大学
6,海南,理科,清华大学
17,海南,理科,清华大学
11,海南,理科,清华大学
12,海南,理科,清华大学
17,海南,理科,清华大学
9,海南,理科,清华大学
8,海南,理科,清华大学
17,海南,理科,清华大学
15,海南,理科,清华大学
6,海南,理科,清华大学
39,重庆,理科,清华大学
23,重庆,理科,清华大学
33,重庆,理科,清华大学
8,重庆,理科,清华大学
22,重庆,理科,清华大学
6,重庆,理科,清华大学
25,重庆,理科,清华大学
30,重庆,理科,清华大学
13,重庆,理科,清华大学
24,重庆,理科,清华大学
9,重庆,理科,清华大学
32,重庆,理科,清华大学
38,重庆,理科,清华大学
18,重庆,理科,清华大学
26,重庆,理科,清华大学
16,重庆,理科,清华大学
30,重庆,理科,清华大学
18,重庆,理科,清华大学
18,重庆,理科,清华大学
30,重庆,理科,清华大学
1,重庆,理科,清华大学
31,重庆,理科,清华大学
22,重庆,理科,清华大学
15,重庆,理科,清华大学
12,重庆,理科,清华大学
29,重庆,理科,清华大学
28,重庆,理科,清华大学
4,重庆,理科,清华大学
33,重庆,理科,清华大学
11,重庆,理科,清华大学
7,重庆,理科,清华大学
20,重庆,理科,清华大学
17,重庆,理科,清华大学
14,重庆,理科,清华大学
26,重庆,理科,清华大学
5,重庆,理科,清华大学
30,重庆,理科,清华大学
28,重庆,理科,清华大学
39,重庆,理科,清华大学
111,四川,理科,清华大学
87,四川,理科,清华大学
4,四川,理科,清华大学
99,四川,理科,清华大学
2,四川,理科,清华大学
152,四川,理科,清华大学
66,四川,理科,清华大学
30,四川,理科,清华大学
135,四川,理科,清华大学
42,四川,理科,清华大学
24,四川,理科,清华大学
24,四川,理科,清华大学
137,四川,理科,清华大学
128,四川,理科,清华大学
24,四川,理科,清华大学
59,四川,理科,清华大学
74,四川,理科,清华大学
35,四川,理科,清华大学
152,四川,理科,清华大学
61,四川,理科,清华大学
151,四川,理科,清华大学
149,四川,理科,清华大学
160,四川,理科,清华大学
44,四川,理科,清华大学
68,四川,理科,清华大学
48,四川,理科,清华大学
42,四川,理科,清华大学
98,四川,理科,清华大学
141,四川,理科,清华大学
4,四川,理科,清华大学
18,四川,理科,清华大学
89,四川,理科,清华大学
116,四川,理科,清华大学
84,四川,理科,清华大学
107,四川,理科,清华大学
111,四川,理科,清华大学
81,四川,理科,清华大学
66,四川,理科,清华大学
112,四川,理科,清华大学
103,四川,理科,清华大学
97,四川,理科,清华大学
73,四川,理科,清华大学
122,四川,理科,清华大学
143,四川,理科,清华大学
64,四川,理科,清华大学
39,四川,理科,清华大学
72,四川,理科,清华大学
88,四川,理科,清华大学
107,四川,理科,清华大学
140,四川,理科,清华大学
152,四川,理科,清华大学
31,四川,理科,清华大学
88,四川,理科,清华大学
76,四川,理科,清华大学
149,四川,理科,清华大学
13,四川,理科,清华大学
49,四川,理科,清华大学
7,四川,理科,清华大学
18,四川,理科,清华大学
159,四川,理科,清华大学
130,四川,理科,清华大学
38,四川,理科,清华大学
114,四川,理科,清华大学
10,四川,理科,清华大学
80,四川,理科,清华大学
145,四川,理科,清华大学
62,四川,理科,清华大学
157,四川,理科,清华大学
60,四川,理科,清华大学
22,四川,理科,清华大学
92,四川,理科,清华大学
62,四川,理科,清华大学
72,四川,理科,清华大学
126,四川,理科,清华大学
16,四川,理科,清华大学
138,四川,理科,清华大学
107,四川,理科,清华大学
152,四川,理科,清华大学
96,四川,理科,清华大学
79,四川,理科,清华大学
68,四川,理科,清华大学
128,四川,理科,清华大学
51,四川,理科,清华大学
36,四川,理科,清华大学
140,四川,理科,清华大学
129,四川,理科,清华大学
136,四川,理科,清华大学
61,四川,理科,清华大学
165,四川,理科,清华大学
148,四川,理科,清华大学
167,四川,理科,清华大学
14,四川,理科,清华大学
9,四川,理科,清华大学
15,四川,理科,清华大学
3,四川,理科,清华大学
160,四川,理科,清华大学
100,四川,理科,清华大学
130,四川,理科,清华大学
120,四川,理科,清华大学
167,四川,理科,清华大学
109,四川,理科,清华大学
141,四川,理科,清华大学
40,四川,理科,清华大学
118,四川,理科,清华大学
64,四川,理科,清华大学
62,四川,理科,清华大学
162,四川,理科,清华大学
153,四川,理科,清华大学
76,四川,理科,清华大学
148,四川,理科,清华大学
52,四川,理科,清华大学
81,四川,理科,清华大学
35,四川,理科,清华大学
109,四川,理科,清华大学
20,四川,理科,清华大学
10,四川,理科,清华大学
30,四川,理科,清华大学
90,四川,理科,清华大学
64,四川,理科,清华大学
5,四川,理科,清华大学
75,四川,理科,清华大学
11,四川,理科,清华大学
23,四川,理科,清华大学
6,四川,理科,清华大学
40,四川,理科,清华大学
152,四川,理科,清华大学
59,四川,理科,清华大学
29,四川,理科,清华大学
68,四川,理科,清华大学
135,四川,理科,清华大学
112,四川,理科,清华大学
14,四川,理科,清华大学
79,四川,理科,清华大学
68,四川,理科,清华大学
164,四川,理科,清华大学
102,四川,理科,清华大学
89,四川,理科,清华大学
25,四川,理科,清华大学
115,四川,理科,清华大学
163,四川,理科,清华大学
23,四川,理科,清华大学
87,四川,理科,清华大学
164,四川,理科,清华大学
130,四川,理科,清华大学
65,四川,理科,清华大学
76,四川,理科,清华大学
120,四川,理科,清华大学
141,四川,理科,清华大学
129,四川,理科,清华大学
25,四川,理科,清华大学
165,四川,理科,清华大学
64,四川,理科,清华大学
152,四川,理科,清华大学
110,四川,理科,清华大学
6,四川,理科,清华大学
34,四川,理科,清华大学
124,四川,理科,清华大学
129,四川,理科,清华大学
50,四川,理科,清华大学
121,四川,理科,清华大学
55,四川,理科,清华大学
148,四川,理科,清华大学
55,四川,理科,清华大学
121,四川,理科,清华大学
166,四川,理科,清华大学
145,四川,理科,清华大学
101,四川,理科,清华大学
128,四川,理科,清华大学
11,贵州,理科,清华大学
52,贵州,理科,清华大学
26,贵州,理科,清华大学
40,贵州,理科,清华大学
49,贵州,理科,清华大学
31,贵州,理科,清华大学
20,贵州,理科,清华大学
33,贵州,理科,清华大学
13,贵州,理科,清华大学
38,贵州,理科,清华大学
38,贵州,理科,清华大学
33,贵州,理科,清华大学
11,贵州,理科,清华大学
43,贵州,理科,清华大学
15,贵州,理科,清华大学
2,贵州,理科,清华大学
33,贵州,理科,清华大学
49,贵州,理科,清华大学
45,贵州,理科,清华大学
22,贵州,理科,清华大学
10,贵州,理科,清华大学
37,贵州,理科,清华大学
39,贵州,理科,清华大学
34,贵州,理科,清华大学
20,贵州,理科,清华大学
32,贵州,理科,清华大学
11,贵州,理科,清华大学
15,贵州,理科,清华大学
32,贵州,理科,清华大学
45,贵州,理科,清华大学
5,贵州,理科,清华大学
5,贵州,理科,清华大学
32,贵州,理科,清华大学
1,贵州,理科,清华大学
18,贵州,理科,清华大学
53,贵州,理科,清华大学
43,贵州,理科,清华大学
28,贵州,理科,清华大学
24,贵州,理科,清华大学
17,贵州,理科,清华大学
3,贵州,理科,清华大学
31,贵州,理科,清华大学
12,贵州,理科,清华大学
12,贵州,理科,清华大学
30,贵州,理科,清华大学
53,贵州,理科,清华大学
49,贵州,理科,清华大学
50,贵州,理科,清华大学
51,贵州,理科,清华大学
14,贵州,理科,清华大学
24,贵州,理科,清华大学
3,贵州,理科,清华大学
18,贵州,理科,清华大学
35,贵州,理科,清华大学
5,云南,理科,清华大学
25,云南,理科,清华大学
5,云南,理科,清华大学
26,云南,理科,清华大学
11,云南,理科,清华大学
15,云南,理科,清华大学
15,云南,理科,清华大学
27,云南,理科,清华大学
9,云南,理科,清华大学
28,云南,理科,清华大学
7,云南,理科,清华大学
16,云南,理科,清华大学
15,云南,理科,清华大学
1,云南,理科,清华大学
16,云南,理科,清华大学
23,云南,理科,清华大学
1,云南,理科,清华大学
21,云南,理科,清华大学
17,云南,理科,清华大学
22,云南,理科,清华大学
17,云南,理科,清华大学
16,云南,理科,清华大学
20,云南,理科,清华大学
17,云南,理科,清华大学
27,云南,理科,清华大学
20,云南,理科,清华大学
19,云南,理科,清华大学
15,云南,理科,清华大学
7,西藏,理科,清华大学
5,西藏,理科,清华大学
7,西藏,理科,清华大学
2,西藏,理科,清华大学
1,西藏,理科,清华大学
1,西藏,理科,清华大学
7,西藏,理科,清华大学
6,西藏,理科,清华大学
4,陕西,理科,清华大学
16,陕西,理科,清华大学
66,陕西,理科,清华大学
28,陕西,理科,清华大学
49,陕西,理科,清华大学
81,陕西,理科,清华大学
53,陕西,理科,清华大学
100,陕西,理科,清华大学
83,陕西,理科,清华大学
55,陕西,理科,清华大学
29,陕西,理科,清华大学
95,陕西,理科,清华大学
60,陕西,理科,清华大学
28,陕西,理科,清华大学
12,陕西,理科,清华大学
81,陕西,理科,清华大学
96,陕西,理科,清华大学
48,陕西,理科,清华大学
27,陕西,理科,清华大学
80,陕西,理科,清华大学
16,陕西,理科,清华大学
71,陕西,理科,清华大学
46,陕西,理科,清华大学
99,陕西,理科,清华大学
91,陕西,理科,清华大学
38,陕西,理科,清华大学
45,陕西,理科,清华大学
72,陕西,理科,清华大学
86,陕西,理科,清华大学
34,陕西,理科,清华大学
46,陕西,理科,清华大学
7,陕西,理科,清华大学
74,陕西,理科,清华大学
77,陕西,理科,清华大学
98,陕西,理科,清华大学
91,陕西,理科,清华大学
99,陕西,理科,清华大学
13,陕西,理科,清华大学
87,陕西,理科,清华大学
1,陕西,理科,清华大学
87,陕西,理科,清华大学
50,陕西,理科,清华大学
16,陕西,理科,清华大学
61,陕西,理科,清华大学
35,陕西,理科,清华大学
89,陕西,理科,清华大学
80,陕西,理科,清华大学
52,陕西,理科,清华大学
93,陕西,理科,清华大学
97,陕西,理科,清华大学
58,陕西,理科,清华大学
24,陕西,理科,清华大学
65,陕西,理科,清华大学
42,陕西,理科,清华大学
95,陕西,理科,清华大学
36,陕西,理科,清华大学
74,陕西,理科,清华大学
37,陕西,理科,清华大学
17,陕西,理科,清华大学
95,陕西,理科,清华大学
83,陕西,理科,清华大学
88,陕西,理科,清华大学
37,陕西,理科,清华大学
61,陕西,理科,清华大学
40,陕西,理科,清华大学
56,陕西,理科,清华大学
56,陕西,理科,清华大学
6,陕西,理科,清华大学
56,陕西,理科,清华大学
64,陕西,理科,清华大学
6,陕西,理科,清华大学
59,陕西,理科,清华大学
43,陕西,理科,清华大学
30,陕西,理科,清华大学
36,陕西,理科,清华大学
36,陕西,理科,清华大学
16,陕西,理科,清华大学
90,陕西,理科,清华大学
88,陕西,理科,清华大学
32,陕西,理科,清华大学
49,陕西,理科,清华大学
2,陕西,理科,清华大学
25,陕西,理科,清华大学
4,陕西,理科,清华大学
100,陕西,理科,清华大学
20,陕西,理科,清华大学
30,陕西,理科,清华大学
99,陕西,理科,清华大学
88,陕西,理科,清华大学
93,陕西,理科,清华大学
39,陕西,理科,清华大学
62,陕西,理科,清华大学
64,陕西,理科,清华大学
7,陕西,理科,清华大学
11,陕西,理科,清华大学
100,陕西,理科,清华大学
55,陕西,理科,清华大学
3,陕西,理科,清华大学
7,陕西,理科,清华大学
1,陕西,理科,清华大学
12,甘肃,理科,清华大学
17,甘肃,理科,清华大学
1,甘肃,理科,清华大学
5,甘肃,理科,清华大学
6,甘肃,理科,清华大学
17,甘肃,理科,清华大学
32,甘肃,理科,清华大学
36,甘肃,理科,清华大学
14,甘肃,理科,清华大学
28,甘肃,理科,清华大学
32,甘肃,理科,清华大学
40,甘肃,理科,清华大学
12,甘肃,理科,清华大学
40,甘肃,理科,清华大学
7,甘肃,理科,清华大学
30,甘肃,理科,清华大学
2,甘肃,理科,清华大学
16,甘肃,理科,清华大学
2,甘肃,理科,清华大学
7,甘肃,理科,清华大学
7,甘肃,理科,清华大学
33,甘肃,理科,清华大学
2,甘肃,理科,清华大学
40,甘肃,理科,清华大学
41,甘肃,理科,清华大学
12,甘肃,理科,清华大学
43,甘肃,理科,清华大学
6,甘肃,理科,清华大学
6,甘肃,理科,清华大学
24,甘肃,理科,清华大学
31,甘肃,理科,清华大学
34,甘肃,理科,清华大学
5,甘肃,理科,清华大学
21,甘肃,理科,清华大学
2,甘肃,理科,清华大学
26,甘肃,理科,清华大学
28,甘肃,理科,清华大学
18,甘肃,理科,清华大学
36,甘肃,理科,清华大学
17,甘肃,理科,清华大学
41,甘肃,理科,清华大学
17,甘肃,理科,清华大学
4,甘肃,理科,清华大学
5,青海,理科,清华大学
22,青海,理科,清华大学
19,青海,理科,清华大学
15,青海,理科,清华大学
16,青海,理科,清华大学
25,青海,理科,清华大学
12,青海,理科,清华大学
16,青海,理科,清华大学
21,青海,理科,清华大学
8,青海,理科,清华大学
20,青海,理科,清华大学
3,青海,理科,清华大学
24,青海,理科,清华大学
13,青海,理科,清华大学
7,青海,理科,清华大学
13,青海,理科,清华大学
3,青海,理科,清华大学
6,青海,理科,清华大学
10,青海,理科,清华大学
22,青海,理科,清华大学
17,青海,理科,清华大学
6,青海,理科,清华大学
24,青海,理科,清华大学
2,青海,理科,清华大学
18,青海,理科,清华大学
18,宁夏,理科,清华大学
11,宁夏,理科,清华大学
8,宁夏,理科,清华大学
20,宁夏,理科,清华大学
7,宁夏,理科,清华大学
11,宁夏,理科,清华大学
20,宁夏,理科,清华大学
14,宁夏,理科,清华大学
15,宁夏,理科,清华大学
10,宁夏,理科,清华大学
15,宁夏,理科,清华大学
6,宁夏,理科,清华大学
17,宁夏,理科,清华大学
11,宁夏,理科,清华大学
2,宁夏,理科,清华大学
3,宁夏,理科,清华大学
8,宁夏,理科,清华大学
11,宁夏,理科,清华大学
7,宁夏,理科,清华大学
18,宁夏,理科,清华大学
40,新疆,理科,清华大学
70,新疆,理科,清华大学
1,新疆,理科,清华大学
43,新疆,理科,清华大学
11,新疆,理科,清华大学
14,新疆,理科,清华大学
34,新疆,理科,清华大学
27,新疆,理科,清华大学
49,新疆,理科,清华大学
49,新疆,理科,清华大学
36,新疆,理科,清华大学
31,新疆,理科,清华大学
80,新疆,理科,清华大学
56,新疆,理科,清华大学
16,新疆,理科,清华大学
76,新疆,理科,清华大学
73,新疆,理科,清华大学
40,新疆,理科,清华大学
7,新疆,理科,清华大学
77,新疆,理科,清华大学
9,新疆,理科,清华大学
7,新疆,理科,清华大学
83,新疆,理科,清华大学
27,新疆,理科,清华大学
79,新疆,理科,清华大学
28,新疆,理科,清华大学
62,新疆,理科,清华大学
32,新疆,理科,清华大学
83,新疆,理科,清华大学
54,新疆,理科,清华大学
81,新疆,理科,清华大学
63,新疆,理科,清华大学
78,新疆,理科,清华大学
55,新疆,理科,清华大学
58,新疆,理科,清华大学
7,新疆,理科,清华大学
18,新疆,理科,清华大学
54,新疆,理科,清华大学
6,新疆,理科,清华大学
36,新疆,理科,清华大学
33,新疆,理科,清华大学
17,新疆,理科,清华大学
69,新疆,理科,清华大学
75,新疆,理科,清华大学
39,新疆,理科,清华大学
51,新疆,理科,清华大学
49,新疆,理科,清华大学
65,新疆,理科,清华大学
76,新疆,理科,清华大学
78,新疆,理科,清华大学
47,新疆,理科,清华大学
73,新疆,理科,清华大学
40,新疆,理科,清华大学
83,新疆,理科,清华大学
9,新疆,理科,清华大学
5,新疆,理科,清华大学
30,新疆,理科,清华大学
40,新疆,理科,清华大学
58,新疆,理科,清华大学
68,新疆,理科,清华大学
19,新疆,理科,清华大学
61,新疆,理科,清华大学
24,新疆,理科,清华大学
34,新疆,理科,清华大学
81,新疆,理科,清华大学
64,新疆,理科,清华大学
69,新疆,理科,清华大学
60,新疆,理科,清华大学
22,新疆,理科,清华大学
70,新疆,理科,清华大学
64,新疆,理科,清华大学
56,新疆,理科,清华大学
42,新疆,理科,清华大学
69,新疆,理科,清华大学
18,新疆,理科,清华大学
70,新疆,理科,清华大学
77,新疆,理科,清华大学
29,新疆,理科,清华大学
40,新疆,理科,清华大学
39,新疆,理科,清华大学
33,新疆,理科,清华大学
6,新疆,理科,清华大学
24,新疆,理科,清华大学
85,北京,理科,清华大学
106,北京,理科,清华大学
67,北京,理科,清华大学
15,北京,理科,清华大学
30,北京,理科,清华大学
64,北京,理科,清华大学
94,北京,理科,清华大学
152,北京,理科,清华大学
118,北京,理科,清华大学
92,北京,理科,清华大学
23,北京,理科,清华大学
52,北京,理科,清华大学
26,北京,理科,清华大学
51,北京,理科,清华大学
93,北京,理科,清华大学
48,北京,理科,清华大学
29,北京,理科,清华大学
128,北京,理科,清华大学
116,北京,理科,清华大学
44,北京,理科,清华大学
33,北京,理科,清华大学
54,北京,理科,清华大学
94,北京,理科,清华大学
88,北京,理科,清华大学
68,北京,理科,清华大学
20,北京,理科,清华大学
87,北京,理科,清华大学
139,北京,理科,清华大学
69,北京,理科,清华大学
47,北京,理科,清华大学
7,北京,理科,清华大学
85,北京,理科,清华大学
28,北京,理科,清华大学
28,北京,理科,清华大学
5,北京,理科,清华大学
26,北京,理科,清华大学
62,北京,理科,清华大学
73,北京,理科,清华大学
64,北京,理科,清华大学
147,北京,理科,清华大学
146,北京,理科,清华大学
16,北京,理科,清华大学
15,北京,理科,清华大学
17,北京,理科,清华大学
3,北京,理科,清华大学
60,北京,理科,清华大学
55,北京,理科,清华大学
118,北京,理科,清华大学
16,北京,理科,清华大学
114,北京,理科,清华大学
40,北京,理科,清华大学
34,北京,理科,清华大学
107,北京,理科,清华大学
10,北京,理科,清华大学
103,北京,理科,清华大学
79,北京,理科,清华大学
44,北京,理科,清华大学
79,北京,理科,清华大学
129,北京,理科,清华大学
89,北京,理科,清华大学
125,北京,理科,清华大学
86,北京,理科,清华大学
123,北京,理科,清华大学
52,北京,理科,清华大学
51,北京,理科,清华大学
103,北京,理科,清华大学
95,北京,理科,清华大学
91,北京,理科,清华大学
65,北京,理科,清华大学
89,北京,理科,清华大学
128,北京,理科,清华大学
68,北京,理科,清华大学
72,北京,理科,清华大学
35,北京,理科,清华大学
112,北京,理科,清华大学
123,北京,理科,清华大学
113,北京,理科,清华大学
135,北京,理科,清华大学
134,北京,理科,清华大学
141,北京,理科,清华大学
62,北京,理科,清华大学
137,北京,理科,清华大学
92,北京,理科,清华大学
12,北京,理科,清华大学
26,北京,理科,清华大学
150,北京,理科,清华大学
64,北京,理科,清华大学
102,北京,理科,清华大学
44,北京,理科,清华大学
6,北京,理科,清华大学
66,北京,理科,清华大学
86,北京,理科,清华大学
67,北京,理科,清华大学
108,北京,理科,清华大学
85,北京,理科,清华大学
46,北京,理科,清华大学
4,北京,理科,清华大学
52,北京,理科,清华大学
27,北京,理科,清华大学
120,北京,理科,清华大学
4,北京,理科,清华大学
122,北京,理科,清华大学
54,北京,理科,清华大学
22,北京,理科,清华大学
102,北京,理科,清华大学
113,北京,理科,清华大学
101,北京,理科,清华大学
81,北京,理科,清华大学
148,北京,理科,清华大学
39,北京,理科,清华大学
111,北京,理科,清华大学
22,北京,理科,清华大学
85,北京,理科,清华大学
91,北京,理科,清华大学
79,北京,理科,清华大学
98,北京,理科,清华大学
14,北京,理科,清华大学
63,北京,理科,清华大学
57,北京,理科,清华大学
67,北京,理科,清华大学
152,北京,理科,清华大学
104,北京,理科,清华大学
96,北京,理科,清华大学
35,北京,理科,清华大学
117,北京,理科,清华大学
44,北京,理科,清华大学
9,北京,理科,清华大学
118,北京,理科,清华大学
15,北京,理科,清华大学
105,北京,理科,清华大学
101,北京,理科,清华大学
41,北京,理科,清华大学
67,北京,理科,清华大学
86,北京,理科,清华大学
100,北京,理科,清华大学
61,北京,理科,清华大学
125,北京,理科,清华大学
70,北京,理科,清华大学
65,北京,理科,清华大学
101,北京,理科,清华大学
76,北京,理科,清华大学
70,北京,理科,清华大学
26,北京,理科,清华大学
107,北京,理科,清华大学
46,北京,理科,清华大学
18,北京,理科,清华大学
64,北京,理科,清华大学
36,北京,理科,清华大学
50,北京,理科,清华大学
9,北京,理科,清华大学
112,北京,理科,清华大学
119,北京,理科,清华大学
35,天津,理科,清华大学
10,天津,理科,清华大学
5,天津,理科,清华大学
1,天津,理科,清华大学
45,天津,理科,清华大学
52,天津,理科,清华大学
13,天津,理科,清华大学
47,天津,理科,清华大学
7,天津,理科,清华大学
17,天津,理科,清华大学
25,天津,理科,清华大学
43,天津,理科,清华大学
49,天津,理科,清华大学
47,天津,理科,清华大学
3,天津,理科,清华大学
35,天津,理科,清华大学
7,天津,理科,清华大学
30,天津,理科,清华大学
1,天津,理科,清华大学
14,天津,理科,清华大学
42,天津,理科,清华大学
23,天津,理科,清华大学
38,天津,理科,清华大学
7,天津,理科,清华大学
52,天津,理科,清华大学
34,天津,理科,清华大学
19,天津,理科,清华大学
37,天津,理科,清华大学
50,天津,理科,清华大学
13,天津,理科,清华大学
7,天津,理科,清华大学
33,天津,理科,清华大学
26,天津,理科,清华大学
15,天津,理科,清华大学
25,天津,理科,清华大学
50,天津,理科,清华大学
35,天津,理科,清华大学
2,天津,理科,清华大学
3,天津,理科,清华大学
38,天津,理科,清华大学
49,天津,理科,清华大学
30,天津,理科,清华大学
3,天津,理科,清华大学
49,天津,理科,清华大学
27,天津,理科,清华大学
35,天津,理科,清华大学
22,天津,理科,清华大学
23,天津,理科,清华大学
9,天津,理科,清华大学
8,天津,理科,清华大学
16,天津,理科,清华大学
33,天津,理科,清华大学
39,天津,理科,清华大学
21,河北,理科,清华大学
127,河北,理科,清华大学
118,河北,理科,清华大学
93,河北,理科,清华大学
14,河北,理科,清华大学
97,河北,理科,清华大学
22,河北,理科,清华大学
58,河北,理科,清华大学
46,河北,理科,清华大学
104,河北,理科,清华大学
6,河北,理科,清华大学
114,河北,理科,清华大学
47,河北,理科,清华大学
17,河北,理科,清华大学
8,河北,理科,清华大学
13,河北,理科,清华大学
97,河北,理科,清华大学
93,河北,理科,清华大学
70,河北,理科,清华大学
121,河北,理科,清华大学
129,河北,理科,清华大学
31,河北,理科,清华大学
98,河北,理科,清华大学
30,河北,理科,清华大学
7,河北,理科,清华大学
23,河北,理科,清华大学
109,河北,理科,清华大学
91,河北,理科,清华大学
15,河北,理科,清华大学
20,河北,理科,清华大学
74,河北,理科,清华大学
35,河北,理科,清华大学
125,河北,理科,清华大学
68,河北,理科,清华大学
31,河北,理科,清华大学
83,河北,理科,清华大学
74,河北,理科,清华大学
78,河北,理科,清华大学
118,河北,理科,清华大学
53,河北,理科,清华大学
72,河北,理科,清华大学
20,河北,理科,清华大学
51,河北,理科,清华大学
9,河北,理科,清华大学
15,河北,理科,清华大学
3,河北,理科,清华大学
20,河北,理科,清华大学
119,河北,理科,清华大学
119,河北,理科,清华大学
10,河北,理科,清华大学
109,河北,理科,清华大学
42,河北,理科,清华大学
52,河北,理科,清华大学
121,河北,理科,清华大学
2,河北,理科,清华大学
50,河北,理科,清华大学
115,河北,理科,清华大学
60,河北,理科,清华大学
104,河北,理科,清华大学
22,河北,理科,清华大学
74,河北,理科,清华大学
56,河北,理科,清华大学
52,河北,理科,清华大学
20,河北,理科,清华大学
17,河北,理科,清华大学
49,河北,理科,清华大学
131,河北,理科,清华大学
97,河北,理科,清华大学
121,河北,理科,清华大学
48,河北,理科,清华大学
44,河北,理科,清华大学
2,河北,理科,清华大学
27,河北,理科,清华大学
111,河北,理科,清华大学
6,河北,理科,清华大学
77,河北,理科,清华大学
79,河北,理科,清华大学
9,河北,理科,清华大学
60,河北,理科,清华大学
66,河北,理科,清华大学
18,河北,理科,清华大学
102,河北,理科,清华大学
7,河北,理科,清华大学
10,河北,理科,清华大学
49,河北,理科,清华大学
29,河北,理科,清华大学
47,河北,理科,清华大学
17,河北,理科,清华大学
16,河北,理科,清华大学
98,河北,理科,清华大学
131,河北,理科,清华大学
94,河北,理科,清华大学
127,河北,理科,清华大学
105,河北,理科,清华大学
41,河北,理科,清华大学
108,河北,理科,清华大学
95,河北,理科,清华大学
117,河北,理科,清华大学
82,河北,理科,清华大学
132,河北,理科,清华大学
61,河北,理科,清华大学
98,河北,理科,清华大学
105,河北,理科,清华大学
46,河北,理科,清华大学
1,河北,理科,清华大学
4,河北,理科,清华大学
83,河北,理科,清华大学
114,河北,理科,清华大学
62,河北,理科,清华大学
48,河北,理科,清华大学
46,河北,理科,清华大学
32,河北,理科,清华大学
56,河北,理科,清华大学
12,河北,理科,清华大学
121,河北,理科,清华大学
90,河北,理科,清华大学
53,河北,理科,清华大学
58,河北,理科,清华大学
43,河北,理科,清华大学
43,河北,理科,清华大学
115,河北,理科,清华大学
31,河北,理科,清华大学
42,河北,理科,清华大学
43,河北,理科,清华大学
43,河北,理科,清华大学
121,河北,理科,清华大学
86,河北,理科,清华大学
127,河北,理科,清华大学
48,河北,理科,清华大学
80,河北,理科,清华大学
51,河北,理科,清华大学
97,河北,理科,清华大学
143,山西,理科,清华大学
115,山西,理科,清华大学
88,山西,理科,清华大学
72,山西,理科,清华大学
45,山西,理科,清华大学
50,山西,理科,清华大学
24,山西,理科,清华大学
36,山西,理科,清华大学
36,山西,理科,清华大学
40,山西,理科,清华大学
15,山西,理科,清华大学
29,山西,理科,清华大学
42,山西,理科,清华大学
81,山西,理科,清华大学
106,山西,理科,清华大学
94,山西,理科,清华大学
91,山西,理科,清华大学
64,山西,理科,清华大学
130,山西,理科,清华大学
112,山西,理科,清华大学
60,山西,理科,清华大学
94,山西,理科,清华大学
99,山西,理科,清华大学
8,山西,理科,清华大学
49,山西,理科,清华大学
87,山西,理科,清华大学
123,山西,理科,清华大学
76,山西,理科,清华大学
18,山西,理科,清华大学
94,山西,理科,清华大学
106,山西,理科,清华大学
107,山西,理科,清华大学
97,山西,理科,清华大学
143,山西,理科,清华大学
169,山西,理科,清华大学
98,山西,理科,清华大学
91,山西,理科,清华大学
90,山西,理科,清华大学
28,山西,理科,清华大学
26,山西,理科,清华大学
20,山西,理科,清华大学
76,山西,理科,清华大学
29,山西,理科,清华大学
55,山西,理科,清华大学
124,山西,理科,清华大学
167,山西,理科,清华大学
102,山西,理科,清华大学
110,山西,理科,清华大学
154,山西,理科,清华大学
100,山西,理科,清华大学
80,山西,理科,清华大学
51,山西,理科,清华大学
18,山西,理科,清华大学
16,山西,理科,清华大学
40,山西,理科,清华大学
65,山西,理科,清华大学
131,山西,理科,清华大学
92,山西,理科,清华大学
164,山西,理科,清华大学
139,山西,理科,清华大学
1,山西,理科,清华大学
166,山西,理科,清华大学
69,山西,理科,清华大学
69,山西,理科,清华大学
109,山西,理科,清华大学
168,山西,理科,清华大学
46,山西,理科,清华大学
22,山西,理科,清华大学
141,山西,理科,清华大学
7,山西,理科,清华大学
24,山西,理科,清华大学
110,山西,理科,清华大学
72,山西,理科,清华大学
88,山西,理科,清华大学
149,山西,理科,清华大学
92,山西,理科,清华大学
49,山西,理科,清华大学
108,山西,理科,清华大学
114,山西,理科,清华大学
91,山西,理科,清华大学
119,山西,理科,清华大学
166,山西,理科,清华大学
74,山西,理科,清华大学
108,山西,理科,清华大学
10,山西,理科,清华大学
51,山西,理科,清华大学
79,山西,理科,清华大学
150,山西,理科,清华大学
75,山西,理科,清华大学
38,山西,理科,清华大学
145,山西,理科,清华大学
138,山西,理科,清华大学
131,山西,理科,清华大学
116,山西,理科,清华大学
98,山西,理科,清华大学
69,山西,理科,清华大学
57,山西,理科,清华大学
120,山西,理科,清华大学
81,山西,理科,清华大学
138,山西,理科,清华大学
85,山西,理科,清华大学
115,山西,理科,清华大学
100,山西,理科,清华大学
14,山西,理科,清华大学
110,山西,理科,清华大学
21,山西,理科,清华大学
2,山西,理科,清华大学
42,山西,理科,清华大学
119,山西,理科,清华大学
70,山西,理科,清华大学
137,山西,理科,清华大学
103,山西,理科,清华大学
113,山西,理科,清华大学
136,山西,理科,清华大学
117,山西,理科,清华大学
67,山西,理科,清华大学
70,山西,理科,清华大学
59,山西,理科,清华大学
158,山西,理科,清华大学
110,山西,理科,清华大学
56,山西,理科,清华大学
152,山西,理科,清华大学
40,山西,理科,清华大学
26,山西,理科,清华大学
54,山西,理科,清华大学
175,山西,理科,清华大学
118,山西,理科,清华大学
28,山西,理科,清华大学
52,山西,理科,清华大学
156,山西,理科,清华大学
59,山西,理科,清华大学
16,山西,理科,清华大学
73,山西,理科,清华大学
51,山西,理科,清华大学
139,山西,理科,清华大学
60,山西,理科,清华大学
83,山西,理科,清华大学
86,山西,理科,清华大学
44,山西,理科,清华大学
23,山西,理科,清华大学
125,山西,理科,清华大学
36,山西,理科,清华大学
28,山西,理科,清华大学
40,山西,理科,清华大学
145,山西,理科,清华大学
38,山西,理科,清华大学
108,山西,理科,清华大学
49,山西,理科,清华大学
54,山西,理科,清华大学
115,山西,理科,清华大学
58,山西,理科,清华大学
141,山西,理科,清华大学
173,山西,理科,清华大学
62,山西,理科,清华大学
62,山西,理科,清华大学
59,山西,理科,清华大学
46,山西,理科,清华大学
7,山西,理科,清华大学
7,山西,理科,清华大学
85,山西,理科,清华大学
120,山西,理科,清华大学
132,山西,理科,清华大学
52,山西,理科,清华大学
20,山西,理科,清华大学
110,山西,理科,清华大学
148,山西,理科,清华大学
27,山西,理科,清华大学
81,山西,理科,清华大学
91,山西,理科,清华大学
134,山西,理科,清华大学
120,山西,理科,清华大学
81,山西,理科,清华大学
5,山西,理科,清华大学
167,山西,理科,清华大学
142,山西,理科,清华大学
141,山西,理科,清华大学
34,内蒙古,理科,清华大学
18,内蒙古,理科,清华大学
39,内蒙古,理科,清华大学
3,内蒙古,理科,清华大学
19,内蒙古,理科,清华大学
3,内蒙古,理科,清华大学
29,内蒙古,理科,清华大学
39,内蒙古,理科,清华大学
15,内蒙古,理科,清华大学
11,内蒙古,理科,清华大学
28,内蒙古,理科,清华大学
42,内蒙古,理科,清华大学
39,内蒙古,理科,清华大学
9,内蒙古,理科,清华大学
9,内蒙古,理科,清华大学
19,内蒙古,理科,清华大学
16,内蒙古,理科,清华大学
31,内蒙古,理科,清华大学
30,内蒙古,理科,清华大学
40,内蒙古,理科,清华大学
22,内蒙古,理科,清华大学
24,内蒙古,理科,清华大学
1,内蒙古,理科,清华大学
14,内蒙古,理科,清华大学
13,内蒙古,理科,清华大学
15,内蒙古,理科,清华大学
25,内蒙古,理科,清华大学
12,内蒙古,理科,清华大学
42,内蒙古,理科,清华大学
16,内蒙古,理科,清华大学
37,内蒙古,理科,清华大学
16,内蒙古,理科,清华大学
38,内蒙古,理科,清华大学
38,内蒙古,理科,清华大学
34,内蒙古,理科,清华大学
35,内蒙古,理科,清华大学
7,内蒙古,理科,清华大学
8,内蒙古,理科,清华大学
40,内蒙古,理科,清华大学
3,内蒙古,理科,清华大学
37,内蒙古,理科,清华大学
6,内蒙古,理科,清华大学
56,辽宁,理科,清华大学
2,辽宁,理科,清华大学
36,辽宁,理科,清华大学
76,辽宁,理科,清华大学
27,辽宁,理科,清华大学
33,辽宁,理科,清华大学
36,辽宁,理科,清华大学
65,辽宁,理科,清华大学
4,辽宁,理科,清华大学
62,辽宁,理科,清华大学
55,辽宁,理科,清华大学
35,辽宁,理科,清华大学
63,辽宁,理科,清华大学
74,辽宁,理科,清华大学
2,辽宁,理科,清华大学
9,辽宁,理科,清华大学
60,辽宁,理科,清华大学
69,辽宁,理科,清华大学
23,辽宁,理科,清华大学
5,辽宁,理科,清华大学
26,辽宁,理科,清华大学
15,辽宁,理科,清华大学
67,辽宁,理科,清华大学
51,辽宁,理科,清华大学
77,辽宁,理科,清华大学
63,辽宁,理科,清华大学
71,辽宁,理科,清华大学
51,辽宁,理科,清华大学
35,辽宁,理科,清华大学
16,辽宁,理科,清华大学
6,辽宁,理科,清华大学
22,辽宁,理科,清华大学
63,辽宁,理科,清华大学
55,辽宁,理科,清华大学
14,辽宁,理科,清华大学
69,辽宁,理科,清华大学
59,辽宁,理科,清华大学
14,辽宁,理科,清华大学
21,辽宁,理科,清华大学
20,辽宁,理科,清华大学
22,辽宁,理科,清华大学
32,辽宁,理科,清华大学
66,辽宁,理科,清华大学
22,辽宁,理科,清华大学
8,辽宁,理科,清华大学
16,辽宁,理科,清华大学
11,辽宁,理科,清华大学
53,辽宁,理科,清华大学
70,辽宁,理科,清华大学
37,辽宁,理科,清华大学
40,辽宁,理科,清华大学
26,辽宁,理科,清华大学
55,辽宁,理科,清华大学
18,辽宁,理科,清华大学
73,辽宁,理科,清华大学
21,辽宁,理科,清华大学
30,辽宁,理科,清华大学
18,辽宁,理科,清华大学
18,辽宁,理科,清华大学
60,辽宁,理科,清华大学
1,辽宁,理科,清华大学
35,辽宁,理科,清华大学
36,辽宁,理科,清华大学
65,辽宁,理科,清华大学
51,辽宁,理科,清华大学
30,辽宁,理科,清华大学
1,辽宁,理科,清华大学
65,辽宁,理科,清华大学
46,辽宁,理科,清华大学
44,辽宁,理科,清华大学
19,辽宁,理科,清华大学
66,辽宁,理科,清华大学
45,辽宁,理科,清华大学
81,辽宁,理科,清华大学
62,辽宁,理科,清华大学
47,辽宁,理科,清华大学
23,辽宁,理科,清华大学
51,辽宁,理科,清华大学
8,辽宁,理科,清华大学
9,辽宁,理科,清华大学
45,辽宁,理科,清华大学
53,辽宁,理科,清华大学
46,吉林,理科,清华大学
23,吉林,理科,清华大学
24,吉林,理科,清华大学
31,吉林,理科,清华大学
3,吉林,理科,清华大学
21,吉林,理科,清华大学
37,吉林,理科,清华大学
43,吉林,理科,清华大学
42,吉林,理科,清华大学
41,吉林,理科,清华大学
39,吉林,理科,清华大学
21,吉林,理科,清华大学
17,吉林,理科,清华大学
33,吉林,理科,清华大学
4,吉林,理科,清华大学
20,吉林,理科,清华大学
15,吉林,理科,清华大学
18,吉林,理科,清华大学
4,吉林,理科,清华大学
33,吉林,理科,清华大学
15,吉林,理科,清华大学
22,吉林,理科,清华大学
35,吉林,理科,清华大学
46,吉林,理科,清华大学
1,吉林,理科,清华大学
45,吉林,理科,清华大学
34,吉林,理科,清华大学
15,吉林,理科,清华大学
30,吉林,理科,清华大学
47,吉林,理科,清华大学
26,吉林,理科,清华大学
14,吉林,理科,清华大学
27,吉林,理科,清华大学
43,吉林,理科,清华大学
18,吉林,理科,清华大学
43,吉林,理科,清华大学
19,吉林,理科,清华大学
11,吉林,理科,清华大学
33,吉林,理科,清华大学
37,吉林,理科,清华大学
33,吉林,理科,清华大学
39,吉林,理科,清华大学
1,吉林,理科,清华大学
25,吉林,理科,清华大学
12,吉林,理科,清华大学
36,吉林,理科,清华大学
22,吉林,理科,清华大学
32,吉林,理科,清华大学
30,吉林,理科,清华大学
11,吉林,理科,清华大学
11,黑龙江,理科,清华大学
45,黑龙江,理科,清华大学
45,黑龙江,理科,清华大学
29,黑龙江,理科,清华大学
2,黑龙江,理科,清华大学
35,黑龙江,理科,清华大学
14,黑龙江,理科,清华大学
36,黑龙江,理科,清华大学
44,黑龙江,理科,清华大学
4,黑龙江,理科,清华大学
32,黑龙江,理科,清华大学
55,黑龙江,理科,清华大学
36,黑龙江,理科,清华大学
5,黑龙江,理科,清华大学
46,黑龙江,理科,清华大学
14,黑龙江,理科,清华大学
45,黑龙江,理科,清华大学
55,黑龙江,理科,清华大学
7,黑龙江,理科,清华大学
4,黑龙江,理科,清华大学
47,黑龙江,理科,清华大学
52,黑龙江,理科,清华大学
43,黑龙江,理科,清华大学
44,黑龙江,理科,清华大学
49,黑龙江,理科,清华大学
56,黑龙江,理科,清华大学
41,黑龙江,理科,清华大学
18,黑龙江,理科,清华大学
29,黑龙江,理科,清华大学
2,黑龙江,理科,清华大学
6,黑龙江,理科,清华大学
48,黑龙江,理科,清华大学
16,黑龙江,理科,清华大学
53,黑龙江,理科,清华大学
17,黑龙江,理科,清华大学
21,黑龙江,理科,清华大学
44,黑龙江,理科,清华大学
52,黑龙江,理科,清华大学
48,黑龙江,理科,清华大学
9,黑龙江,理科,清华大学
46,黑龙江,理科,清华大学
30,黑龙江,理科,清华大学
21,黑龙江,理科,清华大学
19,黑龙江,理科,清华大学
22,黑龙江,理科,清华大学
28,黑龙江,理科,清华大学
1,黑龙江,理科,清华大学
17,黑龙江,理科,清华大学
14,黑龙江,理科,清华大学
15,黑龙江,理科,清华大学
5,黑龙江,理科,清华大学
6,黑龙江,理科,清华大学
32,黑龙江,理科,清华大学
15,黑龙江,理科,清华大学
14,黑龙江,理科,清华大学
22,黑龙江,理科,清华大学
25,黑龙江,理科,清华大学
49,江苏,理科,清华大学
56,江苏,理科,清华大学
93,江苏,理科,清华大学
3,江苏,理科,清华大学
102,江苏,理科,清华大学
105,江苏,理科,清华大学
28,江苏,理科,清华大学
52,江苏,理科,清华大学
5,江苏,理科,清华大学
52,江苏,理科,清华大学
86,江苏,理科,清华大学
6,江苏,理科,清华大学
63,江苏,理科,清华大学
84,江苏,理科,清华大学
16,江苏,理科,清华大学
2,江苏,理科,清华大学
123,江苏,理科,清华大学
60,江苏,理科,清华大学
4,江苏,理科,清华大学
46,江苏,理科,清华大学
103,江苏,理科,清华大学
13,江苏,理科,清华大学
37,江苏,理科,清华大学
64,江苏,理科,清华大学
128,江苏,理科,清华大学
84,江苏,理科,清华大学
129,江苏,理科,清华大学
106,江苏,理科,清华大学
73,江苏,理科,清华大学
119,江苏,理科,清华大学
64,江苏,理科,清华大学
23,江苏,理科,清华大学
58,江苏,理科,清华大学
69,江苏,理科,清华大学
18,江苏,理科,清华大学
102,江苏,理科,清华大学
47,江苏,理科,清华大学
55,江苏,理科,清华大学
69,江苏,理科,清华大学
5,江苏,理科,清华大学
26,江苏,理科,清华大学
53,江苏,理科,清华大学
47,江苏,理科,清华大学
8,江苏,理科,清华大学
119,江苏,理科,清华大学
10,江苏,理科,清华大学
66,江苏,理科,清华大学
58,江苏,理科,清华大学
100,江苏,理科,清华大学
63,江苏,理科,清华大学
127,江苏,理科,清华大学
108,江苏,理科,清华大学
100,江苏,理科,清华大学
86,江苏,理科,清华大学
73,江苏,理科,清华大学
65,江苏,理科,清华大学
74,江苏,理科,清华大学
122,江苏,理科,清华大学
125,江苏,理科,清华大学
68,江苏,理科,清华大学
93,江苏,理科,清华大学
55,江苏,理科,清华大学
124,江苏,理科,清华大学
100,江苏,理科,清华大学
69,江苏,理科,清华大学
22,江苏,理科,清华大学
98,江苏,理科,清华大学
105,江苏,理科,清华大学
47,江苏,理科,清华大学
71,江苏,理科,清华大学
12,江苏,理科,清华大学
107,江苏,理科,清华大学
22,江苏,理科,清华大学
83,江苏,理科,清华大学
116,江苏,理科,清华大学
125,江苏,理科,清华大学
99,江苏,理科,清华大学
55,江苏,理科,清华大学
61,江苏,理科,清华大学
118,江苏,理科,清华大学
87,江苏,理科,清华大学
18,江苏,理科,清华大学
29,江苏,理科,清华大学
76,江苏,理科,清华大学
100,江苏,理科,清华大学
28,江苏,理科,清华大学
14,江苏,理科,清华大学
19,江苏,理科,清华大学
83,江苏,理科,清华大学
101,江苏,理科,清华大学
125,江苏,理科,清华大学
24,江苏,理科,清华大学
53,江苏,理科,清华大学
58,江苏,理科,清华大学
77,江苏,理科,清华大学
42,江苏,理科,清华大学
110,江苏,理科,清华大学
93,江苏,理科,清华大学
84,江苏,理科,清华大学
92,江苏,理科,清华大学
12,江苏,理科,清华大学
126,江苏,理科,清华大学
52,江苏,理科,清华大学
64,江苏,理科,清华大学
66,江苏,理科,清华大学
105,江苏,理科,清华大学
25,江苏,理科,清华大学
55,江苏,理科,清华大学
78,江苏,理科,清华大学
98,江苏,理科,清华大学
50,江苏,理科,清华大学
130,江苏,理科,清华大学
87,江苏,理科,清华大学
108,江苏,理科,清华大学
13,江苏,理科,清华大学
68,江苏,理科,清华大学
106,江苏,理科,清华大学
4,江苏,理科,清华大学
94,江苏,理科,清华大学
52,江苏,理科,清华大学
18,江苏,理科,清华大学
49,江苏,理科,清华大学
123,江苏,理科,清华大学
124,江苏,理科,清华大学
8,江苏,理科,清华大学
115,江苏,理科,清华大学
130,江苏,理科,清华大学
115,江苏,理科,清华大学
9,江苏,理科,清华大学
53,江苏,理科,清华大学
23,安徽,理科,清华大学
39,安徽,理科,清华大学
42,安徽,理科,清华大学
83,安徽,理科,清华大学
41,安徽,理科,清华大学
3,安徽,理科,清华大学
7,安徽,理科,清华大学
2,安徽,理科,清华大学
32,安徽,理科,清华大学
38,安徽,理科,清华大学
31,安徽,理科,清华大学
34,安徽,理科,清华大学
70,安徽,理科,清华大学
45,安徽,理科,清华大学
56,安徽,理科,清华大学
54,安徽,理科,清华大学
45,安徽,理科,清华大学
45,安徽,理科,清华大学
47,安徽,理科,清华大学
5,安徽,理科,清华大学
67,安徽,理科,清华大学
1,安徽,理科,清华大学
48,安徽,理科,清华大学
20,安徽,理科,清华大学
67,安徽,理科,清华大学
57,安徽,理科,清华大学
56,安徽,理科,清华大学
15,安徽,理科,清华大学
54,安徽,理科,清华大学
42,安徽,理科,清华大学
52,安徽,理科,清华大学
58,安徽,理科,清华大学
41,安徽,理科,清华大学
62,安徽,理科,清华大学
36,安徽,理科,清华大学
59,安徽,理科,清华大学
81,安徽,理科,清华大学
81,安徽,理科,清华大学
28,安徽,理科,清华大学
6,安徽,理科,清华大学
35,安徽,理科,清华大学
30,安徽,理科,清华大学
16,安徽,理科,清华大学
72,安徽,理科,清华大学
24,安徽,理科,清华大学
8,安徽,理科,清华大学
57,安徽,理科,清华大学
2,安徽,理科,清华大学
43,安徽,理科,清华大学
48,安徽,理科,清华大学
69,安徽,理科,清华大学
62,安徽,理科,清华大学
4,安徽,理科,清华大学
9,安徽,理科,清华大学
58,安徽,理科,清华大学
25,安徽,理科,清华大学
11,安徽,理科,清华大学
54,安徽,理科,清华大学
16,安徽,理科,清华大学
18,安徽,理科,清华大学
81,安徽,理科,清华大学
44,安徽,理科,清华大学
27,安徽,理科,清华大学
82,安徽,理科,清华大学
47,安徽,理科,清华大学
11,安徽,理科,清华大学
33,安徽,理科,清华大学
2,安徽,理科,清华大学
19,安徽,理科,清华大学
37,安徽,理科,清华大学
74,安徽,理科,清华大学
33,安徽,理科,清华大学
50,安徽,理科,清华大学
12,安徽,理科,清华大学
35,安徽,理科,清华大学
60,安徽,理科,清华大学
51,安徽,理科,清华大学
33,安徽,理科,清华大学
13,安徽,理科,清华大学
67,安徽,理科,清华大学
27,安徽,理科,清华大学
39,安徽,理科,清华大学
17,安徽,理科,清华大学
44,安徽,理科,清华大学
59,福建,理科,清华大学
9,福建,理科,清华大学
9,福建,理科,清华大学
27,福建,理科,清华大学
7,福建,理科,清华大学
33,福建,理科,清华大学
5,福建,理科,清华大学
58,福建,理科,清华大学
34,福建,理科,清华大学
50,福建,理科,清华大学
24,福建,理科,清华大学
44,福建,理科,清华大学
24,福建,理科,清华大学
23,福建,理科,清华大学
47,福建,理科,清华大学
21,福建,理科,清华大学
49,福建,理科,清华大学
28,福建,理科,清华大学
38,福建,理科,清华大学
31,福建,理科,清华大学
58,福建,理科,清华大学
22,福建,理科,清华大学
42,福建,理科,清华大学
54,福建,理科,清华大学
13,福建,理科,清华大学
10,福建,理科,清华大学
60,福建,理科,清华大学
35,福建,理科,清华大学
3,福建,理科,清华大学
24,福建,理科,清华大学
55,福建,理科,清华大学
25,福建,理科,清华大学
8,福建,理科,清华大学
32,福建,理科,清华大学
15,福建,理科,清华大学
44,福建,理科,清华大学
28,福建,理科,清华大学
31,福建,理科,清华大学
45,福建,理科,清华大学
52,福建,理科,清华大学
13,福建,理科,清华大学
55,福建,理科,清华大学
60,福建,理科,清华大学
10,福建,理科,清华大学
40,福建,理科,清华大学
23,福建,理科,清华大学
21,福建,理科,清华大学
20,福建,理科,清华大学
27,福建,理科,清华大学
57,福建,理科,清华大学
23,福建,理科,清华大学
44,福建,理科,清华大学
32,福建,理科,清华大学
20,福建,理科,清华大学
26,福建,理科,清华大学
21,福建,理科,清华大学
4,福建,理科,清华大学
12,福建,理科,清华大学
8,福建,理科,清华大学
38,福建,理科,清华大学
71,江西,理科,清华大学
72,江西,理科,清华大学
41,江西,理科,清华大学
57,江西,理科,清华大学
32,江西,理科,清华大学
14,江西,理科,清华大学
2,江西,理科,清华大学
8,江西,理科,清华大学
26,江西,理科,清华大学
34,江西,理科,清华大学
3,江西,理科,清华大学
76,江西,理科,清华大学
39,江西,理科,清华大学
7,江西,理科,清华大学
36,江西,理科,清华大学
69,江西,理科,清华大学
29,江西,理科,清华大学
71,江西,理科,清华大学
66,江西,理科,清华大学
18,江西,理科,清华大学
72,江西,理科,清华大学
10,江西,理科,清华大学
50,江西,理科,清华大学
75,江西,理科,清华大学
75,江西,理科,清华大学
73,江西,理科,清华大学
26,江西,理科,清华大学
1,江西,理科,清华大学
18,江西,理科,清华大学
57,江西,理科,清华大学
67,江西,理科,清华大学
41,江西,理科,清华大学
29,江西,理科,清华大学
64,江西,理科,清华大学
80,江西,理科,清华大学
25,江西,理科,清华大学
45,江西,理科,清华大学
27,江西,理科,清华大学
10,江西,理科,清华大学
23,江西,理科,清华大学
3,江西,理科,清华大学
75,江西,理科,清华大学
1,江西,理科,清华大学
21,江西,理科,清华大学
2,江西,理科,清华大学
74,江西,理科,清华大学
35,江西,理科,清华大学
65,江西,理科,清华大学
3,江西,理科,清华大学
78,江西,理科,清华大学
77,江西,理科,清华大学
17,江西,理科,清华大学
76,江西,理科,清华大学
41,江西,理科,清华大学
48,江西,理科,清华大学
51,江西,理科,清华大学
35,江西,理科,清华大学
13,江西,理科,清华大学
64,江西,理科,清华大学
60,江西,理科,清华大学
48,江西,理科,清华大学
68,江西,理科,清华大学
55,江西,理科,清华大学
43,江西,理科,清华大学
44,江西,理科,清华大学
18,江西,理科,清华大学
45,江西,理科,清华大学
67,江西,理科,清华大学
36,江西,理科,清华大学
26,江西,理科,清华大学
82,江西,理科,清华大学
22,江西,理科,清华大学
74,江西,理科,清华大学
14,江西,理科,清华大学
53,江西,理科,清华大学
34,江西,理科,清华大学
79,江西,理科,清华大学
39,江西,理科,清华大学
46,江西,理科,清华大学
57,江西,理科,清华大学
62,江西,理科,清华大学
55,江西,理科,清华大学
30,江西,理科,清华大学
52,江西,理科,清华大学
79,江西,理科,清华大学
7,山东,理科,清华大学
29,山东,理科,清华大学
5,山东,理科,清华大学
2,山东,理科,清华大学
16,山东,理科,清华大学
8,山东,理科,清华大学
33,山东,理科,清华大学
31,山东,理科,清华大学
33,山东,理科,清华大学
1,山东,理科,清华大学
19,山东,理科,清华大学
13,山东,理科,清华大学
7,山东,理科,清华大学
2,山东,理科,清华大学
17,山东,理科,清华大学
13,山东,理科,清华大学
28,山东,理科,清华大学
2,山东,理科,清华大学
28,山东,理科,清华大学
23,山东,理科,清华大学
26,山东,理科,清华大学
23,山东,理科,清华大学
34,山东,理科,清华大学
24,山东,理科,清华大学
19,山东,理科,清华大学
27,山东,理科,清华大学
23,山东,理科,清华大学
1,山东,理科,清华大学
11,山东,理科,清华大学
16,山东,理科,清华大学
7,山东,理科,清华大学
1,山东,理科,清华大学
21,山东,理科,清华大学
32,山东,理科,清华大学
16,河南,理科,清华大学
8,河南,理科,清华大学
6,河南,理科,清华大学
13,河南,理科,清华大学
8,河南,理科,清华大学
15,河南,理科,清华大学
47,河南,理科,清华大学
83,河南,理科,清华大学
9,河南,理科,清华大学
28,河南,理科,清华大学
7,河南,理科,清华大学
68,河南,理科,清华大学
37,河南,理科,清华大学
29,河南,理科,清华大学
30,河南,理科,清华大学
62,河南,理科,清华大学
77,河南,理科,清华大学
23,河南,理科,清华大学
88,河南,理科,清华大学
34,河南,理科,清华大学
59,河南,理科,清华大学
67,河南,理科,清华大学
76,河南,理科,清华大学
9,河南,理科,清华大学
42,河南,理科,清华大学
8,河南,理科,清华大学
29,河南,理科,清华大学
72,河南,理科,清华大学
30,河南,理科,清华大学
7,河南,理科,清华大学
86,河南,理科,清华大学
15,河南,理科,清华大学
3,河南,理科,清华大学
72,河南,理科,清华大学
71,河南,理科,清华大学
36,河南,理科,清华大学
65,河南,理科,清华大学
59,河南,理科,清华大学
39,河南,理科,清华大学
76,河南,理科,清华大学
23,河南,理科,清华大学
7,河南,理科,清华大学
65,河南,理科,清华大学
86,河南,理科,清华大学
10,河南,理科,清华大学
63,河南,理科,清华大学
87,河南,理科,清华大学
64,河南,理科,清华大学
27,河南,理科,清华大学
9,河南,理科,清华大学
17,河南,理科,清华大学
8,河南,理科,清华大学
22,河南,理科,清华大学
70,河南,理科,清华大学
42,河南,理科,清华大学
68,河南,理科,清华大学
36,河南,理科,清华大学
27,河南,理科,清华大学
13,河南,理科,清华大学
42,河南,理科,清华大学
23,河南,理科,清华大学
36,河南,理科,清华大学
80,河南,理科,清华大学
37,河南,理科,清华大学
43,河南,理科,清华大学
66,河南,理科,清华大学
9,河南,理科,清华大学
32,河南,理科,清华大学
16,河南,理科,清华大学
59,河南,理科,清华大学
8,河南,理科,清华大学
30,河南,理科,清华大学
9,河南,理科,清华大学
17,河南,理科,清华大学
24,河南,理科,清华大学
60,河南,理科,清华大学
30,河南,理科,清华大学
67,河南,理科,清华大学
6,河南,理科,清华大学
17,河南,理科,清华大学
36,河南,理科,清华大学
25,河南,理科,清华大学
47,河南,理科,清华大学
32,河南,理科,清华大学
14,河南,理科,清华大学
30,河南,理科,清华大学
50,河南,理科,清华大学
53,河南,理科,清华大学
63,湖北,理科,清华大学
10,湖北,理科,清华大学
60,湖北,理科,清华大学
74,湖北,理科,清华大学
87,湖北,理科,清华大学
37,湖北,理科,清华大学
26,湖北,理科,清华大学
67,湖北,理科,清华大学
80,湖北,理科,清华大学
88,湖北,理科,清华大学
14,湖北,理科,清华大学
82,湖北,理科,清华大学
53,湖北,理科,清华大学
70,湖北,理科,清华大学
76,湖北,理科,清华大学
47,湖北,理科,清华大学
17,湖北,理科,清华大学
99,湖北,理科,清华大学
10,湖北,理科,清华大学
76,湖北,理科,清华大学
4,湖北,理科,清华大学
37,湖北,理科,清华大学
32,湖北,理科,清华大学
26,湖北,理科,清华大学
9,湖北,理科,清华大学
22,湖北,理科,清华大学
8,湖北,理科,清华大学
72,湖北,理科,清华大学
23,湖北,理科,清华大学
75,湖北,理科,清华大学
17,湖北,理科,清华大学
93,湖北,理科,清华大学
18,湖北,理科,清华大学
55,湖北,理科,清华大学
86,湖北,理科,清华大学
31,湖北,理科,清华大学
2,湖北,理科,清华大学
7,湖北,理科,清华大学
3,湖北,理科,清华大学
95,湖北,理科,清华大学
14,湖北,理科,清华大学
88,湖北,理科,清华大学
79,湖北,理科,清华大学
8,湖北,理科,清华大学
34,湖北,理科,清华大学
86,湖北,理科,清华大学
89,湖北,理科,清华大学
73,湖北,理科,清华大学
83,湖北,理科,清华大学
29,湖北,理科,清华大学
52,湖北,理科,清华大学
7,湖北,理科,清华大学
60,湖北,理科,清华大学
35,湖北,理科,清华大学
39,湖北,理科,清华大学
16,湖北,理科,清华大学
2,湖北,理科,清华大学
78,湖北,理科,清华大学
92,湖北,理科,清华大学
26,湖北,理科,清华大学
59,湖北,理科,清华大学
18,湖北,理科,清华大学
19,湖北,理科,清华大学
16,湖北,理科,清华大学
60,湖北,理科,清华大学
80,湖北,理科,清华大学
53,湖北,理科,清华大学
31,湖北,理科,清华大学
14,湖北,理科,清华大学
14,湖北,理科,清华大学
50,湖北,理科,清华大学
28,湖北,理科,清华大学
16,湖北,理科,清华大学
45,湖北,理科,清华大学
47,湖北,理科,清华大学
50,湖北,理科,清华大学
88,湖北,理科,清华大学
66,湖北,理科,清华大学
38,湖北,理科,清华大学
52,湖北,理科,清华大学
9,湖北,理科,清华大学
68,湖北,理科,清华大学
12,湖北,理科,清华大学
20,湖北,理科,清华大学
19,湖北,理科,清华大学
81,湖北,理科,清华大学
68,湖北,理科,清华大学
15,湖北,理科,清华大学
67,湖北,理科,清华大学
8,湖北,理科,清华大学
46,湖北,理科,清华大学
71,湖北,理科,清华大学
70,湖北,理科,清华大学
94,湖北,理科,清华大学
83,湖北,理科,清华大学
38,湖北,理科,清华大学
93,湖北,理科,清华大学
11,湖北,理科,清华大学
8,湖北,理科,清华大学
27,湖南,理科,北京大学
62,湖南,理科,北京大学
43,湖南,理科,北京大学
14,湖南,理科,北京大学
65,湖南,理科,北京大学
31,湖南,理科,北京大学
10,湖南,理科,北京大学
24,湖南,理科,北京大学
10,湖南,理科,北京大学
51,湖南,理科,北京大学
55,湖南,理科,北京大学
59,湖南,理科,北京大学
70,湖南,理科,北京大学
17,湖南,理科,北京大学
49,湖南,理科,北京大学
40,湖南,理科,北京大学
15,湖南,理科,北京大学
7,湖南,理科,北京大学
70,湖南,理科,北京大学
21,湖南,理科,北京大学
22,湖南,理科,北京大学
46,湖南,理科,北京大学
55,湖南,理科,北京大学
22,湖南,理科,北京大学
9,湖南,理科,北京大学
53,湖南,理科,北京大学
29,湖南,理科,北京大学
12,湖南,理科,北京大学
53,湖南,理科,北京大学
36,湖南,理科,北京大学
11,湖南,理科,北京大学
44,湖南,理科,北京大学
28,湖南,理科,北京大学
63,湖南,理科,北京大学
71,湖南,理科,北京大学
52,湖南,理科,北京大学
16,湖南,理科,北京大学
47,湖南,理科,北京大学
60,湖南,理科,北京大学
54,湖南,理科,北京大学
36,湖南,理科,北京大学
63,湖南,理科,北京大学
48,湖南,理科,北京大学
61,湖南,理科,北京大学
34,湖南,理科,北京大学
11,湖南,理科,北京大学
63,湖南,理科,北京大学
45,湖南,理科,北京大学
13,湖南,理科,北京大学
36,湖南,理科,北京大学
61,湖南,理科,北京大学
44,湖南,理科,北京大学
62,湖南,理科,北京大学
64,湖南,理科,北京大学
35,湖南,理科,北京大学
67,湖南,理科,北京大学
62,湖南,理科,北京大学
67,湖南,理科,北京大学
62,湖南,理科,北京大学
41,湖南,理科,北京大学
42,湖南,理科,北京大学
29,湖南,理科,北京大学
21,湖南,理科,北京大学
42,湖南,理科,北京大学
58,湖南,理科,北京大学
31,湖南,理科,北京大学
32,湖南,理科,北京大学
16,湖南,理科,北京大学
8,湖南,理科,北京大学
65,湖南,理科,北京大学
8,湖南,理科,北京大学
29,广东,理科,北京大学
44,广东,理科,北京大学
22,广东,理科,北京大学
27,广东,理科,北京大学
11,广东,理科,北京大学
55,广东,理科,北京大学
1,广东,理科,北京大学
16,广东,理科,北京大学
38,广东,理科,北京大学
30,广东,理科,北京大学
30,广东,理科,北京大学
77,广东,理科,北京大学
52,广东,理科,北京大学
48,广东,理科,北京大学
32,广东,理科,北京大学
55,广东,理科,北京大学
53,广东,理科,北京大学
36,广东,理科,北京大学
70,广东,理科,北京大学
81,广东,理科,北京大学
72,广东,理科,北京大学
73,广东,理科,北京大学
52,广东,理科,北京大学
26,广东,理科,北京大学
38,广东,理科,北京大学
6,广东,理科,北京大学
78,广东,理科,北京大学
29,广东,理科,北京大学
79,广东,理科,北京大学
48,广东,理科,北京大学
82,广东,理科,北京大学
85,广东,理科,北京大学
19,广东,理科,北京大学
29,广东,理科,北京大学
70,广东,理科,北京大学
52,广东,理科,北京大学
45,广东,理科,北京大学
80,广东,理科,北京大学
32,广东,理科,北京大学
37,广东,理科,北京大学
95,广东,理科,北京大学
42,广东,理科,北京大学
75,广东,理科,北京大学
92,广东,理科,北京大学
3,广东,理科,北京大学
77,广东,理科,北京大学
50,广东,理科,北京大学
36,广东,理科,北京大学
46,广东,理科,北京大学
25,广东,理科,北京大学
49,广东,理科,北京大学
82,广东,理科,北京大学
81,广东,理科,北京大学
5,广东,理科,北京大学
4,广东,理科,北京大学
48,广东,理科,北京大学
36,广东,理科,北京大学
46,广东,理科,北京大学
29,广东,理科,北京大学
40,广东,理科,北京大学
38,广东,理科,北京大学
93,广东,理科,北京大学
73,广东,理科,北京大学
79,广东,理科,北京大学
15,广东,理科,北京大学
23,广东,理科,北京大学
11,广东,理科,北京大学
27,广东,理科,北京大学
42,广东,理科,北京大学
71,广东,理科,北京大学
36,广东,理科,北京大学
37,广东,理科,北京大学
2,广东,理科,北京大学
81,广东,理科,北京大学
32,广东,理科,北京大学
83,广东,理科,北京大学
38,广东,理科,北京大学
13,广东,理科,北京大学
36,广东,理科,北京大学
19,广东,理科,北京大学
47,广东,理科,北京大学
15,广东,理科,北京大学
100,广东,理科,北京大学
3,广东,理科,北京大学
21,广东,理科,北京大学
26,广东,理科,北京大学
23,广东,理科,北京大学
23,广东,理科,北京大学
16,广东,理科,北京大学
61,广东,理科,北京大学
27,广东,理科,北京大学
94,广东,理科,北京大学
100,广东,理科,北京大学
56,广东,理科,北京大学
21,广东,理科,北京大学
62,广东,理科,北京大学
42,广东,理科,北京大学
74,广东,理科,北京大学
2,广东,理科,北京大学
39,广东,理科,北京大学
8,广西,理科,北京大学
24,广西,理科,北京大学
50,广西,理科,北京大学
29,广西,理科,北京大学
18,广西,理科,北京大学
34,广西,理科,北京大学
41,广西,理科,北京大学
9,广西,理科,北京大学
49,广西,理科,北京大学
5,广西,理科,北京大学
2,广西,理科,北京大学
14,广西,理科,北京大学
9,广西,理科,北京大学
33,广西,理科,北京大学
55,广西,理科,北京大学
39,广西,理科,北京大学
36,广西,理科,北京大学
52,广西,理科,北京大学
26,广西,理科,北京大学
2,广西,理科,北京大学
6,广西,理科,北京大学
16,广西,理科,北京大学
18,广西,理科,北京大学
1,广西,理科,北京大学
34,广西,理科,北京大学
44,广西,理科,北京大学
14,广西,理科,北京大学
52,广西,理科,北京大学
9,广西,理科,北京大学
17,广西,理科,北京大学
48,广西,理科,北京大学
24,广西,理科,北京大学
37,广西,理科,北京大学
9,广西,理科,北京大学
18,广西,理科,北京大学
21,广西,理科,北京大学
52,广西,理科,北京大学
28,广西,理科,北京大学
45,广西,理科,北京大学
15,广西,理科,北京大学
28,广西,理科,北京大学
53,广西,理科,北京大学
20,广西,理科,北京大学
44,广西,理科,北京大学
15,广西,理科,北京大学
28,广西,理科,北京大学
55,广西,理科,北京大学
50,广西,理科,北京大学
29,广西,理科,北京大学
1,广西,理科,北京大学
28,广西,理科,北京大学
14,广西,理科,北京大学
37,广西,理科,北京大学
11,广西,理科,北京大学
38,广西,理科,北京大学
16,海南,理科,北京大学
16,海南,理科,北京大学
8,海南,理科,北京大学
15,海南,理科,北京大学
5,海南,理科,北京大学
9,海南,理科,北京大学
20,海南,理科,北京大学
12,海南,理科,北京大学
5,海南,理科,北京大学
13,海南,理科,北京大学
2,海南,理科,北京大学
8,海南,理科,北京大学
4,海南,理科,北京大学
2,海南,理科,北京大学
20,海南,理科,北京大学
16,海南,理科,北京大学
2,海南,理科,北京大学
10,海南,理科,北京大学
6,海南,理科,北京大学
11,海南,理科,北京大学
31,重庆,理科,北京大学
9,重庆,理科,北京大学
9,重庆,理科,北京大学
2,重庆,理科,北京大学
8,重庆,理科,北京大学
4,重庆,理科,北京大学
28,重庆,理科,北京大学
15,重庆,理科,北京大学
24,重庆,理科,北京大学
31,重庆,理科,北京大学
19,重庆,理科,北京大学
27,重庆,理科,北京大学
31,重庆,理科,北京大学
17,重庆,理科,北京大学
15,重庆,理科,北京大学
2,重庆,理科,北京大学
32,重庆,理科,北京大学
10,重庆,理科,北京大学
25,重庆,理科,北京大学
3,重庆,理科,北京大学
2,重庆,理科,北京大学
1,重庆,理科,北京大学
2,重庆,理科,北京大学
24,重庆,理科,北京大学
28,重庆,理科,北京大学
16,重庆,理科,北京大学
6,重庆,理科,北京大学
1,重庆,理科,北京大学
22,重庆,理科,北京大学
25,重庆,理科,北京大学
2,重庆,理科,北京大学
17,重庆,理科,北京大学
11,重庆,理科,北京大学
95,四川,理科,北京大学
5,四川,理科,北京大学
19,四川,理科,北京大学
69,四川,理科,北京大学
56,四川,理科,北京大学
5,四川,理科,北京大学
30,四川,理科,北京大学
73,四川,理科,北京大学
46,四川,理科,北京大学
97,四川,理科,北京大学
23,四川,理科,北京大学
87,四川,理科,北京大学
72,四川,理科,北京大学
35,四川,理科,北京大学
51,四川,理科,北京大学
70,四川,理科,北京大学
81,四川,理科,北京大学
39,四川,理科,北京大学
63,四川,理科,北京大学
62,四川,理科,北京大学
35,四川,理科,北京大学
6,四川,理科,北京大学
63,四川,理科,北京大学
9,四川,理科,北京大学
4,四川,理科,北京大学
49,四川,理科,北京大学
74,四川,理科,北京大学
35,四川,理科,北京大学
5,四川,理科,北京大学
59,四川,理科,北京大学
44,四川,理科,北京大学
34,四川,理科,北京大学
21,四川,理科,北京大学
53,四川,理科,北京大学
4,四川,理科,北京大学
89,四川,理科,北京大学
35,四川,理科,北京大学
60,四川,理科,北京大学
20,四川,理科,北京大学
41,四川,理科,北京大学
52,四川,理科,北京大学
80,四川,理科,北京大学
99,四川,理科,北京大学
15,四川,理科,北京大学
46,四川,理科,北京大学
35,四川,理科,北京大学
10,四川,理科,北京大学
42,四川,理科,北京大学
48,四川,理科,北京大学
10,四川,理科,北京大学
18,四川,理科,北京大学
49,四川,理科,北京大学
74,四川,理科,北京大学
9,四川,理科,北京大学
46,四川,理科,北京大学
52,四川,理科,北京大学
100,四川,理科,北京大学
54,四川,理科,北京大学
12,四川,理科,北京大学
29,四川,理科,北京大学
71,四川,理科,北京大学
75,四川,理科,北京大学
62,四川,理科,北京大学
55,四川,理科,北京大学
6,四川,理科,北京大学
1,四川,理科,北京大学
98,四川,理科,北京大学
10,四川,理科,北京大学
1,四川,理科,北京大学
55,四川,理科,北京大学
71,四川,理科,北京大学
21,四川,理科,北京大学
93,四川,理科,北京大学
62,四川,理科,北京大学
69,四川,理科,北京大学
81,四川,理科,北京大学
53,四川,理科,北京大学
10,四川,理科,北京大学
61,四川,理科,北京大学
57,四川,理科,北京大学
71,四川,理科,北京大学
49,四川,理科,北京大学
72,四川,理科,北京大学
57,四川,理科,北京大学
8,四川,理科,北京大学
44,四川,理科,北京大学
88,四川,理科,北京大学
42,四川,理科,北京大学
20,四川,理科,北京大学
23,四川,理科,北京大学
9,四川,理科,北京大学
60,四川,理科,北京大学
90,四川,理科,北京大学
37,四川,理科,北京大学
27,四川,理科,北京大学
61,四川,理科,北京大学
81,四川,理科,北京大学
67,四川,理科,北京大学
74,四川,理科,北京大学
20,四川,理科,北京大学
17,贵州,理科,北京大学
37,贵州,理科,北京大学
8,贵州,理科,北京大学
47,贵州,理科,北京大学
30,贵州,理科,北京大学
37,贵州,理科,北京大学
48,贵州,理科,北京大学
18,贵州,理科,北京大学
23,贵州,理科,北京大学
20,贵州,理科,北京大学
27,贵州,理科,北京大学
22,贵州,理科,北京大学
3,贵州,理科,北京大学
40,贵州,理科,北京大学
4,贵州,理科,北京大学
10,贵州,理科,北京大学
50,贵州,理科,北京大学
21,贵州,理科,北京大学
2,贵州,理科,北京大学
32,贵州,理科,北京大学
4,贵州,理科,北京大学
40,贵州,理科,北京大学
23,贵州,理科,北京大学
18,贵州,理科,北京大学
26,贵州,理科,北京大学
49,贵州,理科,北京大学
20,贵州,理科,北京大学
49,贵州,理科,北京大学
29,贵州,理科,北京大学
9,贵州,理科,北京大学
9,贵州,理科,北京大学
1,贵州,理科,北京大学
48,贵州,理科,北京大学
53,贵州,理科,北京大学
49,贵州,理科,北京大学
44,贵州,理科,北京大学
46,贵州,理科,北京大学
15,贵州,理科,北京大学
48,贵州,理科,北京大学
14,贵州,理科,北京大学
34,贵州,理科,北京大学
25,贵州,理科,北京大学
39,贵州,理科,北京大学
39,贵州,理科,北京大学
4,贵州,理科,北京大学
42,贵州,理科,北京大学
23,贵州,理科,北京大学
36,贵州,理科,北京大学
27,贵州,理科,北京大学
11,贵州,理科,北京大学
11,贵州,理科,北京大学
1,贵州,理科,北京大学
39,贵州,理科,北京大学
27,贵州,理科,北京大学
28,云南,理科,北京大学
24,云南,理科,北京大学
15,云南,理科,北京大学
27,云南,理科,北京大学
22,云南,理科,北京大学
11,云南,理科,北京大学
15,云南,理科,北京大学
6,云南,理科,北京大学
3,云南,理科,北京大学
12,云南,理科,北京大学
25,云南,理科,北京大学
3,云南,理科,北京大学
10,云南,理科,北京大学
12,云南,理科,北京大学
10,云南,理科,北京大学
2,云南,理科,北京大学
5,云南,理科,北京大学
9,云南,理科,北京大学
24,云南,理科,北京大学
1,云南,理科,北京大学
15,云南,理科,北京大学
24,云南,理科,北京大学
27,云南,理科,北京大学
20,云南,理科,北京大学
3,云南,理科,北京大学
23,云南,理科,北京大学
9,云南,理科,北京大学
27,云南,理科,北京大学
28,云南,理科,北京大学
26,云南,理科,北京大学
31,云南,理科,北京大学
8,西藏,理科,北京大学
1,西藏,理科,北京大学
7,西藏,理科,北京大学
1,西藏,理科,北京大学
7,西藏,理科,北京大学
4,西藏,理科,北京大学
5,西藏,理科,北京大学
2,西藏,理科,北京大学
23,陕西,理科,北京大学
50,陕西,理科,北京大学
38,陕西,理科,北京大学
37,陕西,理科,北京大学
7,陕西,理科,北京大学
24,陕西,理科,北京大学
32,陕西,理科,北京大学
13,陕西,理科,北京大学
51,陕西,理科,北京大学
33,陕西,理科,北京大学
28,陕西,理科,北京大学
53,陕西,理科,北京大学
25,陕西,理科,北京大学
46,陕西,理科,北京大学
3,陕西,理科,北京大学
35,陕西,理科,北京大学
9,陕西,理科,北京大学
29,陕西,理科,北京大学
20,陕西,理科,北京大学
33,陕西,理科,北京大学
26,陕西,理科,北京大学
6,陕西,理科,北京大学
6,陕西,理科,北京大学
5,陕西,理科,北京大学
28,陕西,理科,北京大学
27,陕西,理科,北京大学
23,陕西,理科,北京大学
28,陕西,理科,北京大学
7,陕西,理科,北京大学
9,陕西,理科,北京大学
21,陕西,理科,北京大学
19,陕西,理科,北京大学
36,陕西,理科,北京大学
18,陕西,理科,北京大学
19,陕西,理科,北京大学
18,陕西,理科,北京大学
50,陕西,理科,北京大学
27,陕西,理科,北京大学
44,陕西,理科,北京大学
3,陕西,理科,北京大学
10,陕西,理科,北京大学
5,陕西,理科,北京大学
31,陕西,理科,北京大学
28,陕西,理科,北京大学
9,陕西,理科,北京大学
18,陕西,理科,北京大学
50,陕西,理科,北京大学
10,陕西,理科,北京大学
16,陕西,理科,北京大学
40,陕西,理科,北京大学
26,陕西,理科,北京大学
29,陕西,理科,北京大学
7,陕西,理科,北京大学
44,陕西,理科,北京大学
36,陕西,理科,北京大学
33,甘肃,理科,北京大学
23,甘肃,理科,北京大学
27,甘肃,理科,北京大学
1,甘肃,理科,北京大学
28,甘肃,理科,北京大学
31,甘肃,理科,北京大学
32,甘肃,理科,北京大学
32,甘肃,理科,北京大学
26,甘肃,理科,北京大学
14,甘肃,理科,北京大学
22,甘肃,理科,北京大学
21,甘肃,理科,北京大学
13,甘肃,理科,北京大学
6,甘肃,理科,北京大学
11,甘肃,理科,北京大学
30,甘肃,理科,北京大学
34,甘肃,理科,北京大学
29,甘肃,理科,北京大学
16,甘肃,理科,北京大学
13,甘肃,理科,北京大学
7,甘肃,理科,北京大学
27,甘肃,理科,北京大学
35,甘肃,理科,北京大学
27,甘肃,理科,北京大学
24,甘肃,理科,北京大学
24,甘肃,理科,北京大学
1,甘肃,理科,北京大学
14,甘肃,理科,北京大学
28,甘肃,理科,北京大学
25,甘肃,理科,北京大学
17,甘肃,理科,北京大学
36,甘肃,理科,北京大学
34,甘肃,理科,北京大学
3,甘肃,理科,北京大学
34,甘肃,理科,北京大学
15,甘肃,理科,北京大学
31,甘肃,理科,北京大学
1,青海,理科,北京大学
3,青海,理科,北京大学
10,青海,理科,北京大学
3,青海,理科,北京大学
11,青海,理科,北京大学
5,青海,理科,北京大学
7,青海,理科,北京大学
5,青海,理科,北京大学
2,青海,理科,北京大学
7,青海,理科,北京大学
3,青海,理科,北京大学
5,青海,理科,北京大学
8,青海,理科,北京大学
3,青海,理科,北京大学
11,宁夏,理科,北京大学
16,宁夏,理科,北京大学
4,宁夏,理科,北京大学
18,宁夏,理科,北京大学
4,宁夏,理科,北京大学
17,宁夏,理科,北京大学
3,宁夏,理科,北京大学
1,宁夏,理科,北京大学
10,宁夏,理科,北京大学
7,宁夏,理科,北京大学
3,宁夏,理科,北京大学
14,宁夏,理科,北京大学
5,宁夏,理科,北京大学
11,宁夏,理科,北京大学
11,宁夏,理科,北京大学
2,宁夏,理科,北京大学
4,宁夏,理科,北京大学
1,宁夏,理科,北京大学
8,宁夏,理科,北京大学
14,宁夏,理科,北京大学
8,新疆,理科,北京大学
3,新疆,理科,北京大学
3,新疆,理科,北京大学
18,新疆,理科,北京大学
1,新疆,理科,北京大学
15,新疆,理科,北京大学
6,新疆,理科,北京大学
26,新疆,理科,北京大学
6,新疆,理科,北京大学
15,新疆,理科,北京大学
29,新疆,理科,北京大学
7,新疆,理科,北京大学
6,新疆,理科,北京大学
19,新疆,理科,北京大学
21,新疆,理科,北京大学
27,新疆,理科,北京大学
25,新疆,理科,北京大学
14,新疆,理科,北京大学
16,新疆,理科,北京大学
9,新疆,理科,北京大学
10,新疆,理科,北京大学
4,新疆,理科,北京大学
20,新疆,理科,北京大学
6,新疆,理科,北京大学
9,新疆,理科,北京大学
10,新疆,理科,北京大学
10,新疆,理科,北京大学
16,新疆,理科,北京大学
11,新疆,理科,北京大学
17,新疆,理科,北京大学
252,北京,理科,北京大学
96,北京,理科,北京大学
126,北京,理科,北京大学
124,北京,理科,北京大学
16,北京,理科,北京大学
35,北京,理科,北京大学
226,北京,理科,北京大学
117,北京,理科,北京大学
128,北京,理科,北京大学
9,北京,理科,北京大学
44,北京,理科,北京大学
256,北京,理科,北京大学
159,北京,理科,北京大学
193,北京,理科,北京大学
165,北京,理科,北京大学
229,北京,理科,北京大学
97,北京,理科,北京大学
93,北京,理科,北京大学
1,北京,理科,北京大学
108,北京,理科,北京大学
185,北京,理科,北京大学
119,北京,理科,北京大学
143,北京,理科,北京大学
188,北京,理科,北京大学
244,北京,理科,北京大学
118,北京,理科,北京大学
170,北京,理科,北京大学
217,北京,理科,北京大学
255,北京,理科,北京大学
130,北京,理科,北京大学
18,北京,理科,北京大学
14,北京,理科,北京大学
115,北京,理科,北京大学
29,北京,理科,北京大学
133,北京,理科,北京大学
31,北京,理科,北京大学
99,北京,理科,北京大学
3,北京,理科,北京大学
137,北京,理科,北京大学
184,北京,理科,北京大学
176,北京,理科,北京大学
236,北京,理科,北京大学
242,北京,理科,北京大学
234,北京,理科,北京大学
100,北京,理科,北京大学
149,北京,理科,北京大学
66,北京,理科,北京大学
82,北京,理科,北京大学
205,北京,理科,北京大学
112,北京,理科,北京大学
54,北京,理科,北京大学
56,北京,理科,北京大学
144,北京,理科,北京大学
115,北京,理科,北京大学
8,北京,理科,北京大学
167,北京,理科,北京大学
84,北京,理科,北京大学
44,北京,理科,北京大学
263,北京,理科,北京大学
243,北京,理科,北京大学
139,北京,理科,北京大学
102,北京,理科,北京大学
1,北京,理科,北京大学
261,北京,理科,北京大学
184,北京,理科,北京大学
59,北京,理科,北京大学
60,北京,理科,北京大学
69,北京,理科,北京大学
81,北京,理科,北京大学
257,北京,理科,北京大学
229,北京,理科,北京大学
91,北京,理科,北京大学
79,北京,理科,北京大学
9,北京,理科,北京大学
95,北京,理科,北京大学
31,北京,理科,北京大学
256,北京,理科,北京大学
39,北京,理科,北京大学
237,北京,理科,北京大学
59,北京,理科,北京大学
222,北京,理科,北京大学
232,北京,理科,北京大学
36,北京,理科,北京大学
174,北京,理科,北京大学
29,北京,理科,北京大学
84,北京,理科,北京大学
167,北京,理科,北京大学
220,北京,理科,北京大学
258,北京,理科,北京大学
246,北京,理科,北京大学
127,北京,理科,北京大学
48,北京,理科,北京大学
261,北京,理科,北京大学
95,北京,理科,北京大学
112,北京,理科,北京大学
60,北京,理科,北京大学
105,北京,理科,北京大学
118,北京,理科,北京大学
230,北京,理科,北京大学
121,北京,理科,北京大学
47,北京,理科,北京大学
14,北京,理科,北京大学
43,北京,理科,北京大学
194,北京,理科,北京大学
261,北京,理科,北京大学
104,北京,理科,北京大学
234,北京,理科,北京大学
133,北京,理科,北京大学
143,北京,理科,北京大学
204,北京,理科,北京大学
151,北京,理科,北京大学
43,北京,理科,北京大学
116,北京,理科,北京大学
204,北京,理科,北京大学
246,北京,理科,北京大学
72,北京,理科,北京大学
116,北京,理科,北京大学
168,北京,理科,北京大学
46,北京,理科,北京大学
138,北京,理科,北京大学
2,北京,理科,北京大学
237,北京,理科,北京大学
120,北京,理科,北京大学
225,北京,理科,北京大学
78,北京,理科,北京大学
117,北京,理科,北京大学
69,北京,理科,北京大学
227,北京,理科,北京大学
25,北京,理科,北京大学
226,北京,理科,北京大学
116,北京,理科,北京大学
161,北京,理科,北京大学
231,北京,理科,北京大学
220,北京,理科,北京大学
29,北京,理科,北京大学
57,北京,理科,北京大学
177,北京,理科,北京大学
2,北京,理科,北京大学
12,北京,理科,北京大学
89,北京,理科,北京大学
24,北京,理科,北京大学
130,北京,理科,北京大学
48,北京,理科,北京大学
93,北京,理科,北京大学
40,北京,理科,北京大学
82,北京,理科,北京大学
258,北京,理科,北京大学
210,北京,理科,北京大学
84,北京,理科,北京大学
102,北京,理科,北京大学
157,北京,理科,北京大学
122,北京,理科,北京大学
52,北京,理科,北京大学
142,北京,理科,北京大学
6,北京,理科,北京大学
79,北京,理科,北京大学
120,北京,理科,北京大学
116,北京,理科,北京大学
29,北京,理科,北京大学
105,北京,理科,北京大学
102,北京,理科,北京大学
49,北京,理科,北京大学
45,北京,理科,北京大学
76,北京,理科,北京大学
243,北京,理科,北京大学
185,北京,理科,北京大学
95,北京,理科,北京大学
57,北京,理科,北京大学
36,北京,理科,北京大学
112,北京,理科,北京大学
61,北京,理科,北京大学
181,北京,理科,北京大学
177,北京,理科,北京大学
218,北京,理科,北京大学
61,北京,理科,北京大学
110,北京,理科,北京大学
257,北京,理科,北京大学
90,北京,理科,北京大学
159,北京,理科,北京大学
120,北京,理科,北京大学
71,北京,理科,北京大学
149,北京,理科,北京大学
189,北京,理科,北京大学
171,北京,理科,北京大学
205,北京,理科,北京大学
224,北京,理科,北京大学
248,北京,理科,北京大学
172,北京,理科,北京大学
128,北京,理科,北京大学
40,北京,理科,北京大学
164,北京,理科,北京大学
142,北京,理科,北京大学
247,北京,理科,北京大学
152,北京,理科,北京大学
111,北京,理科,北京大学
102,北京,理科,北京大学
246,北京,理科,北京大学
55,北京,理科,北京大学
39,北京,理科,北京大学
260,北京,理科,北京大学
45,北京,理科,北京大学
202,北京,理科,北京大学
34,北京,理科,北京大学
140,北京,理科,北京大学
7,北京,理科,北京大学
207,北京,理科,北京大学
126,北京,理科,北京大学
263,北京,理科,北京大学
38,北京,理科,北京大学
79,北京,理科,北京大学
197,北京,理科,北京大学
209,北京,理科,北京大学
144,北京,理科,北京大学
187,北京,理科,北京大学
32,北京,理科,北京大学
161,北京,理科,北京大学
251,北京,理科,北京大学
1,北京,理科,北京大学
221,北京,理科,北京大学
138,北京,理科,北京大学
22,北京,理科,北京大学
193,北京,理科,北京大学
9,北京,理科,北京大学
212,北京,理科,北京大学
263,北京,理科,北京大学
19,北京,理科,北京大学
30,北京,理科,北京大学
140,北京,理科,北京大学
71,北京,理科,北京大学
58,北京,理科,北京大学
94,北京,理科,北京大学
208,北京,理科,北京大学
8,北京,理科,北京大学
242,北京,理科,北京大学
62,北京,理科,北京大学
140,北京,理科,北京大学
8,北京,理科,北京大学
90,北京,理科,北京大学
35,北京,理科,北京大学
117,北京,理科,北京大学
33,北京,理科,北京大学
138,北京,理科,北京大学
27,北京,理科,北京大学
83,北京,理科,北京大学
156,北京,理科,北京大学
248,北京,理科,北京大学
254,北京,理科,北京大学
135,北京,理科,北京大学
2,北京,理科,北京大学
40,北京,理科,北京大学
72,北京,理科,北京大学
63,北京,理科,北京大学
218,北京,理科,北京大学
55,北京,理科,北京大学
111,北京,理科,北京大学
84,北京,理科,北京大学
231,北京,理科,北京大学
163,北京,理科,北京大学
9,北京,理科,北京大学
2,北京,理科,北京大学
188,北京,理科,北京大学
248,北京,理科,北京大学
197,北京,理科,北京大学
56,天津,理科,北京大学
49,天津,理科,北京大学
25,天津,理科,北京大学
1,天津,理科,北京大学
35,天津,理科,北京大学
57,天津,理科,北京大学
13,天津,理科,北京大学
31,天津,理科,北京大学
2,天津,理科,北京大学
25,天津,理科,北京大学
24,天津,理科,北京大学
1,天津,理科,北京大学
40,天津,理科,北京大学
14,天津,理科,北京大学
12,天津,理科,北京大学
29,天津,理科,北京大学
55,天津,理科,北京大学
50,天津,理科,北京大学
36,天津,理科,北京大学
52,天津,理科,北京大学
49,天津,理科,北京大学
51,天津,理科,北京大学
52,天津,理科,北京大学
48,天津,理科,北京大学
1,天津,理科,北京大学
33,天津,理科,北京大学
2,天津,理科,北京大学
2,天津,理科,北京大学
34,天津,理科,北京大学
7,天津,理科,北京大学
20,天津,理科,北京大学
25,天津,理科,北京大学
41,天津,理科,北京大学
18,天津,理科,北京大学
58,天津,理科,北京大学
48,天津,理科,北京大学
39,天津,理科,北京大学
54,天津,理科,北京大学
33,天津,理科,北京大学
12,天津,理科,北京大学
29,天津,理科,北京大学
40,天津,理科,北京大学
29,天津,理科,北京大学
5,天津,理科,北京大学
6,天津,理科,北京大学
9,天津,理科,北京大学
7,天津,理科,北京大学
13,天津,理科,北京大学
34,天津,理科,北京大学
7,天津,理科,北京大学
26,天津,理科,北京大学
11,天津,理科,北京大学
45,天津,理科,北京大学
6,天津,理科,北京大学
57,天津,理科,北京大学
15,天津,理科,北京大学
28,天津,理科,北京大学
8,天津,理科,北京大学
71,河北,理科,北京大学
63,河北,理科,北京大学
4,河北,理科,北京大学
44,河北,理科,北京大学
20,河北,理科,北京大学
56,河北,理科,北京大学
2,河北,理科,北京大学
60,河北,理科,北京大学
36,河北,理科,北京大学
28,河北,理科,北京大学
8,河北,理科,北京大学
46,河北,理科,北京大学
4,河北,理科,北京大学
20,河北,理科,北京大学
51,河北,理科,北京大学
29,河北,理科,北京大学
72,河北,理科,北京大学
87,河北,理科,北京大学
26,河北,理科,北京大学
10,河北,理科,北京大学
23,河北,理科,北京大学
26,河北,理科,北京大学
17,河北,理科,北京大学
25,河北,理科,北京大学
74,河北,理科,北京大学
58,河北,理科,北京大学
78,河北,理科,北京大学
30,河北,理科,北京大学
74,河北,理科,北京大学
52,河北,理科,北京大学
53,河北,理科,北京大学
76,河北,理科,北京大学
90,河北,理科,北京大学
44,河北,理科,北京大学
79,河北,理科,北京大学
74,河北,理科,北京大学
19,河北,理科,北京大学
53,河北,理科,北京大学
16,河北,理科,北京大学
56,河北,理科,北京大学
75,河北,理科,北京大学
36,河北,理科,北京大学
20,河北,理科,北京大学
8,河北,理科,北京大学
58,河北,理科,北京大学
60,河北,理科,北京大学
81,河北,理科,北京大学
25,河北,理科,北京大学
77,河北,理科,北京大学
18,河北,理科,北京大学
85,河北,理科,北京大学
87,河北,理科,北京大学
54,河北,理科,北京大学
69,河北,理科,北京大学
21,河北,理科,北京大学
49,河北,理科,北京大学
47,河北,理科,北京大学
8,河北,理科,北京大学
30,河北,理科,北京大学
90,河北,理科,北京大学
71,河北,理科,北京大学
90,河北,理科,北京大学
44,河北,理科,北京大学
1,河北,理科,北京大学
54,河北,理科,北京大学
10,河北,理科,北京大学
5,河北,理科,北京大学
1,河北,理科,北京大学
37,河北,理科,北京大学
80,河北,理科,北京大学
23,河北,理科,北京大学
31,河北,理科,北京大学
32,河北,理科,北京大学
20,河北,理科,北京大学
22,河北,理科,北京大学
4,河北,理科,北京大学
72,河北,理科,北京大学
53,河北,理科,北京大学
85,河北,理科,北京大学
31,河北,理科,北京大学
50,河北,理科,北京大学
8,河北,理科,北京大学
66,河北,理科,北京大学
41,河北,理科,北京大学
7,河北,理科,北京大学
82,河北,理科,北京大学
81,河北,理科,北京大学
69,河北,理科,北京大学
60,河北,理科,北京大学
51,河北,理科,北京大学
137,山西,理科,北京大学
86,山西,理科,北京大学
92,山西,理科,北京大学
40,山西,理科,北京大学
140,山西,理科,北京大学
25,山西,理科,北京大学
18,山西,理科,北京大学
109,山西,理科,北京大学
68,山西,理科,北京大学
25,山西,理科,北京大学
117,山西,理科,北京大学
17,山西,理科,北京大学
8,山西,理科,北京大学
115,山西,理科,北京大学
14,山西,理科,北京大学
128,山西,理科,北京大学
77,山西,理科,北京大学
48,山西,理科,北京大学
109,山西,理科,北京大学
132,山西,理科,北京大学
55,山西,理科,北京大学
22,山西,理科,北京大学
4,山西,理科,北京大学
93,山西,理科,北京大学
140,山西,理科,北京大学
94,山西,理科,北京大学
30,山西,理科,北京大学
56,山西,理科,北京大学
61,山西,理科,北京大学
82,山西,理科,北京大学
115,山西,理科,北京大学
67,山西,理科,北京大学
94,山西,理科,北京大学
52,山西,理科,北京大学
74,山西,理科,北京大学
39,山西,理科,北京大学
34,山西,理科,北京大学
61,山西,理科,北京大学
97,山西,理科,北京大学
29,山西,理科,北京大学
109,山西,理科,北京大学
25,山西,理科,北京大学
43,山西,理科,北京大学
114,山西,理科,北京大学
110,山西,理科,北京大学
17,山西,理科,北京大学
112,山西,理科,北京大学
71,山西,理科,北京大学
34,山西,理科,北京大学
122,山西,理科,北京大学
20,山西,理科,北京大学
7,山西,理科,北京大学
136,山西,理科,北京大学
42,山西,理科,北京大学
111,山西,理科,北京大学
47,山西,理科,北京大学
89,山西,理科,北京大学
42,山西,理科,北京大学
100,山西,理科,北京大学
24,山西,理科,北京大学
85,山西,理科,北京大学
137,山西,理科,北京大学
28,山西,理科,北京大学
12,山西,理科,北京大学
45,山西,理科,北京大学
15,山西,理科,北京大学
36,山西,理科,北京大学
117,山西,理科,北京大学
90,山西,理科,北京大学
43,山西,理科,北京大学
25,山西,理科,北京大学
91,山西,理科,北京大学
23,山西,理科,北京大学
9,山西,理科,北京大学
137,山西,理科,北京大学
3,山西,理科,北京大学
49,山西,理科,北京大学
53,山西,理科,北京大学
31,山西,理科,北京大学
83,山西,理科,北京大学
131,山西,理科,北京大学
28,山西,理科,北京大学
79,山西,理科,北京大学
17,山西,理科,北京大学
26,山西,理科,北京大学
50,山西,理科,北京大学
34,山西,理科,北京大学
95,山西,理科,北京大学
23,山西,理科,北京大学
59,山西,理科,北京大学
128,山西,理科,北京大学
24,山西,理科,北京大学
17,山西,理科,北京大学
17,山西,理科,北京大学
55,山西,理科,北京大学
33,山西,理科,北京大学
39,山西,理科,北京大学
130,山西,理科,北京大学
81,山西,理科,北京大学
5,山西,理科,北京大学
139,山西,理科,北京大学
10,山西,理科,北京大学
136,山西,理科,北京大学
8,山西,理科,北京大学
4,山西,理科,北京大学
55,山西,理科,北京大学
95,山西,理科,北京大学
83,山西,理科,北京大学
108,山西,理科,北京大学
8,山西,理科,北京大学
66,山西,理科,北京大学
54,山西,理科,北京大学
38,山西,理科,北京大学
127,山西,理科,北京大学
57,山西,理科,北京大学
110,山西,理科,北京大学
33,山西,理科,北京大学
25,山西,理科,北京大学
135,山西,理科,北京大学
72,山西,理科,北京大学
56,山西,理科,北京大学
47,山西,理科,北京大学
120,山西,理科,北京大学
53,山西,理科,北京大学
68,山西,理科,北京大学
139,山西,理科,北京大学
113,山西,理科,北京大学
92,山西,理科,北京大学
132,山西,理科,北京大学
97,山西,理科,北京大学
101,山西,理科,北京大学
105,山西,理科,北京大学
128,山西,理科,北京大学
68,山西,理科,北京大学
132,山西,理科,北京大学
23,山西,理科,北京大学
5,山西,理科,北京大学
79,山西,理科,北京大学
107,山西,理科,北京大学
89,山西,理科,北京大学
20,山西,理科,北京大学
22,内蒙古,理科,北京大学
7,内蒙古,理科,北京大学
16,内蒙古,理科,北京大学
25,内蒙古,理科,北京大学
1,内蒙古,理科,北京大学
13,内蒙古,理科,北京大学
3,内蒙古,理科,北京大学
10,内蒙古,理科,北京大学
30,内蒙古,理科,北京大学
16,内蒙古,理科,北京大学
25,内蒙古,理科,北京大学
1,内蒙古,理科,北京大学
1,内蒙古,理科,北京大学
5,内蒙古,理科,北京大学
23,内蒙古,理科,北京大学
34,内蒙古,理科,北京大学
17,内蒙古,理科,北京大学
5,内蒙古,理科,北京大学
33,内蒙古,理科,北京大学
1,内蒙古,理科,北京大学
28,内蒙古,理科,北京大学
31,内蒙古,理科,北京大学
39,内蒙古,理科,北京大学
1,内蒙古,理科,北京大学
29,内蒙古,理科,北京大学
8,内蒙古,理科,北京大学
23,内蒙古,理科,北京大学
36,内蒙古,理科,北京大学
18,内蒙古,理科,北京大学
36,内蒙古,理科,北京大学
1,内蒙古,理科,北京大学
33,内蒙古,理科,北京大学
33,内蒙古,理科,北京大学
24,内蒙古,理科,北京大学
12,内蒙古,理科,北京大学
16,内蒙古,理科,北京大学
2,内蒙古,理科,北京大学
9,内蒙古,理科,北京大学
12,内蒙古,理科,北京大学
36,内蒙古,理科,北京大学
15,内蒙古,理科,北京大学
11,内蒙古,理科,北京大学
2,辽宁,理科,北京大学
63,辽宁,理科,北京大学
26,辽宁,理科,北京大学
18,辽宁,理科,北京大学
15,辽宁,理科,北京大学
70,辽宁,理科,北京大学
46,辽宁,理科,北京大学
46,辽宁,理科,北京大学
7,辽宁,理科,北京大学
56,辽宁,理科,北京大学
8,辽宁,理科,北京大学
39,辽宁,理科,北京大学
5,辽宁,理科,北京大学
16,辽宁,理科,北京大学
11,辽宁,理科,北京大学
69,辽宁,理科,北京大学
18,辽宁,理科,北京大学
48,辽宁,理科,北京大学
47,辽宁,理科,北京大学
50,辽宁,理科,北京大学
19,辽宁,理科,北京大学
46,辽宁,理科,北京大学
17,辽宁,理科,北京大学
38,辽宁,理科,北京大学
52,辽宁,理科,北京大学
2,辽宁,理科,北京大学
6,辽宁,理科,北京大学
4,辽宁,理科,北京大学
25,辽宁,理科,北京大学
3,辽宁,理科,北京大学
12,辽宁,理科,北京大学
33,辽宁,理科,北京大学
22,辽宁,理科,北京大学
32,辽宁,理科,北京大学
3,辽宁,理科,北京大学
60,辽宁,理科,北京大学
29,辽宁,理科,北京大学
57,辽宁,理科,北京大学
66,辽宁,理科,北京大学
39,辽宁,理科,北京大学
65,辽宁,理科,北京大学
70,辽宁,理科,北京大学
35,辽宁,理科,北京大学
7,辽宁,理科,北京大学
71,辽宁,理科,北京大学
59,辽宁,理科,北京大学
6,辽宁,理科,北京大学
40,辽宁,理科,北京大学
58,辽宁,理科,北京大学
44,辽宁,理科,北京大学
40,辽宁,理科,北京大学
22,辽宁,理科,北京大学
30,辽宁,理科,北京大学
51,辽宁,理科,北京大学
71,辽宁,理科,北京大学
47,辽宁,理科,北京大学
19,辽宁,理科,北京大学
18,辽宁,理科,北京大学
43,辽宁,理科,北京大学
9,辽宁,理科,北京大学
30,辽宁,理科,北京大学
15,辽宁,理科,北京大学
32,辽宁,理科,北京大学
56,辽宁,理科,北京大学
71,辽宁,理科,北京大学
61,辽宁,理科,北京大学
10,辽宁,理科,北京大学
5,辽宁,理科,北京大学
22,辽宁,理科,北京大学
53,辽宁,理科,北京大学
20,辽宁,理科,北京大学
19,辽宁,理科,北京大学
31,吉林,理科,北京大学
24,吉林,理科,北京大学
11,吉林,理科,北京大学
15,吉林,理科,北京大学
18,吉林,理科,北京大学
20,吉林,理科,北京大学
6,吉林,理科,北京大学
5,吉林,理科,北京大学
24,吉林,理科,北京大学
34,吉林,理科,北京大学
13,吉林,理科,北京大学
27,吉林,理科,北京大学
27,吉林,理科,北京大学
7,吉林,理科,北京大学
18,吉林,理科,北京大学
32,吉林,理科,北京大学
23,吉林,理科,北京大学
3,吉林,理科,北京大学
4,吉林,理科,北京大学
15,吉林,理科,北京大学
16,吉林,理科,北京大学
34,吉林,理科,北京大学
6,吉林,理科,北京大学
1,吉林,理科,北京大学
11,吉林,理科,北京大学
16,吉林,理科,北京大学
28,吉林,理科,北京大学
12,吉林,理科,北京大学
31,吉林,理科,北京大学
3,吉林,理科,北京大学
25,吉林,理科,北京大学
3,吉林,理科,北京大学
24,吉林,理科,北京大学
34,吉林,理科,北京大学
14,黑龙江,理科,北京大学
13,黑龙江,理科,北京大学
5,黑龙江,理科,北京大学
8,黑龙江,理科,北京大学
18,黑龙江,理科,北京大学
25,黑龙江,理科,北京大学
29,黑龙江,理科,北京大学
39,黑龙江,理科,北京大学
16,黑龙江,理科,北京大学
3,黑龙江,理科,北京大学
33,黑龙江,理科,北京大学
27,黑龙江,理科,北京大学
12,黑龙江,理科,北京大学
35,黑龙江,理科,北京大学
19,黑龙江,理科,北京大学
10,黑龙江,理科,北京大学
34,黑龙江,理科,北京大学
36,黑龙江,理科,北京大学
21,黑龙江,理科,北京大学
19,黑龙江,理科,北京大学
11,黑龙江,理科,北京大学
39,黑龙江,理科,北京大学
14,黑龙江,理科,北京大学
18,黑龙江,理科,北京大学
40,黑龙江,理科,北京大学
5,黑龙江,理科,北京大学
16,黑龙江,理科,北京大学
36,黑龙江,理科,北京大学
2,黑龙江,理科,北京大学
3,黑龙江,理科,北京大学
32,黑龙江,理科,北京大学
9,黑龙江,理科,北京大学
18,黑龙江,理科,北京大学
33,黑龙江,理科,北京大学
25,黑龙江,理科,北京大学
29,黑龙江,理科,北京大学
14,黑龙江,理科,北京大学
33,黑龙江,理科,北京大学
36,黑龙江,理科,北京大学
17,黑龙江,理科,北京大学
30,江苏,理科,北京大学
12,江苏,理科,北京大学
28,江苏,理科,北京大学
8,江苏,理科,北京大学
81,江苏,理科,北京大学
23,江苏,理科,北京大学
51,江苏,理科,北京大学
58,江苏,理科,北京大学
59,江苏,理科,北京大学
59,江苏,理科,北京大学
31,江苏,理科,北京大学
21,江苏,理科,北京大学
79,江苏,理科,北京大学
82,江苏,理科,北京大学
55,江苏,理科,北京大学
26,江苏,理科,北京大学
58,江苏,理科,北京大学
56,江苏,理科,北京大学
39,江苏,理科,北京大学
89,江苏,理科,北京大学
1,江苏,理科,北京大学
89,江苏,理科,北京大学
44,江苏,理科,北京大学
73,江苏,理科,北京大学
24,江苏,理科,北京大学
74,江苏,理科,北京大学
50,江苏,理科,北京大学
60,江苏,理科,北京大学
73,江苏,理科,北京大学
78,江苏,理科,北京大学
74,江苏,理科,北京大学
11,江苏,理科,北京大学
65,江苏,理科,北京大学
4,江苏,理科,北京大学
87,江苏,理科,北京大学
26,江苏,理科,北京大学
59,江苏,理科,北京大学
80,江苏,理科,北京大学
59,江苏,理科,北京大学
64,江苏,理科,北京大学
58,江苏,理科,北京大学
4,江苏,理科,北京大学
24,江苏,理科,北京大学
59,江苏,理科,北京大学
86,江苏,理科,北京大学
59,江苏,理科,北京大学
24,江苏,理科,北京大学
11,江苏,理科,北京大学
55,江苏,理科,北京大学
82,江苏,理科,北京大学
63,江苏,理科,北京大学
37,江苏,理科,北京大学
68,江苏,理科,北京大学
18,江苏,理科,北京大学
62,江苏,理科,北京大学
39,江苏,理科,北京大学
26,江苏,理科,北京大学
78,江苏,理科,北京大学
29,江苏,理科,北京大学
2,江苏,理科,北京大学
48,江苏,理科,北京大学
59,江苏,理科,北京大学
69,江苏,理科,北京大学
8,江苏,理科,北京大学
57,江苏,理科,北京大学
1,江苏,理科,北京大学
9,江苏,理科,北京大学
19,江苏,理科,北京大学
22,江苏,理科,北京大学
34,江苏,理科,北京大学
12,江苏,理科,北京大学
67,江苏,理科,北京大学
26,江苏,理科,北京大学
28,江苏,理科,北京大学
39,江苏,理科,北京大学
62,江苏,理科,北京大学
26,江苏,理科,北京大学
55,江苏,理科,北京大学
69,江苏,理科,北京大学
21,江苏,理科,北京大学
61,江苏,理科,北京大学
9,江苏,理科,北京大学
19,江苏,理科,北京大学
86,江苏,理科,北京大学
12,江苏,理科,北京大学
42,江苏,理科,北京大学
48,江苏,理科,北京大学
52,江苏,理科,北京大学
42,江苏,理科,北京大学
42,江苏,理科,北京大学
61,江苏,理科,北京大学
52,江苏,理科,北京大学
77,江苏,理科,北京大学
52,安徽,理科,北京大学
26,安徽,理科,北京大学
40,安徽,理科,北京大学
29,安徽,理科,北京大学
4,安徽,理科,北京大学
12,安徽,理科,北京大学
58,安徽,理科,北京大学
14,安徽,理科,北京大学
59,安徽,理科,北京大学
7,安徽,理科,北京大学
43,安徽,理科,北京大学
26,安徽,理科,北京大学
43,安徽,理科,北京大学
44,安徽,理科,北京大学
11,安徽,理科,北京大学
60,安徽,理科,北京大学
34,安徽,理科,北京大学
52,安徽,理科,北京大学
45,安徽,理科,北京大学
32,安徽,理科,北京大学
13,安徽,理科,北京大学
26,安徽,理科,北京大学
33,安徽,理科,北京大学
6,安徽,理科,北京大学
5,安徽,理科,北京大学
32,安徽,理科,北京大学
46,安徽,理科,北京大学
60,安徽,理科,北京大学
36,安徽,理科,北京大学
55,安徽,理科,北京大学
43,安徽,理科,北京大学
37,安徽,理科,北京大学
2,安徽,理科,北京大学
18,安徽,理科,北京大学
44,安徽,理科,北京大学
23,安徽,理科,北京大学
5,安徽,理科,北京大学
25,安徽,理科,北京大学
51,安徽,理科,北京大学
43,安徽,理科,北京大学
41,安徽,理科,北京大学
37,安徽,理科,北京大学
26,安徽,理科,北京大学
47,安徽,理科,北京大学
13,安徽,理科,北京大学
46,安徽,理科,北京大学
55,安徽,理科,北京大学
37,安徽,理科,北京大学
36,安徽,理科,北京大学
2,安徽,理科,北京大学
18,安徽,理科,北京大学
38,安徽,理科,北京大学
11,安徽,理科,北京大学
17,安徽,理科,北京大学
6,安徽,理科,北京大学
6,安徽,理科,北京大学
3,安徽,理科,北京大学
10,安徽,理科,北京大学
37,安徽,理科,北京大学
28,安徽,理科,北京大学
15,福建,理科,北京大学
9,福建,理科,北京大学
45,福建,理科,北京大学
41,福建,理科,北京大学
20,福建,理科,北京大学
6,福建,理科,北京大学
19,福建,理科,北京大学
28,福建,理科,北京大学
26,福建,理科,北京大学
36,福建,理科,北京大学
11,福建,理科,北京大学
40,福建,理科,北京大学
19,福建,理科,北京大学
22,福建,理科,北京大学
15,福建,理科,北京大学
21,福建,理科,北京大学
45,福建,理科,北京大学
7,福建,理科,北京大学
33,福建,理科,北京大学
29,福建,理科,北京大学
20,福建,理科,北京大学
22,福建,理科,北京大学
37,福建,理科,北京大学
40,福建,理科,北京大学
34,福建,理科,北京大学
20,福建,理科,北京大学
39,福建,理科,北京大学
10,福建,理科,北京大学
20,福建,理科,北京大学
35,福建,理科,北京大学
3,福建,理科,北京大学
22,福建,理科,北京大学
1,福建,理科,北京大学
16,福建,理科,北京大学
24,福建,理科,北京大学
20,福建,理科,北京大学
11,福建,理科,北京大学
44,福建,理科,北京大学
39,福建,理科,北京大学
28,福建,理科,北京大学
33,福建,理科,北京大学
23,福建,理科,北京大学
43,福建,理科,北京大学
8,福建,理科,北京大学
31,福建,理科,北京大学
23,江西,理科,北京大学
12,江西,理科,北京大学
15,江西,理科,北京大学
33,江西,理科,北京大学
15,江西,理科,北京大学
15,江西,理科,北京大学
29,江西,理科,北京大学
19,江西,理科,北京大学
14,江西,理科,北京大学
42,江西,理科,北京大学
3,江西,理科,北京大学
42,江西,理科,北京大学
38,江西,理科,北京大学
3,江西,理科,北京大学
23,江西,理科,北京大学
40,江西,理科,北京大学
12,江西,理科,北京大学
20,江西,理科,北京大学
18,江西,理科,北京大学
30,江西,理科,北京大学
23,江西,理科,北京大学
31,江西,理科,北京大学
12,江西,理科,北京大学
16,江西,理科,北京大学
31,江西,理科,北京大学
25,江西,理科,北京大学
41,江西,理科,北京大学
41,江西,理科,北京大学
4,江西,理科,北京大学
15,江西,理科,北京大学
17,江西,理科,北京大学
34,江西,理科,北京大学
17,江西,理科,北京大学
28,江西,理科,北京大学
6,江西,理科,北京大学
21,江西,理科,北京大学
19,江西,理科,北京大学
43,江西,理科,北京大学
5,江西,理科,北京大学
10,江西,理科,北京大学
2,江西,理科,北京大学
1,江西,理科,北京大学
23,江西,理科,北京大学
41,山东,理科,北京大学
5,山东,理科,北京大学
24,山东,理科,北京大学
41,山东,理科,北京大学
30,山东,理科,北京大学
10,山东,理科,北京大学
50,山东,理科,北京大学
22,山东,理科,北京大学
61,山东,理科,北京大学
59,山东,理科,北京大学
35,山东,理科,北京大学
84,山东,理科,北京大学
20,山东,理科,北京大学
7,山东,理科,北京大学
30,山东,理科,北京大学
12,山东,理科,北京大学
44,山东,理科,北京大学
23,山东,理科,北京大学
1,山东,理科,北京大学
12,山东,理科,北京大学
7,山东,理科,北京大学
34,山东,理科,北京大学
64,山东,理科,北京大学
35,山东,理科,北京大学
37,山东,理科,北京大学
78,山东,理科,北京大学
51,山东,理科,北京大学
10,山东,理科,北京大学
1,山东,理科,北京大学
81,山东,理科,北京大学
17,山东,理科,北京大学
29,山东,理科,北京大学
4,山东,理科,北京大学
4,山东,理科,北京大学
15,山东,理科,北京大学
53,山东,理科,北京大学
20,山东,理科,北京大学
82,山东,理科,北京大学
76,山东,理科,北京大学
55,山东,理科,北京大学
80,山东,理科,北京大学
82,山东,理科,北京大学
68,山东,理科,北京大学
84,山东,理科,北京大学
55,山东,理科,北京大学
35,山东,理科,北京大学
50,山东,理科,北京大学
53,山东,理科,北京大学
61,山东,理科,北京大学
69,山东,理科,北京大学
45,山东,理科,北京大学
14,山东,理科,北京大学
29,山东,理科,北京大学
28,山东,理科,北京大学
25,山东,理科,北京大学
70,山东,理科,北京大学
80,山东,理科,北京大学
84,山东,理科,北京大学
17,山东,理科,北京大学
58,山东,理科,北京大学
34,山东,理科,北京大学
29,山东,理科,北京大学
20,山东,理科,北京大学
45,山东,理科,北京大学
50,山东,理科,北京大学
83,山东,理科,北京大学
36,山东,理科,北京大学
6,山东,理科,北京大学
6,山东,理科,北京大学
14,山东,理科,北京大学
60,山东,理科,北京大学
15,山东,理科,北京大学
6,山东,理科,北京大学
61,山东,理科,北京大学
4,山东,理科,北京大学
80,山东,理科,北京大学
73,山东,理科,北京大学
17,山东,理科,北京大学
17,山东,理科,北京大学
16,山东,理科,北京大学
61,山东,理科,北京大学
11,山东,理科,北京大学
46,山东,理科,北京大学
38,山东,理科,北京大学
95,河南,理科,北京大学
12,河南,理科,北京大学
92,河南,理科,北京大学
64,河南,理科,北京大学
60,河南,理科,北京大学
32,河南,理科,北京大学
71,河南,理科,北京大学
62,河南,理科,北京大学
47,河南,理科,北京大学
34,河南,理科,北京大学
83,河南,理科,北京大学
23,河南,理科,北京大学
76,河南,理科,北京大学
87,河南,理科,北京大学
44,河南,理科,北京大学
88,河南,理科,北京大学
6,河南,理科,北京大学
72,河南,理科,北京大学
20,河南,理科,北京大学
27,河南,理科,北京大学
18,河南,理科,北京大学
87,河南,理科,北京大学
80,河南,理科,北京大学
1,河南,理科,北京大学
67,河南,理科,北京大学
92,河南,理科,北京大学
18,河南,理科,北京大学
53,河南,理科,北京大学
2,河南,理科,北京大学
62,河南,理科,北京大学
67,河南,理科,北京大学
67,河南,理科,北京大学
28,河南,理科,北京大学
22,河南,理科,北京大学
74,河南,理科,北京大学
38,河南,理科,北京大学
64,河南,理科,北京大学
14,河南,理科,北京大学
18,河南,理科,北京大学
60,河南,理科,北京大学
8,河南,理科,北京大学
73,河南,理科,北京大学
21,河南,理科,北京大学
4,河南,理科,北京大学
31,河南,理科,北京大学
92,河南,理科,北京大学
79,河南,理科,北京大学
72,河南,理科,北京大学
66,河南,理科,北京大学
23,河南,理科,北京大学
89,河南,理科,北京大学
25,河南,理科,北京大学
91,河南,理科,北京大学
76,河南,理科,北京大学
27,河南,理科,北京大学
72,河南,理科,北京大学
74,河南,理科,北京大学
16,河南,理科,北京大学
13,河南,理科,北京大学
3,河南,理科,北京大学
62,河南,理科,北京大学
11,河南,理科,北京大学
34,河南,理科,北京大学
4,河南,理科,北京大学
75,河南,理科,北京大学
17,河南,理科,北京大学
65,河南,理科,北京大学
35,河南,理科,北京大学
25,河南,理科,北京大学
40,河南,理科,北京大学
57,河南,理科,北京大学
7,河南,理科,北京大学
52,河南,理科,北京大学
15,河南,理科,北京大学
21,河南,理科,北京大学
5,河南,理科,北京大学
57,河南,理科,北京大学
21,河南,理科,北京大学
93,河南,理科,北京大学
49,河南,理科,北京大学
30,河南,理科,北京大学
13,河南,理科,北京大学
80,河南,理科,北京大学
81,河南,理科,北京大学
20,河南,理科,北京大学
35,河南,理科,北京大学
95,河南,理科,北京大学
75,河南,理科,北京大学
70,河南,理科,北京大学
25,河南,理科,北京大学
69,河南,理科,北京大学
38,河南,理科,北京大学
12,河南,理科,北京大学
3,河南,理科,北京大学
88,河南,理科,北京大学
56,湖北,理科,北京大学
48,湖北,理科,北京大学
7,湖北,理科,北京大学
51,湖北,理科,北京大学
66,湖北,理科,北京大学
30,湖北,理科,北京大学
8,湖北,理科,北京大学
36,湖北,理科,北京大学
43,湖北,理科,北京大学
76,湖北,理科,北京大学
73,湖北,理科,北京大学
45,湖北,理科,北京大学
66,湖北,理科,北京大学
45,湖北,理科,北京大学
74,湖北,理科,北京大学
19,湖北,理科,北京大学
15,湖北,理科,北京大学
36,湖北,理科,北京大学
24,湖北,理科,北京大学
56,湖北,理科,北京大学
73,湖北,理科,北京大学
64,湖北,理科,北京大学
17,湖北,理科,北京大学
42,湖北,理科,北京大学
3,湖北,理科,北京大学
39,湖北,理科,北京大学
69,湖北,理科,北京大学
70,湖北,理科,北京大学
12,湖北,理科,北京大学
4,湖北,理科,北京大学
45,湖北,理科,北京大学
78,湖北,理科,北京大学
35,湖北,理科,北京大学
63,湖北,理科,北京大学
68,湖北,理科,北京大学
4,湖北,理科,北京大学
51,湖北,理科,北京大学
71,湖北,理科,北京大学
47,湖北,理科,北京大学
61,湖北,理科,北京大学
17,湖北,理科,北京大学
78,湖北,理科,北京大学
31,湖北,理科,北京大学
77,湖北,理科,北京大学
36,湖北,理科,北京大学
77,湖北,理科,北京大学
38,湖北,理科,北京大学
28,湖北,理科,北京大学
77,湖北,理科,北京大学
38,湖北,理科,北京大学
49,湖北,理科,北京大学
32,湖北,理科,北京大学
19,湖北,理科,北京大学
16,湖北,理科,北京大学
13,湖北,理科,北京大学
42,湖北,理科,北京大学
9,湖北,理科,北京大学
15,湖北,理科,北京大学
19,湖北,理科,北京大学
7,湖北,理科,北京大学
59,湖北,理科,北京大学
8,湖北,理科,北京大学
72,湖北,理科,北京大学
76,湖北,理科,北京大学
42,湖北,理科,北京大学
40,湖北,理科,北京大学
74,湖北,理科,北京大学
5,湖北,理科,北京大学
17,湖北,理科,北京大学
62,湖北,理科,北京大学
9,湖北,理科,北京大学
59,湖北,理科,北京大学
12,湖北,理科,北京大学
73,湖北,理科,北京大学
14,湖北,理科,北京大学
74,湖北,理科,北京大学
20,湖北,理科,北京大学
64,湖北,理科,北京大学
70,湖北,理科,北京大学
67,上海,all,北京大学
8,上海,all,北京大学
68,上海,all,北京大学
25,上海,all,北京大学
72,上海,all,北京大学
74,上海,all,北京大学
66,上海,all,北京大学
84,上海,all,北京大学
70,上海,all,北京大学
11,上海,all,北京大学
72,上海,all,北京大学
55,上海,all,北京大学
29,上海,all,北京大学
44,上海,all,北京大学
47,上海,all,北京大学
80,上海,all,北京大学
47,上海,all,北京大学
79,上海,all,北京大学
98,上海,all,北京大学
43,上海,all,北京大学
76,上海,all,北京大学
79,上海,all,北京大学
74,上海,all,北京大学
47,上海,all,北京大学
15,上海,all,北京大学
2,上海,all,北京大学
37,上海,all,北京大学
10,上海,all,北京大学
90,上海,all,北京大学
29,上海,all,北京大学
80,上海,all,北京大学
84,上海,all,北京大学
60,上海,all,北京大学
99,上海,all,北京大学
74,上海,all,北京大学
18,上海,all,北京大学
90,上海,all,北京大学
83,上海,all,北京大学
51,上海,all,北京大学
46,上海,all,北京大学
40,上海,all,北京大学
67,上海,all,北京大学
81,上海,all,北京大学
86,上海,all,北京大学
90,上海,all,北京大学
12,上海,all,北京大学
26,上海,all,北京大学
89,上海,all,北京大学
63,上海,all,北京大学
67,上海,all,北京大学
91,上海,all,北京大学
8,上海,all,北京大学
74,上海,all,北京大学
16,上海,all,北京大学
66,上海,all,北京大学
13,上海,all,北京大学
56,上海,all,北京大学
88,上海,all,北京大学
91,上海,all,北京大学
25,上海,all,北京大学
95,上海,all,北京大学
19,上海,all,北京大学
10,上海,all,北京大学
62,上海,all,北京大学
43,上海,all,北京大学
18,上海,all,北京大学
16,上海,all,北京大学
44,上海,all,北京大学
98,上海,all,北京大学
49,上海,all,北京大学
14,上海,all,北京大学
6,上海,all,北京大学
51,上海,all,北京大学
82,上海,all,北京大学
33,上海,all,北京大学
12,上海,all,北京大学
77,上海,all,北京大学
82,上海,all,北京大学
13,上海,all,北京大学
49,上海,all,北京大学
72,上海,all,北京大学
44,上海,all,北京大学
46,上海,all,北京大学
23,上海,all,北京大学
69,上海,all,北京大学
73,上海,all,北京大学
80,上海,all,北京大学
72,上海,all,北京大学
98,上海,all,北京大学
99,上海,all,北京大学
47,上海,all,北京大学
95,上海,all,北京大学
53,上海,all,北京大学
92,上海,all,北京大学
17,上海,all,北京大学
90,上海,all,北京大学
71,上海,all,北京大学
86,上海,all,北京大学
100,上海,all,北京大学
77,上海,all,北京大学
11,上海,all,北京大学
33,上海,all,清华大学
105,上海,all,清华大学
6,上海,all,清华大学
25,上海,all,清华大学
71,上海,all,清华大学
62,上海,all,清华大学
23,上海,all,清华大学
12,上海,all,清华大学
57,上海,all,清华大学
24,上海,all,清华大学
96,上海,all,清华大学
100,上海,all,清华大学
8,上海,all,清华大学
106,上海,all,清华大学
59,上海,all,清华大学
7,上海,all,清华大学
93,上海,all,清华大学
33,上海,all,清华大学
4,上海,all,清华大学
54,上海,all,清华大学
65,上海,all,清华大学
53,上海,all,清华大学
94,上海,all,清华大学
105,上海,all,清华大学
44,上海,all,清华大学
44,上海,all,清华大学
89,上海,all,清华大学
97,上海,all,清华大学
59,上海,all,清华大学
7,上海,all,清华大学
19,上海,all,清华大学
92,上海,all,清华大学
96,上海,all,清华大学
39,上海,all,清华大学
71,上海,all,清华大学
64,上海,all,清华大学
37,上海,all,清华大学
10,上海,all,清华大学
35,上海,all,清华大学
78,上海,all,清华大学
107,上海,all,清华大学
57,上海,all,清华大学
90,上海,all,清华大学
76,上海,all,清华大学
90,上海,all,清华大学
38,上海,all,清华大学
15,上海,all,清华大学
99,上海,all,清华大学
1,上海,all,清华大学
19,上海,all,清华大学
87,上海,all,清华大学
99,上海,all,清华大学
97,上海,all,清华大学
40,上海,all,清华大学
15,上海,all,清华大学
6,上海,all,清华大学
102,上海,all,清华大学
62,上海,all,清华大学
39,上海,all,清华大学
52,上海,all,清华大学
68,上海,all,清华大学
67,上海,all,清华大学
87,上海,all,清华大学
23,上海,all,清华大学
29,上海,all,清华大学
93,上海,all,清华大学
31,上海,all,清华大学
39,上海,all,清华大学
47,上海,all,清华大学
9,上海,all,清华大学
103,上海,all,清华大学
88,上海,all,清华大学
90,上海,all,清华大学
94,上海,all,清华大学
63,上海,all,清华大学
79,上海,all,清华大学
93,上海,all,清华大学
3,上海,all,清华大学
62,上海,all,清华大学
60,上海,all,清华大学
94,上海,all,清华大学
67,上海,all,清华大学
11,上海,all,清华大学
89,上海,all,清华大学
46,上海,all,清华大学
93,上海,all,清华大学
47,上海,all,清华大学
20,上海,all,清华大学
54,上海,all,清华大学
107,上海,all,清华大学
20,上海,all,清华大学
75,上海,all,清华大学
23,上海,all,清华大学
35,上海,all,清华大学
12,上海,all,清华大学
35,上海,all,清华大学
13,上海,all,清华大学
6,上海,all,清华大学
4,上海,all,清华大学
82,上海,all,清华大学
76,上海,all,清华大学
98,上海,all,清华大学
38,上海,all,清华大学
22,上海,all,清华大学
106,上海,all,清华大学
43,上海,all,清华大学
72,上海,all,清华大学
39,上海,all,清华大学
175,浙江,all,北京大学
57,浙江,all,北京大学
135,浙江,all,北京大学
164,浙江,all,北京大学
101,浙江,all,北京大学
182,浙江,all,北京大学
11,浙江,all,北京大学
107,浙江,all,北京大学
192,浙江,all,北京大学
135,浙江,all,北京大学
93,浙江,all,北京大学
183,浙江,all,北京大学
35,浙江,all,北京大学
77,浙江,all,北京大学
208,浙江,all,北京大学
91,浙江,all,北京大学
194,浙江,all,北京大学
137,浙江,all,北京大学
44,浙江,all,北京大学
194,浙江,all,北京大学
59,浙江,all,北京大学
208,浙江,all,北京大学
96,浙江,all,北京大学
155,浙江,all,北京大学
171,浙江,all,北京大学
143,浙江,all,北京大学
159,浙江,all,北京大学
124,浙江,all,北京大学
84,浙江,all,北京大学
191,浙江,all,北京大学
189,浙江,all,北京大学
143,浙江,all,北京大学
95,浙江,all,北京大学
168,浙江,all,北京大学
35,浙江,all,北京大学
185,浙江,all,北京大学
149,浙江,all,北京大学
128,浙江,all,北京大学
126,浙江,all,北京大学
14,浙江,all,北京大学
31,浙江,all,北京大学
111,浙江,all,北京大学
141,浙江,all,北京大学
198,浙江,all,北京大学
106,浙江,all,北京大学
189,浙江,all,北京大学
150,浙江,all,北京大学
190,浙江,all,北京大学
11,浙江,all,北京大学
196,浙江,all,北京大学
14,浙江,all,北京大学
77,浙江,all,北京大学
43,浙江,all,北京大学
97,浙江,all,北京大学
44,浙江,all,北京大学
161,浙江,all,北京大学
158,浙江,all,北京大学
198,浙江,all,北京大学
39,浙江,all,北京大学
183,浙江,all,北京大学
93,浙江,all,北京大学
63,浙江,all,北京大学
60,浙江,all,北京大学
26,浙江,all,北京大学
198,浙江,all,北京大学
134,浙江,all,北京大学
56,浙江,all,北京大学
92,浙江,all,北京大学
199,浙江,all,北京大学
95,浙江,all,北京大学
173,浙江,all,北京大学
188,浙江,all,北京大学
21,浙江,all,北京大学
18,浙江,all,北京大学
185,浙江,all,北京大学
71,浙江,all,北京大学
193,浙江,all,北京大学
113,浙江,all,北京大学
68,浙江,all,北京大学
42,浙江,all,北京大学
42,浙江,all,北京大学
123,浙江,all,北京大学
205,浙江,all,北京大学
173,浙江,all,北京大学
131,浙江,all,北京大学
106,浙江,all,北京大学
42,浙江,all,北京大学
155,浙江,all,北京大学
67,浙江,all,北京大学
4,浙江,all,北京大学
104,浙江,all,北京大学
162,浙江,all,北京大学
168,浙江,all,北京大学
83,浙江,all,北京大学
46,浙江,all,北京大学
186,浙江,all,北京大学
191,浙江,all,北京大学
87,浙江,all,北京大学
159,浙江,all,北京大学
179,浙江,all,北京大学
170,浙江,all,北京大学
36,浙江,all,北京大学
32,浙江,all,北京大学
95,浙江,all,北京大学
149,浙江,all,北京大学
11,浙江,all,北京大学
52,浙江,all,北京大学
165,浙江,all,北京大学
189,浙江,all,北京大学
141,浙江,all,北京大学
79,浙江,all,北京大学
100,浙江,all,北京大学
117,浙江,all,北京大学
157,浙江,all,北京大学
141,浙江,all,北京大学
180,浙江,all,北京大学
150,浙江,all,北京大学
162,浙江,all,北京大学
153,浙江,all,北京大学
46,浙江,all,北京大学
103,浙江,all,北京大学
198,浙江,all,北京大学
13,浙江,all,北京大学
114,浙江,all,北京大学
154,浙江,all,北京大学
141,浙江,all,北京大学
6,浙江,all,北京大学
3,浙江,all,北京大学
171,浙江,all,北京大学
183,浙江,all,北京大学
81,浙江,all,北京大学
197,浙江,all,北京大学
84,浙江,all,北京大学
