major,firstDiscipline,SubjectCategory
世界史,世界史,历史学
中医学,中医学,医学
中医学（厦门大学马来西亚分校）,中医学,医学
中国少数民族语言文学,中国语言文学,文学
中国少数民族语言文学（文史）,中国语言文学,文学
中国少数民族语言文学（朝鲜语言文学）,中国语言文学,文学
中国少数民族语言文学（朝鲜语言文学）（中韩翻译）,中国语言文学,文学
中国少数民族语言文学（理工）,中国语言文学,文学
中国少数民族语言文学（维吾尔语言/普通类）,中国语言文学,文学
中国语言文学类,中国语言文学,文学
中国语言文学类(含汉语言文学(基地班)、秘书学、古典文献学),中国语言文学,文学
中国语言文学类(汉语国际教育、汉语言文学),中国语言文学,文学
中国语言文学类(汉语言文学、汉语国际教育),中国语言文学,文学
中国语言文学类(汉语言文学、秘书学)(含国家文科基地班),中国语言文学,文学
中国语言文学类(茅以升学院),中国语言文学,文学
中国语言文学类（单列类）,中国语言文学,文学
中国语言文学类（普通类）,中国语言文学,文学
中国语言文学类（汉语国际教育、汉语言、汉语言文学）,中国语言文学,文学
中国语言文学类（汉语国际教育、汉语言）,中国语言文学,文学
中国语言文学类（汉语言文学、汉语国际教育）,中国语言文学,文学
中国语言文科学类,中国语言文学,文学
中草药栽培与鉴定,中药学,医学
中药学,中药学,医学
中药学类,中药学,医学
中药资源与开发,中药学,医学
中西医临床医学,临床医学,医学
临床医学,临床医学,医学
临床医学 ,临床医学,医学
临床医学('5+3'一体化),临床医学,医学
临床医学(5+3),临床医学,医学
临床医学(5+3一体化),临床医学,医学
"临床医学(5+3一体化,儿科医学)",临床医学,医学
临床医学(5+3一体化培养),临床医学,医学
临床医学(专项理）,临床医学,医学
临床医学(五加三一体化),临床医学,医学
临床医学(五年),临床医学,医学
临床医学(儿科医学),临床医学,医学
临床医学(免费医学定向),临床医学,医学
临床医学(八年),临床医学,医学
临床医学(八年制),临床医学,医学
临床医学(口腔),临床医学,医学
临床医学(含拔尖创新人才试点班)(学制为5+3医),临床医学,医学
临床医学(本博连读),临床医学,医学
临床医学(本硕连读),临床医学,医学
临床医学(汉语),临床医学,医学
临床医学类,临床医学,医学
临床医学类 ,临床医学,医学
临床医学类（5+3规培）,临床医学,医学
临床医学类（5+3规培）（医学）,临床医学,医学
临床医学类（中外合作办学）,临床医学,医学
临床医学类（医学）,临床医学,医学
临床医学类（国家专项医）,临床医学,医学
临床医学类（国家专项理）,临床医学,医学
临床医学类（定向）,临床医学,医学
临床医学类（高校专项理）,临床医学,医学
临床医学（5+3一体化培养）,临床医学,医学
临床医学（5+3一体化）,临床医学,医学
临床医学（5+3）,临床医学,医学
临床医学（5+3，儿科学）,临床医学,医学
临床医学（5+3，儿科方向）,临床医学,医学
临床医学（5加3一体化培养）,临床医学,医学
临床医学（5＋3，儿科学）,临床医学,医学
临床医学（“5+3”一体化）,临床医学,医学
临床医学（专科）,临床医学,医学
临床医学（五年制本科）,临床医学,医学
临床医学（五年制）,临床医学,医学
临床医学（五年）,临床医学,医学
临床医学（儿科学创新班，“5+3”一体化）,临床医学,医学
临床医学（儿科学创新班，学制：5+3医）,临床医学,医学
临床医学（全英预备班，“5+3”一体化）,临床医学,医学
临床医学（全英预备班，学制：5+3医）,临床医学,医学
临床医学（八年制）,临床医学,医学
临床医学（八年）,临床医学,医学
临床医学（六年、临床医学专业中德实验班）,临床医学,医学
临床医学（六年制中德实验班）,临床医学,医学
临床医学（分院）,临床医学,医学
临床医学（口腔医学）,临床医学,医学
临床医学（国家贫困专项）,临床医学,医学
临床医学（学制5年）,临床医学,医学
临床医学（学制：5+3医）,临床医学,医学
临床医学（定向）,临床医学,医学
临床医学（本硕博贯通培养）,临床医学,医学
临床医学（民考汉）,临床医学,医学
临床医学（联合培养预备班，“5+3”一体化）,临床医学,医学
临床医学（贯通培养）,临床医学,医学
临床药学,临床医学,医学
临床药学 ,临床医学,医学
临床药学（五年制）,临床医学,医学
临床药学（五年）,临床医学,医学
交通工程,交通运输工程,工学
交通工程??????????? （国际工程班）,交通运输工程,工学
交通工程（单列）,交通运输工程,工学
交通工程（国际工程班）,交通运输工程,工学
交通工程（普通类）,交通运输工程,工学
交通管理,交通运输工程,工学
交通设备与控制工程,交通运输工程,工学
交通设备与控制工程（中白联合培养）,交通运输工程,工学
交通运输,交通运输工程,工学
交通运输(城市轨道交通方向),交通运输工程,工学
交通运输类,交通运输工程,工学
交通运输类(茅以升学院),交通运输工程,工学
交通运输类（含交通运输、交通工程、汽车服务工程、道路桥梁与渡河工程、物流工程）,交通运输工程,工学
交通运输类（含交通运输、交通工程、汽车服务工程、道路桥梁与渡河工程、物流工程） 国家专项,交通运输工程,工学
交通运输类（汉）,交通运输工程,工学
交通运输类（汽车学院）,交通运输工程,工学
交通运输类（经管学院）,交通运输工程,工学
交通运输（机场运行与管理）,交通运输工程,工学
交通运输（民航机务工程）,交通运输工程,工学
交通运输（民航电子电气工程）,交通运输工程,工学
交通运输（民航运输管理）,交通运输工程,工学
交通运输（空中交通管制与签派）,交通运输工程,工学
人力资源管理,工商管理,管理学
人力资源管理(商学院),管理科学与工程,管理学
人力资源管理(管理学院),管理科学与工程,管理学
人力资源管理科,管理科学与工程,管理学
人力资源管理（人力资源管理、公共事业管理）,公共管理,管理学
人力资源管理（含公共事业管理专业、人力资源管理专业）,公共管理,管理学
人工智能,计算机科学与技术,工学
人文地理与城乡规划,城乡规划学,工学
人文地理与城乡规划(单列),城乡规划学,工学
人文地理与城乡规划(南疆单列),城乡规划学,工学
人文地理与城乡规划（汉）,城乡规划学,工学
人文社科类,社会学,法学
人文科地理科与城乡规划,城乡规划学,工学
人文科学试验班,社会学,法学
人文科学试验班(人文艺术传播类),社会学,法学
人文科学试验班(弘毅学堂),社会学,法学
"人文科学试验班(文学与史学,匡亚明班)",社会学,法学
人文科学试验班（匡亚明班）（汉语言文学、历史学）,中国语言文学,文学
人文科学试验班（可选专业：汉语言文学、历史、哲学）,中国语言文学,文学
人文科学试验班（可选专业：汉语言文学、历史学、哲学）,中国语言文学,文学
人文科学试验班（国学方向）,中国语言文学,文学
人文科学试验班（文学与史学，匡亚明班）,中国语言文学,文学
人文科学试验班（民考汉）,中国语言文学,文学
人文科学试验班（汉语言文学、历史学、哲学、法学）,中国语言文学,文学
仪器类（含测控技术与仪器、电气工程及其自动化）,轻工技术与工程,工学
仿生科学与工程,材料科学与工程,工学
会展经济与管理,应用经济学,经济学
会展经济与管理科,应用经济学,经济学
会计学,应用经济学,经济学
会计学 ,应用经济学,经济学
会计学  (  双培计划  ),应用经济学,经济学
会计学  (  外培计划  ),应用经济学,经济学
会计学#H,应用经济学,经济学
会计学(ACCA),应用经济学,经济学
会计学(中外合作办学),应用经济学,经济学
会计学(会计学类),应用经济学,经济学
会计学(含会计学、财务管理),应用经济学,经济学
会计学(含会计学、财务管理、审计学),应用经济学,经济学
会计学(商学院),应用经济学,经济学
会计学(国际会计师),应用经济学,经济学
会计学(按会计学类培养),应用经济学,经济学
会计学(按会计学类培养)(含会计学、财务管理、审计学),应用经济学,经济学
会计学(按会计学类培养，会计学、财务管理、审,应用经济学,经济学
会计学(按会计学类培养，含会计学、财务管理、,应用经济学,经济学
会计学(按会计学类培养，含会计学、财务管理、审计学),应用经济学,经济学
会计学(管理学院),应用经济学,经济学
会计学(藏),应用经济学,经济学
会计学类,应用经济学,经济学
会计学（ACCA方向）,应用经济学,经济学
会计学（ACCA）,应用经济学,经济学
会计学（中外合作办学）,应用经济学,经济学
会计学（会计学、财务管理、审计学）,应用经济学,经济学
会计学（厦门大学与爱尔兰都柏林商学院合作举办）,应用经济学,经济学
会计学（厦门大学马来西亚分校）,应用经济学,经济学
会计学（双语实验班）,应用经济学,经济学
会计学（含会计学、财务管理、信用管理、经济学专业）,应用经济学,经济学
会计学（含会计学、财务管理、信用管理、经济学）,应用经济学,经济学
会计学（含会计学、财务管理专业）,应用经济学,经济学
会计学（含会计学、财务管理）,应用经济学,经济学
会计学（国防生）,应用经济学,经济学
会计学（国际会计师）,应用经济学,经济学
会计学（按会计学类培养）,应用经济学,经济学
会计学（按会计学类培养，含会计学、财务管理、审计学）,应用经济学,经济学
会计学（智能会计）,应用经济学,经济学
会计学（汉）,应用经济学,经济学
会计学（注会实验班）,应用经济学,经济学
会计学（注册会计师专门化方向）,应用经济学,经济学
会计学（注册会计师）,应用经济学,经济学
会计学（茶学院）,应用经济学,经济学
传播学,新闻传播学,文学
传播学(媒体市场调查与分析方向),新闻传播学,文学
传播学(新媒体方向),新闻传播学,文学
传播学(网络编辑方向),新闻传播学,文学
传播学（媒体市场调查与分析方向）,新闻传播学,文学
传播学（新媒体传播方向）,新闻传播学,文学
传播学（新媒体方向）,新闻传播学,文学
传播学（网络传播）,新闻传播学,文学
传播学（网络新媒体方向）,新闻传播学,文学
体育学类,体育学,教育学
体育经济与管理,应用经济学,经济学
俄语,外国语言文学,文学
俄语 ,外国语言文学,文学
俄语（俄语翻译）,外国语言文学,文学
俄语（单列类）,外国语言文学,文学
俄语（单列）,外国语言文学,文学
俄语（小语种）,外国语言文学,文学
俄语（文史）,外国语言文学,文学
俄语（普通类）,外国语言文学,文学
俄语（理工）,外国语言文学,文学
俄语（金融）,外国语言文学,文学
保密管理,工商管理,管理学
保险学,工商管理,管理学
保险学  (  保险与风险管理  ),工商管理,管理学
保险学  (  保险精算  ),工商管理,管理学
保险学（精算双语实验班）,工商管理,管理学
保险学（财务与会计双语实验班）,工商管理,管理学
信息与计算科学,计算机科学与技术,工学
信息与计算科学（单列）,计算机科学与技术,工学
信息与计算科学（普通类）,信息与通信工程,工学
信息与通信工程类,信息与通信工程,工学
信息安全,网络空间安全,工学
信息安全(中外合作办学),安全科学与工程,工学
信息安全(按网络空间安全类培养),网络空间安全,工学
信息安全(民),网络空间安全,工学
信息安全(网络空间安全类),网络空间安全,工学
信息安全（单列四年）,网络空间安全,工学
信息安全（单列类）,网络空间安全,工学
信息安全（单列）,网络空间安全,工学
信息安全（按网络空间安全类招生）,网络空间安全,工学
信息安全（普通类）,信息与通信工程,工学
信息对抗技术,公安技术,工学
信息工程,信息与通信工程,工学
信息工程(第三、四学年在无锡培养),信息与通信工程,工学
信息工程（第四年在无锡培养）,信息与通信工程,工学
信息工程（航天信息应用）,信息与通信工程,工学
信息科学技术,信息与通信工程,工学
信息科学技术(民族班),信息与通信工程,工学
信息管理与信息系统,信息与通信工程,工学
信息管理与信息系统 ,信息与通信工程,工学
信息管理与信息系统(公共卫生学院),信息与通信工程,工学
信息管理与信息系统(商学院),信息与通信工程,工学
信息管理与信息系统(定向),信息与通信工程,工学
信息管理与信息系统(管理学院),信息与通信工程,工学
信息管理与信息系统(计算机信息网络),信息与通信工程,工学
信息管理与信息系统类,信息与通信工程,工学
信息管理与信息系统（五年）,信息与通信工程,工学
信息管理与信息系统（医学信息）,信息与通信工程,工学
信息管理与信息系统（商务智能方向）,信息与通信工程,工学
信息管理与信息系统（国家专项计划）,信息与通信工程,工学
信息管理与信息系统（大数据与商务分析方向）,信息与通信工程,工学
信息管理与信息系统（大数据与商务分析）,信息与通信工程,工学
信息管理与信息系统（定向）,信息与通信工程,工学
信息管理与信息系统（管理信息方向）,信息与通信工程,工学
信息管理学与信息系统,信息与通信工程,工学
信息管理科与信息系统,信息与通信工程,工学
信息资源管理,工商管理,管理学
信息资源管理（民考汉）,工商管理,管理学
信用管理,工商管理,管理学
僧伽罗语,外国语言文学,文学
儿科学,基础医学,医学
儿科学(五年),基础医学,医学
儿科学（五年制）,基础医学,医学
光电信息科学与工程,电子科学与技术,工学
光电信息科学与工程(光电信息技术方向),电子科学与技术,工学
光电信息科学与工程(光电技术与物理类),电子科学与技术,工学
光电信息科学与工程(按光电技术与物理类培养),电子科学与技术,工学
光电信息科学与工程(智能影像工程方向),材料科学与工程,工学
光电信息科学与工程【光电信息科学与工程、测控技术与仪器】,电子科学与技术,工学
光电信息科学与工程（“王大珩”光电创新实验班）,材料科学与工程,工学
光电信息科学与工程（光电信息技术方向）,电子科学与技术,工学
光电信息科学与工程（光电信息技术方向）（按光电技术与物理类招生）,电子科学与技术,工学
光电信息科学与工程（光电卓越计划实验班）,材料科学与工程,工学
光电信息科学与工程（定向）,材料科学与工程,工学
光电信息科学与工程（按光电技术与物理类培养）,电子科学与技术,工学
光电信息科学与工程（按光电技术物理类培养）,电子科学与技术,工学
光电信息科学与工程（普通类）,材料科学与工程,工学
光电信息科学与工程（王大珩光电创新实验班）,材料科学与工程,工学
光电信息科学与工程（理学学士学位）,材料科学与工程,工学
光电技术与物理类,电子科学与技术,工学
克罗地亚语,外国语言文学,文学
公共事业管理,公共管理,管理学
公共事业管理 ,公共管理,管理学
公共事业管理(卫生事业管理方向),公共管理,管理学
公共事业管理(民族班),公共管理,管理学
公共事业管理科,公共管理,管理学
公共事业管理科(社会保障管理科方向),公共管理,管理学
公共事业管理（卫生事业管理）,公共管理,管理学
公共事业管理（国家专项计划）,公共管理,管理学
公共事业管理（教育）,公共管理,管理学
公共事业管理（文科）,公共管理,管理学
公共关系,公共管理,管理学
公共关系学,公共管理,管理学
公共卫生与预防医学类,公共卫生与预防医学,医学
公共管理科类,公共管理,管理学
公共管理类,公共管理,管理学
公共管理类(南疆),公共管理,管理学
公共管理类(含社会学、社会工作、公共事业管理、行政管理、劳动与社会保障专业),公共管理,管理学
公共管理类(汉),公共管理,管理学
公共管理类(海关管理、行政管理、公共事业管理),公共管理,管理学
公共管理类(藏),公共管理,管理学
公共管理类　,公共管理,管理学
公共管理类（南疆）,公共管理,管理学
公共管理类（含公共事业管理、行政管理、劳动与社会保障专业）,公共管理,管理学
公共管理类（国家专项理）,公共管理,管理学
公共管理类（汉）,公共管理,管理学
公共管理类（行政管理、城市管理）,公共管理,管理学
公告管理类,公共管理,管理学
兵器类,兵器科学与技术,工学
兵器类（弹药工程与爆炸技术、武器系统与工程）,轻工技术与工程,工学
农业机械化及其自动化,机械工程,工学
农业机械化及其自动化 国家专项,机械工程,工学
农业机械化及其自动化（本硕博班）,机械工程,工学
农业水利工程,水利工程,工学
农业电气化,电气工程,工学
农业经济管理类,农林经济管理,管理学
农业经济管理类（民考汉）,农林经济管理,管理学
农业资源与环境,农业资源利用,农学
农业资源与环境（中加合作班）,农业资源利用,农学
农业资源与环境（本硕博班）,农业资源利用,农学
农学,作物学,农学
农学（本硕博班）,作物学,农学
农村区域发展,农业工程,工学
农村区域发展（国家专项计划）,农林经济管理,管理学
农林经济管理,农林经济管理,管理学
农林经济管理 ,农林经济管理,管理学
农林经济管理 国家专项,农林经济管理,管理学
农林经济管理（文史）,农林经济管理,管理学
农林经济管理（本硕博班）,农林经济管理,管理学
农林经济管理（梁希实验班）,农林经济管理,管理学
农林经济管理（理工）,农林经济管理,管理学
冶金工程,冶金工程,工学
制药工程,药学,医学
制药工程 ,药学,医学
制药工程(民族班),药学,医学
力学类(茅以升学院),力学,工学
功能材料,材料科学与工程,工学
动植物检疫,植物保护,农学
动物医学,生物医学工程,工学
动物医学 国家专项,生物医学工程,工学
动物医学(中兽医学方向),兽医学,农学
动物医学(宠物医学方向),生物医学工程,工学
动物医学类,生物医学工程,工学
动物医学（五年） 农学单列,生物医学工程,工学
动物医学（五年） 国家专项,生物医学工程,工学
动物医学（国家专项计划）,生物医学工程,工学
动物医学（宠物医学方向）,生物医学工程,工学
动物医学（宠物医学方向，国家专项计划）,生物医学工程,工学
动物医学（本硕博班）,生物医学工程,工学
动物生产类,生物医学工程,工学
动物生产类（动物科学、动物医学）,生物医学工程,工学
动物生产类（含动物科学、生物技术） 农学单列,生物医学工程,工学
动物生产类（含动物科学、生物技术） 国家专项,生物医学工程,工学
动物科学,生物医学工程,工学
动物科学 国家专项,生物医学工程,工学
动物科学(大数据方向),生物医学工程,工学
动物科学(拔尖人才创新实验班),生物医学工程,工学
动物科学(食品科学方向),生物医学工程,工学
动物科学（国家专项计划）,生物医学工程,工学
动物科学（本硕博班）,生物医学工程,工学
动物科学（食品科学方向）,生物医学工程,工学
动物科学（食品科学方向，国家专项计划）,生物医学工程,工学
动物药学,生物医学工程,工学
劳动与社会保障,社会学,法学
劳动与社会保障（单列类）,社会学,法学
劳动与社会保障（单列）,社会学,法学
劳动与社会保障（双语类）,社会学,法学
劳动与社会保障（普通类）,社会学,法学
勘查技术与工程,轻工技术与工程,工学
勘查技术与工程 国家专项,轻工技术与工程,工学
勘查技术与工程(勘查地球物理方向),轻工技术与工程,工学
勘查技术与工程(钻探工程方向),轻工技术与工程,工学
勘查技术与工程（含勘查技术与工程、地理信息科学、地球物理学、测绘工程）,轻工技术与工程,工学
勘查技术与工程（含勘查技术与工程、地理信息科学、地球物理学、测绘工程） 国家专项,轻工技术与工程,工学
包装工程,机械工程,工学
匈牙利语,外国语言文学,文学
化学,化学,理学
化学  (  轻化产品质量分析  ),化学,理学
化学(南单理）,化学,理学
化学(基地班),化学,理学
化学(师范),化学,理学
化学-优培计划,化学,理学
化学化工菁英班,化学,理学
化学工程与工艺,化学工程与技术,工学
化学工程与工艺(中外合作办学),化学工程与技术,工学
化学工程与工艺(中外合作办学专业),化学工程与技术,工学
化学工程与工艺(中外合作办学）,化学工程与技术,工学
化学工程与工艺(德国克劳斯),化学工程与技术,工学
化学工程与工艺(德国吕贝克),化学工程与技术,工学
化学工程与工艺(普通类）,化学工程与技术,工学
化学工程与工艺(环境科学与工程),环境科学与工程,工学
化学工程与工艺(环境科学与工程)(中外合作办学),环境科学与工程,工学
化学工程与工艺(环境科学与工程)(中外合作办学专业),环境科学与工程,工学
化学工程与工艺(面向泉州),化学工程与技术,工学
化学工程与工艺-英才班,化学工程与技术,工学
化学工程与工艺（单列）,化学工程与技术,工学
化学工程与工艺（厦门大学马来西亚分校）,化学工程与技术,工学
化学工程与工艺（含化学工程与工艺、生物工程）,化学工程与技术,工学
化学工程与工艺（含国际班）,化学工程与技术,工学
化学工程与工艺（普通类）,化学工程与技术,工学
化学工程与工艺（环境科学与工程）(中外合作办学）,环境科学与工程,工学
化学工程与工艺（环境科学与工程）（中外合作办学）,环境科学与工程,工学
化学工程与工艺（面向泉州）,化学工程与技术,工学
化学工程和工艺,化学工程与技术,工学
化学生物学,生物学,理学
化学类,化学,理学
化学类 ,化学,理学
化学类(化学、应用化学),化学,理学
化学类(化学、应用化学) ,化学,理学
化学类(化学、应用化学、材料化学),化学,理学
化学类(含化学、应用化学),化学,理学
化学类(含化学、应用化学专业),化学,理学
化学类（化妆品科学与技术类和光电信息类）,化学,理学
化学类（化学、应用化学）,化学,理学
化学类（含化学、应用化学、材料化学、高分子材料与工程、化学工程与工艺）,材料科学与工程,工学
化学类（国家专项理）,化学,理学
化学类（高校专项理）,化学,理学
化学（免费师范）,化学,理学
化学（公费师范）,化学,理学
化学（单列）,化学,理学
化学（基地）,化学,理学
化学（基础学科拔尖人才培养实验班）,化学,理学
化学（师范类）,化学,理学
化学（师范）,化学,理学
化学（普通类）,化学,理学
化学（轻化产品质量分析）,化学,理学
化学（非公费师范）,化学,理学
化工与制药类,化学工程与技术,工学
化工与制药类(含化学工程与工艺、油气储运工程、轻化工程专业),化学工程与技术,工学
化工与制药类(国际卓越工程师班),化学工程与技术,工学
化工与制药类(国际卓越工程师班）,化学工程与技术,工学
化工与制药类（创新实验班）,化学工程与技术,工学
化工与制药类（化工环境生命类创新实验班）,化学工程与技术,工学
化工与制药类（安全工程、材料化学、高分子材料与工程、化学工程与工艺、应用化学、制药工程）,化学工程与技术,工学
医学,基础医学,医学
医学信息工程,医学技术,医学
医学实验技术（医学科学实验班）,医学技术,医学
医学影像学,医学技术,医学
医学影像学(五年),医学技术,医学
医学影像学（五年制）,医学技术,医学
医学影像学（国家贫困专项）,医学技术,医学
医学技术类,医学技术,医学
医学检验技术,医学技术,医学
医学检验技术 ,医学技术,医学
医学试验班（5+3一体化）,基础医学,医学
医学试验班（临床类定向）,基础医学,医学
医学试验班（临床类）,基础医学,医学
医学试验班（侯宗濂班H）,基础医学,医学
医学试验班（侯宗濂班）,基础医学,医学
医学试验班（侯宗濂班）（医学）,基础医学,医学
医学试验班（护理学）,基础医学,医学
医学试验班（非临床类）,基础医学,医学
医学试验班（预防）（医学）,基础医学,医学
医学试验班（预防）（单设批）,基础医学,医学
医学试验班（预防）（国家专项理）,基础医学,医学
医学院,基础医学,医学
医药,药学,医学
卫生检验与检疫,公共卫生与预防医学,医学
印度尼西亚语,外国语言文学,文学
历史学,中国史,历史学
历史学(基地班),中国史,历史学
历史学(师范),中国史,历史学
历史学类,中国史,历史学
历史学类 ,中国史,历史学
历史学类（南疆计划）,中国史,历史学
历史学（免费师范）,中国史,历史学
历史学（公费师范）,中国史,历史学
历史学（单列类）,中国史,历史学
历史学（双语类）,中国史,历史学
历史学（基地班）,中国史,历史学
历史学（师范）,中国史,历史学
历史学（文史哲基地）,中国史,历史学
历史学（普通类）,中国史,历史学
历史学（蒙授）,中国史,历史学
历史学（非公费师范）,中国史,历史学
历史建筑保护工程,中国史,历史学
历史组,中国史,历史学
口腔医学,口腔医学,医学
口腔医学 ,口腔医学,医学
口腔医学(5+3),口腔医学,医学
口腔医学(五加三一体化),口腔医学,医学
口腔医学(五年),口腔医学,医学
口腔医学(五年制),口腔医学,医学
口腔医学(南单理）,口腔医学,医学
口腔医学技术,口腔医学,医学
口腔医学类,口腔医学,医学
口腔医学类（医学）,口腔医学,医学
口腔医学（5+3）,口腔医学,医学
口腔医学（五年制本科）,口腔医学,医学
口腔医学（五年制）,口腔医学,医学
口腔医学（五年）,口腔医学,医学
口腔医学（国家贫困专项）,口腔医学,医学
口腔医学（学制五年）,口腔医学,医学
古典文献学,考古学,历史学
哲学,哲学,哲学
哲学 ,哲学,哲学
哲学类,哲学,哲学
哲学（文史哲基地）,哲学,哲学
商务经济学,理论经济学,经济学
商务英语,电子商务,管理学
园林,风景园林学,工学
园林（国家专项计划）,风景园林学,工学
园艺,园艺学,农学
园艺(观赏园艺),园艺学,农学
园艺（中加合作班）,园艺学,农学
园艺（国家专项计划）,园艺学,农学
园艺（本硕博班）,园艺学,农学
园艺（观赏园艺方向）,园艺学,农学
国家专项|光电信息科学与工程,材料科学与工程,工学
国家专项|数学类,数学,理学
国家专项|机械类,机械工程,工学
国家专项|管理科学与工程类,管理科学与工程,管理学
国家专项|自动化,化学,理学
国家专项|英语,外国语言文学,文学
国家专项医,基础医学,医学
国家专项文,中国语言文学,文学
国家专项计划（民族）,民族学,法学
国民经济管理,农林经济管理,管理学
国民经济管理（中外合作办学）,农林经济管理,管理学
国际事务与国际关系,法学,法学
国际商务,电子商务,管理学
国际商务(全英文科教学),工商管理,管理学
国际商务（全英文科教学）,工商管理,管理学
国际商务（厦门大学马来西亚分校）,工商管理,管理学
国际商务（双语实验班）,工商管理,管理学
国际商务（外语二学位）,工商管理,管理学
国际商务（德语与德语国家研究）,工商管理,管理学
国际政治,政治学,法学
国际政治（单列类）,政治学,法学
国际政治（单列）,政治学,法学
国际政治（普通类）,政治学,法学
国际政治（民考汉）,政治学,法学
国际经济与贸易,理论经济学,经济学
国际经济与贸易(中俄合作办学),理论经济学,经济学
国际经济与贸易(国际组织人才基地班),理论经济学,经济学
国际经济与贸易(民),理论经济学,经济学
国际经济与贸易(瀚德实验1班德语，仅招有专业志愿考生),理论经济学,经济学
国际经济与贸易（中外合作办学）,理论经济学,经济学
国际经济与贸易（五年）,理论经济学,经济学
国际经济与贸易（单列类）,理论经济学,经济学
国际经济与贸易（双语实验班）,理论经济学,经济学
国际经济与贸易（国际金融与投资）,理论经济学,经济学
国际经济与贸易（文史）,中国史,历史学
国际经济与贸易（文科）,理论经济学,经济学
国际经济与贸易（日语）,理论经济学,经济学
国际经济与贸易（瀚德实验1班德语，仅招有专业志愿考生）,理论经济学,经济学
国际经济与贸易（瀚德实验1班德语，招有专业志愿考生）,理论经济学,经济学
国际经济与贸易（瀚德实验1班）德语,理论经济学,经济学
国际经济与贸易（瀚德实验2班葡萄牙语，仅招有专业志愿考生）,理论经济学,经济学
国际经济与贸易（瀚德实验2班）葡萄牙语,理论经济学,经济学
国际经济与贸易（瀚德实验班1班）德语,理论经济学,经济学
国际经济与贸易（瀚德实验班2班葡萄牙语，仅招有专业志愿考生）,理论经济学,经济学
国际经济与贸易（理工）,理论经济学,经济学
图书情报与档案管理,图书情报与档案管理,管理学
图书情报与档案管理类,图书情报与档案管理,管理学
图书情报与档案管理类(信息管理学类),图书情报与档案管理,管理学
土地整治工程,土木工程,工学
土地整治工程（提前批）,土木工程,工学
土地资源管理,地理学,理学
土地资源管理科,管理科学与工程,管理学
土地资源管理（提前批）,地质资源与地质工程,工学
土木工程,土木工程,工学
土木工程 ,土木工程,工学
土木工程 国家专项,土木工程,工学
土木工程(专项理）,土木工程,工学
土木工程(中外合作),土木工程,工学
土木工程(城市地下空间),土木工程,工学
土木工程(定向)（单列）,土木工程,工学
土木工程【土木工程、土木工程（国际班）】,土木工程,工学
土木工程（/普通类）,土木工程,工学
土木工程（中外合作办学 中加）,土木工程,工学
土木工程（中外合作办学）,土木工程,工学
土木工程（中外合作）,土木工程,工学
土木工程（公路与桥梁）,土木工程,工学
土木工程（卓越计划实验班）,土木工程,工学
土木工程（单列）,土木工程,工学
土木工程（含国际班）,土木工程,工学
土木工程（国家贫困专项）,土木工程,工学
土木工程（国防生）,土木工程,工学
土木工程（城市地下空间）,土木工程,工学
土木工程（普通类）,土木工程,工学
土木工程（汉）,土木工程,工学
土木类,土木工程,工学
土木类(中外合作办学),土木工程,工学
土木类(土木工程、建筑环境与能源应用工程、给排水科学与工程),土木工程,工学
土木类(茅以升学院),土木工程,工学
土木类（含土木工程、地质工程）,土木工程,工学
土木类（含土木工程、地质工程） 国家专项,土木工程,工学
土木类（国家专项计划）,土木工程,工学
土木类（土木工程、建筑环境与能源应用工程、给排水科学与工程）,环境科学与工程,工学
土木类（民族）,环境科学与工程,工学
土木类（深圳市就读）,环境科学与工程,工学
地下水信息工程,信息与通信工程,工学
地下水科学与工程,材料科学与工程,工学
地下水科学与工程(中外合作办学),材料科学与工程,工学
地球信息科学与技术,地球物理学,理学
地球化学,化学,理学
地球物理学,地球物理学,理学
地球物理学类,地球物理学,理学
地球物理学类(地球物理与信息类),地球物理学,理学
地球物理学类(菁英班),地球物理学,理学
地球物理学类（提前批）,地球物理学,理学
地理信息科学,地理学,理学
地理信息科学（普通类）,地理学,理学
地理科学,地理学,理学
地理科学(师范),地理学,理学
地理科学类,地理学,理学
地理科学类 ,地理学,理学
地理科学类(基地班：自然地理与资源环境、人文地理与城乡规划、地理信息科学）,地理学,理学
地理科学类(自然地理与资源环境、人文地理与城乡规划、地理信息科学),地理学,理学
地理科学类（地理科学、地理信息科学）,地理学,理学
地理科学类（地理科学、地理信息系统）,地理学,理学
地理科学类（基地班：自然地理与资源环境、人文地理与城乡规划、地理信息科学）,地理学,理学
地理科学（免费师范）,地理学,理学
地理科学（公费师范生）,地理学,理学
地理科学（公费师范）,地理学,理学
地理科学（师范）,地理学,理学
地理科学（非公费师范）,地理学,理学
地理空间信息工程,地理学,理学
地质学,地质学,理学
地质学(基地班),地质学,理学
地质学类,地质学,理学
地质学类 ,地质学,理学
地质学类(含国家理科基地班),地质学,理学
地质学类(地球科学菁英班),地质学,理学
地质学类(菁英班),地质学,理学
地质学类（提前批）,地质学,理学
地质学（地质地球物理复合）,地球物理学,理学
地质学（基地班）,地质学,理学
地质学（旅游地学）,地质学,理学
地质学（理科基地班）,地质学,理学
地质工程,地质资源与地质工程,工学
地质工程 ,地质资源与地质工程,工学
地质工程 国家专项,地质资源与地质工程,工学
地质工程(定向),地质资源与地质工程,工学
地质工程(提前批）,地质资源与地质工程,工学
地质工程（单列）,地质资源与地质工程,工学
地质工程（含卓越工程师）,地质资源与地质工程,工学
地质工程（含卓越工程师）（提前批）,地质资源与地质工程,工学
地质工程（含卓越班）,地质资源与地质工程,工学
地质工程（定向）,地质资源与地质工程,工学
地质工程（普通类）,地质资源与地质工程,工学
地质工程（汉）,地质资源与地质工程,工学
地质类,地质学,理学
地质类（含地理科学、地质学、资源勘查工程、土地资源管理）,地质资源与地质工程,工学
地质类（含地理科学、地质学、资源勘查工程、土地资源管理） 国家专项,地质资源与地质工程,工学
地质类（含地质学、资源勘查工程、土地资源管理）,地质资源与地质工程,工学
地质类（含地质学、资源勘查工程、土地资源管理） 国家专项,地质资源与地质工程,工学
地质调查与矿产普查,地质学,理学
城乡规划,城乡规划学,工学
城乡规划(五年),城乡规划学,工学
城乡规划(民),城乡规划学,工学
城乡规划（五年制）,城乡规划学,工学
城乡规划（单列类）,城乡规划学,工学
城乡规划（单列）,城乡规划学,工学
城乡规划（普通类）,城乡规划学,工学
城乡规划（民）,城乡规划学,工学
城乡规划（汉）,城乡规划学,工学
城市地下空间工程,城乡规划学,工学
城市管理,城乡规划学,工学
城市管理科,城乡规划学,工学
基础医学,基础医学,医学
基础医学(五年),基础医学,医学
基础医学(基地班),基础医学,医学
基础医学类,基础医学,医学
基础医学类（医学）,基础医学,医学
基础医学类（国家专项理）,基础医学,医学
基础医学类（高校专项理）,基础医学,医学
基础医学（五年制）,基础医学,医学
基础医学（基地班）,基础医学,医学
塞尔维亚语,外国语言文学,文学
复合材料与工程,材料科学与工程,工学
外交学,外国语言文学,文学
外交学（国际组织与全球治理）,外国语言文学,文学
外交学（法语与法语国家研究）,外国语言文学,文学
外国语言文学类,外国语言文学,文学
外国语言文学类(俄语、西班牙语、法语、日语、朝鲜语)(双外语),外国语言文学,文学
外国语言文学类(双外语),外国语言文学,文学
外国语言文学类(含英语、俄语、德语、法语、日语、意大利语),外国语言文学,文学
外国语言文学类(含英语、德语、日语专业),外国语言文学,文学
外国语言文学类(商务英语、翻译、英语),外国语言文学,文学
外国语言文学类（国家专项文）,外国语言文学,文学
外国语言文学类（按语言类培养）,外国语言文学,文学
外国语言文学类（按语言类招生，含英语(与国贸复合)、英语）,外国语言文学,文学
外国语言文学类（文）,外国语言文学,文学
外国语言文学类（非英语）,外国语言文学,文学
大数据管理与应用,管理科学与工程,管理学
大气科学,大气科学,理学
大气科学(菁英班),大气科学,理学
大气科学类,大气科学,理学
大气科学类 ,大气科学,理学
学前教育,教育学,教育学
学前教育(师范),教育学,教育学
学前教育（仅招有专业志愿报考考生）,教育学,教育学
学前教育（仅招有专业志愿考生）,教育学,教育学
学前教育（免费师范）,教育学,教育学
学前教育（公费师范生，仅招有专业志愿考生）,教育学,教育学
学前教育（公费师范）,教育学,教育学
学前教育（师范类),教育学,教育学
学前教育（师范类）,教育学,教育学
学前教育（师范）,教育学,教育学
宇航与机电类,航空宇航科学与技术,工学
宇航与机电类(民族班),航空宇航科学与技术,工学
安全工程,安全科学与工程,工学
安全工程(交通安全与信息技术),安全科学与工程,工学
安全工程(定向),安全科学与工程,工学
安全工程(民族班),安全科学与工程,工学
安全工程（安全检测技术）,安全科学与工程,工学
安全工程（定向）,安全科学与工程,工学
安全科学与工程类,安全科学与工程,工学
安全科学与工程类(中外合作办学),安全科学与工程,工学
宝石及材料工艺学,材料科学与工程,工学
审计学,统计学,理学
小学教育,教育学,教育学
小学教育(中文师范),教育学,教育学
小学教育(信息技术师范),医学技术,医学
小学教育(师范),教育学,教育学
小学教育(德育师范),教育学,教育学
小学教育(数学师范),教育学,教育学
小学教育(科学师范),教育学,教育学
小学教育(英语师范),教育学,教育学
小学教育（公费师范）,教育学,教育学
小学教育（师范）,教育学,教育学
少数民族卓越班,民族学,法学
少数民族预科,民族学,法学
少数民族预科班,民族学,法学
尼泊尔语,外国语言文学,文学
岩土工程技术,化学工程与技术,工学
工业工程,工业工程,管理学
工业工程(工业技术管理方向),工业工程,管理学
工业工程类,工业工程,管理学
工业工程类（中外合作办学）,工业工程,管理学
工业工程类（管理学Ⅰ）,工业工程,管理学
工业工程（单列）,工业工程,管理学
工业工程（工业技术管理方向）,工业工程,管理学
工业工程（招考方向:工业技术管理方向）,工业工程,管理学
工业工程（普通类）,工业工程,管理学
工业设计,工业工程,管理学
工业设计（单列）,工业工程,管理学
工业设计（普通类）,工业工程,管理学
工商管理,工商管理,管理学
工商管理  (  中小企业管理  ),工商管理,管理学
工商管理(中俄合作办学),工商管理,管理学
工商管理(中外合作办学),工商管理,管理学
工商管理(中法实验班),工商管理,管理学
工商管理(中美校际交流),工商管理,管理学
工商管理(双语教学班),工商管理,管理学
工商管理(商学院),工商管理,管理学
工商管理(管理学院),工商管理,管理学
工商管理科,工商管理,管理学
工商管理科类,工商管理,管理学
"工商管理科类(中美联合培养121国际班,全英文科教学)",工商管理,管理学
"工商管理科类(会计学全英文科教学,中美联合培养121国际班)",工商管理,管理学
工商管理科类(全英文科教学，中美121双学位班),工商管理,管理学
"工商管理科类(旅游管理科全英文科教学,中美联合培养121国际班)",工商管理,管理学
工商管理科类(酒店管理科专业全英文科教学，中美121双学位班),工商管理,管理学
工商管理科类（中美121双学位班，全英文科教学）,工商管理,管理学
工商管理类,工商管理,管理学
工商管理类 ,工商管理,管理学
工商管理类(专项文）,工商管理,管理学
工商管理类(专项理）,工商管理,管理学
工商管理类(会计学、财务管理、人力资源管理、市场营销、工商管理),工商管理,管理学
工商管理类(南疆),工商管理,管理学
工商管理类(南疆单列),工商管理,管理学
工商管理类(含工商管理、市场营销、人力资源管理、会计学、财务管理专业),工商管理,管理学
工商管理类(含市场营销、工商管理、人力资源管理),工商管理,管理学
工商管理类(工商管理、人力资源管理),工商管理,管理学
工商管理类(工商管理、人力资源管理、市场营销),工商管理,管理学
工商管理类(工商管理、会计学),工商管理,管理学
工商管理类(工商管理、市场营销、人力资源管,工商管理,管理学
工商管理类(工商管理、市场营销、人力资源管理),工商管理,管理学
工商管理类（中外合作办学）,工商管理,管理学
工商管理类（中外合作办学）（工商管理）,工商管理,管理学
工商管理类（会计学、工商管理、市场营销）,工商管理,管理学
工商管理类（会计学、工商管理）,工商管理,管理学
工商管理类（会计学院）,工商管理,管理学
工商管理类（厦门大学与爱尔兰都柏林商学院合作举办）,工商管理,管理学
工商管理类（含:工商管理）,工商管理,管理学
工商管理类（含会计学、工商管理、市场营销、人力资源管理）,工商管理,管理学
工商管理类（含会计学、工商管理、市场营销、人力资源管理） 南疆单列,工商管理,管理学
工商管理类（含工商管理、市场营销、人力资源管理、信息管理与信息系统）,工商管理,管理学
工商管理类（国家专项计划）,工商管理,管理学
工商管理类（国家贫困专项）,工商管理,管理学
工商管理类（少）,工商管理,管理学
工商管理类（工商学院）,工商管理,管理学
工商管理类（工商管理、会计学、人力资源管理）,工商管理,管理学
"工商管理类（工商管理、会计学、市场营销、旅游管理、信息管理与信息系统
）",工商管理,管理学
工商管理类（工商管理、会计学、市场营销、旅游管理、信息管理与信息系统）,工商管理,管理学
工商管理类（工商管理、会计学、市场营销统）,工商管理,管理学
工商管理类（工商管理、会计学、市场营销）,工商管理,管理学
工商管理类（工商管理、会计学）,工商管理,管理学
工商管理类（工商管理、会计学）（汉族）,工商管理,管理学
工商管理类（工商管理、市场营销、人力资源管理）,工商管理,管理学
工商管理类（工商管理）,工商管理,管理学
工商管理类（文史国家贫困专项）,工商管理,管理学
工商管理类（文史）,工商管理,管理学
工商管理类（普通类）,工商管理,管理学
工商管理类（汉）,工商管理,管理学
工商管理类（理工国家贫困专项）,工商管理,管理学
工商管理类（理工）,工商管理,管理学
工商管理类（管理学Ⅱ）,工商管理,管理学
工商管理类）,工商管理,管理学
工商管理（中法实验班）,工商管理,管理学
工商管理（五年）,工商管理,管理学
工商管理（双语实验班）,工商管理,管理学
工商管理（双语类）,工商管理,管理学
工商管理（国际商务管理实验班）,工商管理,管理学
工商管理（地球科学与商务方向）,工商管理,管理学
工商管理（地球科学与商务）,工商管理,管理学
工商管理（普通类）,工商管理,管理学
工科试验班(信息类),信息与通信工程,工学
工科试验班(信息类)(少),信息与通信工程,工学
工科试验班(信息类)(汉),信息与通信工程,工学
工科试验班(农业机械化及其自动化),机械工程,工学
工科试验班(动力与机械类),机械工程,工学
工科试验班(动力装备与安全),机械工程,工学
工科试验班(勘查技术与工程),轻工技术与工程,工学
工科试验班(土木与环境类),土木工程,工学
工科试验班(建筑城规景观与设计类),建筑学,工学
工科试验班(弘毅学堂),机械工程,工学
工科试验班(智能交通与车辆类),交通运输工程,工学
工科试验班(智能交通与车辆类)(少),交通运输工程,工学
工科试验班(智能交通与车辆类)(汉),交通运输工程,工学
工科试验班(智能化制造类),轻工技术与工程,工学
工科试验班(测控技术与仪器),轻工技术与工程,工学
工科试验班(绿色化工与生物医药),生物医学工程,工学
工科试验班(车辆工程),工业工程,管理学
工科试验班类(信息类),信息与通信工程,工学
工科试验班类(医工交叉试验班),工业工程,管理学
工科试验班类(卓越计划),统计学,理学
工科试验班类(国际通用工程学院),工业工程,管理学
工科试验班类(航空航天类),航空宇航科学与技术,工学
工科试验班类（信息类）,信息与通信工程,工学
工科试验班类（医工交叉试验班）,工业工程,管理学
工科试验班类（国际通用工程学院）,工业工程,管理学
工科试验班类（航空航天类）,航空宇航科学与技术,工学
工科试验班（交通类）,交通运输工程,工学
工科试验班（人工智能H）,工业工程,管理学
工科试验班（仪器工程及智能化）,工业工程,管理学
工科试验班（仪器工程及智能化）（国家专项计划）,工业工程,管理学
工科试验班（信息与通信工程）,信息与通信工程,工学
工科试验班（信息与通信工程）（国家专项计划）,信息与通信工程,工学
工科试验班（功能新材料与化工）,材料科学与工程,工学
工科试验班（功能新材料与化工）（国家专项计划）,材料科学与工程,工学
工科试验班（含工程力学、复合材料与工程）,材料科学与工程,工学
工科试验班（土木交通类）,土木工程,工学
工科试验班（地质与水利工程类）,水利工程,工学
工科试验班（城市建设类）,建筑学,工学
工科试验班（大数据技术）,科学技术史,理学
工科试验班（工管贯通）,工商管理,管理学
工科试验班（提前批）,大气科学,理学
工科试验班（数学物理与光电科学）,物理学,理学
工科试验班（数学物理与光电科学）（国家专项计划）,物理学,理学
工科试验班（智慧人居环境与智能交通）,环境科学与工程,工学
工科试验班（智慧人居环境与智能交通）（国家专项计划）,环境科学与工程,工学
工科试验班（智慧人居环境与智能交通）（国家专项计划）（民族）,环境科学与工程,工学
工科试验班（智慧人居环境与智能交通）（民族）,环境科学与工程,工学
工科试验班（智能装备）,军事装备学,军事学
工科试验班（智能装备）（国家专项计划）,军事装备学,军事学
工科试验班（智能装备）（民族）,民族学,法学
工科试验班（机械类）,机械工程,工学
工科试验班（机械类）（汉）,机械工程,工学
工科试验班（机械能源材料类）,机械工程,工学
工科试验班（机类之人居）,机械工程,工学
工科试验班（机类之化工）,机械工程,工学
工科试验班（机类）,机械工程,工学
工科试验班（机类）（国家专项理）,工商管理,管理学
工科试验班（机类）（高校专项理）,工商管理,管理学
工科试验班（环境化工生物类）,环境科学与工程,工学
工科试验班（环境类）,环境科学与工程,工学
工科试验班（生命科学挑战班）,生物学,理学
工科试验班（生工高精尖班）,生物工程,工学
工科试验班（电子类）,电子科学与技术,工学
工科试验班（电气类）,电气工程,工学
工科试验班（电类）,电子科学与技术,工学
工科试验班（矿业与安全类）,矿业工程,工学
工科试验班（管工贯通）,工商管理,管理学
工科试验班（绿色化工与新能源类）,化学工程与技术,工学
工科试验班（能源类）,大气科学,理学
工科试验班（自动化电气测控类）,电气工程,工学
工科试验班（航天与自动化）,核科学与技术,工学
工科试验班（航天与自动化）（国家专项计划）,核科学与技术,工学
工科试验班（计算机与电子通信）,计算机科学与技术,工学
工科试验班（计算机与电子通信）（国家专项计划）,计算机科学与技术,工学
工科试验班（资源环境与新材料化工）,环境科学与工程,工学
工科试验班（资源环境与新材料化工）（国家专项计划）,环境科学与工程,工学
工科试验班（轨道交通）,交通运输工程,工学
工科试验班（道路桥梁、交通工程类）,交通运输工程,工学
工科试验班（道路桥梁、交通工程类）（国家专项计划）,交通运输工程,工学
工科试验班（钱学森班H）,大气科学,理学
工科试验班（钱学森班）,大气科学,理学
工科试验班（高材精英班）,大气科学,理学
工程力学,力学,工学
工程力学【工程力学、飞行器设计与工程】,动力工程及工程热物理,工学
工程力学（钱令希力学创新实验班）,力学,工学
工程测量技术,化学工程与技术,工学
工程管理,工商管理,管理学
工程管理科,工商管理,管理学
工程管理（单列）,工商管理,管理学
工程管理（普通类）,工商管理,管理学
工程造价,工商管理,管理学
市场营销,应用经济学,经济学
市场营销(商学院),应用经济学,经济学
市场营销(管理学院),应用经济学,经济学
市场营销（单列类）,应用经济学,经济学
市场营销（国家专项计划）,应用经济学,经济学
市场营销（市场营销、物流管理、电子商务）,应用经济学,经济学
市场营销（普通类）,应用经济学,经济学
希腊语,外国语言文学,文学
广告学,应用经济学,经济学
广告学 ,应用经济学,经济学
广告学(双语类),应用经济学,经济学
广告学(数字营销方向),应用经济学,经济学
广告学（单列）,应用经济学,经济学
广告学（厦门大学马来西亚分校）,应用经济学,经济学
广告学（普通类）,应用经济学,经济学
广告设计与制作,设计学,艺术学
广播电视学,新闻传播学,文学
广播电视工程,电气工程,工学
广播电视编导,电气工程,工学
应用化学,化学,理学
应用化学 ,化学,理学
应用化学(含化学、应用化学、材料化学),化学,理学
应用化学-优培计划,化学,理学
应用化学（含化学、应用化学、材料化学专业）,化学,理学
应用化学（张大煜化学菁英班）,化学,理学
应用化学（张大煜化学菁英班）（理学）,化学,理学
应用化学（理学）,化学,理学
应用心理学,心理学,教育学
应用心理学（文史）,心理学,教育学
应用心理学（汉）,心理学,教育学
应用心理学（理工）,心理学,教育学
应用数学与统计类,应用经济学,经济学
应用气象学,应用经济学,经济学
应用物理学,物理学,理学
应用物理学 ,物理学,理学
应用物理学（王大珩物理科学班）,物理学,理学
应用物理学（能源科学方向）,物理学,理学
应用统计学,统计学,理学
应用统计学（中外合作办学）,统计学,理学
应用统计学（中外合作办学）  （风险和精算）,统计学,理学
应用统计学（风险和精算）,统计学,理学
康复治疗学,基础医学,医学
建筑学,建筑学,工学
建筑学(五年),建筑学,工学
建筑学（五年制）,建筑学,工学
建筑学（双语类）,建筑学,工学
建筑学（普通类）,建筑学,工学
建筑环境与能源应用工程,环境科学与工程,工学
建筑环境与能源应用工程（单列）,环境科学与工程,工学
建筑环境与能源应用工程（国家专项计划）,环境科学与工程,工学
建筑环境与能源应用工程（普通类）,环境科学与工程,工学
建筑环境与能源应用工程（民族）（国家专项计划）,环境科学与工程,工学
建筑电气与智能化,建筑学,工学
建筑电气与智能化(定向),建筑学,工学
建筑电气与智能化(民),建筑学,工学
建筑电气与智能化(汉),建筑学,工学
建筑电气与智能化（单列四年）,建筑学,工学
建筑电气与智能化（定向）,建筑学,工学
建筑电气与智能化（普通类）,建筑学,工学
建筑类,建筑学,工学
建筑类（五年制）,建筑学,工学
微电子与集成电路类,电子科学与技术,工学
微电子科学与工程,材料科学与工程,工学
微电子科学与工程（定向）,材料科学与工程,工学
微电子科学与技术,电子科学与技术,工学
德语,外国语言文学,文学
德语 ,外国语言文学,文学
德语(师范),外国语言文学,文学
德语（商务）,外国语言文学,文学
德语（国际传播）,外国语言文学,文学
德语（涉外法商）,外国语言文学,文学
德语（经济学）,外国语言文学,文学
心理学,心理学,教育学
心理学(师范),心理学,教育学
心理学类,心理学,教育学
心理学类(心理学),心理学,教育学
心理学（免费师范）,心理学,教育学
心理学（公费师范）,心理学,教育学
思想政治教育,政治学,法学
思想政治教育 ,政治学,法学
思想政治教育(师范),政治学,法学
思想政治教育（免费师范）,政治学,法学
思想政治教育（公费师范）,政治学,法学
思想政治教育（公费师范） ,政治学,法学
思想政治教育（单列类）,政治学,法学
思想政治教育（单列）,政治学,法学
思想政治教育（双语类）,政治学,法学
思想政治教育（师范）,政治学,法学
思想政治教育（普通类）,政治学,法学
思想政治教育（藏）,政治学,法学
思想政治教育（非公费师范）,政治学,法学
意大利语,外国语言文学,文学
戏剧影视导演,戏剧与影视学,艺术学
戏剧影视文学,戏剧与影视学,艺术学
房地产开发与管理,地理学,理学
投资学,应用经济学,经济学
护理学,护理学,医学
护理学 ,护理学,医学
护理学 农学单列,护理学,医学
护理学 南疆单列,护理学,医学
护理学 国家专项,护理学,医学
护理学(南单理）,护理学,医学
护理学（创新班）,护理学,医学
护理学（单设批）,护理学,医学
护理学（文史）,护理学,医学
护理学（理工）,护理学,医学
按光电技术与物理类招生,电子科学与技术,工学
按材料类招生,材料科学与工程,工学
捷克语,外国语言文学,文学
探测制导与控制技术,测绘科学与技术,工学
探测制导与控制技术（航天）,测绘科学与技术,工学
播音与主持艺术,艺术学理论,艺术学
放射医学,特种医学,医学
放射医学（五年）,特种医学,医学
政治与行政学,政治学,法学
政治与行政学(专项文）,政治学,法学
政治学、经济学与哲学（PPE实验班）,政治学,法学
政治学与行政学,政治学,法学
政治学与行政学 国家专项,政治学,法学
政治学与行政学（公共政策与国际组织）,政治学,法学
政治学与行政学（单列类）,政治学,法学
政治学与行政学（单列）,政治学,法学
政治学与行政学（双语类）,政治学,法学
政治学与行政学（含政治学与行政学、国际政治、行政管理专业）,政治学,法学
政治学与行政学（含政治学与行政学、国际政治、行政管理专业） 国家专项,政治学,法学
政治学与行政学（含政治学与行政学、国际政治、行政管理）,政治学,法学
政治学与行政学（含政治学与行政学、国际政治、行政管理） 国家专项,政治学,法学
政治学与行政学（国家贫困专项）,政治学,法学
政治学与行政学（普通类）,政治学,法学
政治学类,政治学,法学
政治学类 ,政治学,法学
政治学类(国际政治、政治学与行政学),政治学,法学
政治学类（国际政治、思想政治教育）,政治学,法学
教育学,教育学,教育学
教育学(国家试点学院),教育学,教育学
教育学(师范),教育学,教育学
教育学(晏阳初实验班),教育学,教育学
教育学类,教育学,教育学
教育学类(学前教育、小学教育)(师范),教育学,教育学
教育学类(晏阳初实验班),教育学,教育学
教育学类（中外合作办学）,教育学,教育学
教育学类（中外合作办学）学前教育,教育学,教育学
教育学类（教育技术学、学前教育、小学教育）,教育学,教育学
教育学（国家试点学院）,教育学,教育学
教育学（师范类）,教育学,教育学
教育学（师范）,教育学,教育学
教育学（文史）,教育学,教育学
教育学（晏阳初实验班）,教育学,教育学
教育学（理工）,教育学,教育学
教育技术学,教育学,教育学
教育技术学(师范),教育学,教育学
教育技术学（公费师范）,教育学,教育学
教育技术学（师范）,教育学,教育学
教育技术学（非公费师范）,教育学,教育学
数字媒体技术,公安技术,工学
数字媒体技术 ,公安技术,工学
数字媒体技术(游戏设计技术方向),计算机科学与技术,工学
数字媒体技术（中外合作办学 中爱）,数学,理学
数字媒体技术（中外合作办学）,数学,理学
数字媒体技术（厦门大学马来西亚分校）,数学,理学
数字媒体技术（游戏设计技术方向）,计算机科学与技术,工学
数字媒体艺术,艺术学理论,艺术学
数学,数学,理学
数学与应用数学,数学,理学
数学与应用数学(信息英才班),数学,理学
数学与应用数学(南单理）,数学,理学
数学与应用数学(基地班),数学,理学
数学与应用数学(师范),数学,理学
数学与应用数学(师范类),数学,理学
数学与应用数学(数学经济创新班),数学,理学
数学与应用数学(英才班),数学,理学
数学与应用数学（与金融学复合）,数学,理学
数学与应用数学（信息英才班）,数学,理学
数学与应用数学（免费师范）,数学,理学
数学与应用数学（公费师范）,数学,理学
数学与应用数学（单列）,数学,理学
数学与应用数学（厦门大学马来西亚分校）,数学,理学
数学与应用数学（基地班）,数学,理学
数学与应用数学（基础学科拔尖人才培养实验班）,数学,理学
数学与应用数学（师范）,数学,理学
数学与应用数学（数学与经济学双学位班）,数学,理学
数学与应用数学（数学经济创新班）,数学,理学
数学与应用数学（普通类）,数学,理学
数学与应用数学（金融数学方向）,数学,理学
数学与应用数学（非公费师范）,数学,理学
数学和应用数学,数学,理学
数学类,数学,理学
数学类 ,数学,理学
数学类(信息与计算科学、数学与应用数学),数学,理学
数学类(含数学与应用数学(基地班)、信息与计算科学),数学,理学
数学类(含数学与应用数学、信息与计算科学专业),数学,理学
数学类(应用数学与统计),数学,理学
数学类(数学与应用数学、信息与计算科学),数学,理学
数学类(数学与应用数学、信息与计算科学) ,数学,理学
数学类(数学与应用数学、信息与计算科学)(含基地班),数学,理学
数学类(数理实验班),数学,理学
数学类(茅以升学院),数学,理学
数学类（信息与计算科学、数学与应用数学）,数学,理学
数学类（南疆）,数学,理学
数学类（含数学与应用数学、信息与计算科学、金融数学、统计学）,数学,理学
数学类（国家专项理）,数学,理学
数学类（应用数学与统计）,数学,理学
数学类（数学与应用数学(与金融学复合)、信息与计算科学、数学与应用,数学,理学
数学类（数学与应用数学、信息与计算科学、统计学、金融数学）,数学,理学
数学类（数学与应用数学、统计学）,数学,理学
数学类（金融数学）,数学,理学
数学菁英班,数学,理学
数据科学与大数据,数学,理学
数据科学与大数据技术,数学,理学
数据科学与大数据技术(传媒大数据方向),数学,理学
数据科学与大数据技术（普通类）,数学,理学
"数理基础科学（数理基地,数学）",数学,理学
数理基础科学（数理基地，物理学）,数学,理学
文化产业管理,工商管理,管理学
文化产业管理(制片管理、公共文化与创意设计方向),管理科学与工程,管理学
文化产业管理（制片管理、公共文化与创意设计方向）,管理科学与工程,管理学
文化产业管理（影视制片管理、文化经纪方向）,工商管理,管理学
文化遗产,化学,理学
文史,中国史,历史学
文物与保护技术,植物保护,农学
文物与博物馆学,物理学,理学
文物保护技术,植物保护,农学
文物保护技术(定向),植物保护,农学
文理,中国语言文学,文学
文科,中国语言文学,文学
文科统招,中国语言文学,文学
文科试验班类,中国语言文学,文学
文科试验班类（国家专项文）,中国语言文学,文学
文科试验班类（文）,中国语言文学,文学
文科试验班类（语言与传播）,中国语言文学,文学
文科试验班类（郭秉文班）,中国语言文学,文学
文科试验班类（马院）,马克思主义理论,法学
新能源材料与器件,材料科学与工程,工学
新能源材料与器件(中外合作办学),材料科学与工程,工学
新能源科学与工程,材料科学与工程,工学
新能源科学与工程（厦门大学马来西亚分校）,材料科学与工程,工学
新闻,新闻传播学,文学
新闻传播学,新闻传播学,文学
新闻传播学类,新闻传播学,文学
新闻传播学类 ,新闻传播学,文学
新闻传播学类(含新闻学、广播电视学、广告学、网络与新媒体),新闻传播学,文学
新闻传播学类(定向),新闻传播学,文学
新闻传播学类(新闻学、广播电视学、广告学、网络与新媒体),新闻传播学,文学
新闻传播学类(民族班),新闻传播学,文学
新闻传播学类（单列类）,新闻传播学,文学
新闻传播学类（含新闻学、广告学）,新闻传播学,文学
新闻传播学类（按新媒体类培养）,新闻传播学,文学
新闻传播学类（新闻学、广播电视学）,新闻传播学,文学
新闻传播学类（普通类）,新闻传播学,文学
新闻传播学类（民考汉）,新闻传播学,文学
新闻传播类,新闻传播学,文学
新闻学,新闻传播学,文学
新闻学(数据新闻报道方向),新闻传播学,文学
新闻学(法制新闻）,新闻传播学,文学
新闻学（卓越人才实验班）,新闻传播学,文学
新闻学（单列）,新闻传播学,文学
新闻学（厦门大学马来西亚分校）,新闻传播学,文学
新闻学（双语类）,新闻传播学,文学
新闻学（国家贫困专项）,新闻传播学,文学
新闻学（国际新闻）,新闻传播学,文学
新闻学（文史）,新闻传播学,文学
新闻学（普通类）,新闻传播学,文学
新闻学（法制新闻）,新闻传播学,文学
新闻学（理工）,新闻传播学,文学
新闻学（经济新闻方向）,新闻传播学,文学
新闻学（蒙授）,新闻传播学,文学
旅游管理,旅游管理,管理学
旅游管理(中外合作办学),旅游管理,管理学
旅游管理(民族班),旅游管理,管理学
旅游管理科,旅游管理,管理学
旅游管理科类,旅游管理,管理学
旅游管理类,旅游管理,管理学
旅游管理（中法联合培养）,旅游管理,管理学
旅游管理（单列类）,旅游管理,管理学
旅游管理（单列）,旅游管理,管理学
旅游管理（少数民族）,旅游管理,管理学
旅游管理（文史）,旅游管理,管理学
旅游管理（普通类）,旅游管理,管理学
旅游管理（汉族）,旅游管理,管理学
旅游管理（理工）,旅游管理,管理学
旅游管理（蒙授）,旅游管理,管理学
无机非金属材料工程,材料科学与工程,工学
日语,外国语言文学,文学
日语 ,外国语言文学,文学
日语(零起点),外国语言文学,文学
日语（外语要求不低于110分）,外国语言文学,文学
日语（宝山校区）,外国语言文学,文学
日语（小语种,外国语言文学,文学
日语（小语种）,外国语言文学,文学
日语（提前批）,外国语言文学,文学
日语（文科）,外国语言文学,文学
日语（涉外法商）,外国语言文学,文学
日语（经贸日语）,外国语言文学,文学
日语（经贸日语）（零起点）,外国语言文学,文学
日语（蒙授）,外国语言文学,文学
日语（零起点）,外国语言文学,文学
智能制造与车辆实验班,控制科学与工程,工学
智能制造与车辆实验班(民族班),控制科学与工程,工学
智能制造工程,控制科学与工程,工学
智能医学工程,生物医学工程,工学
智能建造,建筑学,工学
智能电网信息工程,设计学,艺术学
服装设计与工程,设计学,艺术学
服装设计与工程（普通类/工）,设计学,艺术学
服装设计与工程（普通类）,设计学,艺术学
朝鲜(韩)语,外国语言文学,文学
朝鲜语,外国语言文学,文学
朝鲜语（韩语）,外国语言文学,文学
木材科学与工程,材料科学与工程,工学
木材科学与工程（中加合作办学项目）,材料科学与工程,工学
机器人工程,机械工程,工学
机械与海洋工程类,机械工程,工学
机械学,机械工程,工学
机械工程,机械工程,工学
机械工程 国家专项,机械工程,工学
机械工程（中白联合培养）,机械工程,工学
机械工程（单列）,机械工程,工学
机械工程（普通类）,机械工程,工学
机械工程（知识产权创新实践班）,机械工程,工学
机械电子工程,机械工程,工学
机械类,机械工程,工学
机械类  （机电工程类）,机械工程,工学
机械类#E,机械工程,工学
机械类(中外合作办学),机械工程,工学
机械类(含机械设计制造及其自动化、材料成型及控制工程、过程装备与控制工程专业),机械工程,工学
机械类(含机械设计制造及其自动化、车辆工程),机械工程,工学
机械类(按机械与海洋工程类培养),机械工程,工学
机械类(按机械与海洋工程类培养)(机械设计制造及其自动化、车辆工程),机械工程,工学
机械类(按机械与海洋工程类培养，含机械设计,机械工程,工学
机械类(机械与海洋工程类),机械工程,工学
机械类(机械设计与海洋工程类培养，含机械设计制造及其自动化、车辆,机械工程,工学
机械类(机电),机械工程,工学
机械类(民族班),机械工程,工学
机械类(茅以升学院),机械工程,工学
机械类(车辆),机械工程,工学
机械类（中外合作办学）,机械工程,工学
机械类（中外合作办学）（机械工程）,机械工程,工学
机械类（含机械工程、工业工程、工程力学、智能制造工程）,机械工程,工学
机械类（含机械工程、工业工程、工程力学、智能制造工程） 国家专项,机械工程,工学
机械类（含机械工程、工业工程、工程力学）,机械工程,工学
机械类（含机械工程、工业工程、工程力学） 国家专项,机械工程,工学
机械类（含机械设计制造及其自动化、农业机械化及其自动化专业）,机械工程,工学
机械类（国家专项计划）,机械工程,工学
机械类（工学Ⅰ）,机械工程,工学
机械类（按机械与海洋工程类培养）,机械工程,工学
机械类（按机械与海洋工程类培养，含机械设计制造及其自动化、车辆工,机械工程,工学
机械类（按机械与海洋工程类招生，含机械设计制造及其自动化、车辆工,机械工程,工学
机械类（普通类）,机械工程,工学
机械类（智能装备）,机械工程,工学
机械类（机械工程）,机械工程,工学
机械类（机械类创新实验班）,机械工程,工学
机械类（机械设计制造及其自动化、农业机械化及其自动化）,机械工程,工学
机械类（机械设计制造及其自动化、车辆工程）,机械工程,工学
机械类（机械设计制造及其自动化、车辆工程）（按机械与海洋工程类,机械工程,工学
机械类（机械设计制造及其自动化、车辆工程）（按机械与海洋工程类培,机械工程,工学
机械类（机电工程类）,机械工程,工学
机械类（民族）,机械工程,工学
机械类（汉）,机械工程,工学
机械类（深圳市就读）,机械工程,工学
机械类（车辆工程、工业工程、机械工程）,机械工程,工学
机械类（高端装备与智能制造、机器人）,机械工程,工学
机械类（高端装备与智能制造）,机械工程,工学
机械类）,机械工程,工学
机械设计制造及其自动化,机械工程,工学
机械设计制造及其自动化(中法校际交流),机械工程,工学
机械设计制造及其自动化(汉),机械工程,工学
机械设计制造及其自动化(闽台合作),机械工程,工学
机械设计制造及其自动化【机械设计制造及其自动化、机械设计制造及其自动化（国际班）】,机械工程,工学
机械设计制造及其自动化（中外合作办学）（大连理工大学美国加州大学欧文分校联合项目）,机械工程,工学
机械设计制造及其自动化（创新实验班）,机械工程,工学
机械设计制造及其自动化（卓越计划）,机械工程,工学
机械设计制造及其自动化（单列四年）,机械工程,工学
机械设计制造及其自动化（国家贫困专项）,机械工程,工学
机械设计制造及其自动化（教育部卓越工程师班）,机械工程,工学
机械设计制造及其自动化（日语强化）,机械工程,工学
机械设计制造及其自动化（普通类）,机械工程,工学
机械设计制造及其自动化（机械卓越计划实验班）,机械工程,工学
机械设计制造及其自动化（汉）,机械工程,工学
机械设计制造及其自动化（闽台合作）,机械工程,工学
机械设计制造及自动化,机械工程,工学
机械设计及其自动化(专项理）,机械工程,工学
机电一体化技术,机械工程,工学
材料化学,化学,理学
材料化学 ,化学,理学
材料化学（稀土材料）,材料科学与工程,工学
材料学,材料科学与工程,工学
材料成型及控制工程,材料科学与工程,工学
材料成型及控制工程 国家专项,材料科学与工程,工学
材料成型及控制工程(汉),材料科学与工程,工学
材料成型及控制工程（中白联合培养）,材料科学与工程,工学
材料成型及控制工程（单列）,材料科学与工程,工学
材料成型及控制工程（国家专项计划）,材料科学与工程,工学
材料成型及控制工程（普通类）,材料科学与工程,工学
材料成型及控制工程（材料卓越计划实验班）,材料科学与工程,工学
材料成型及控制工程（民）,材料科学与工程,工学
材料成型及控制工程（汉）,材料科学与工程,工学
材料物理,材料科学与工程,工学
材料理科,材料科学与工程,工学
材料科学与工程,材料科学与工程,工学
材料科学与工程#E,材料科学与工程,工学
材料科学与工程(材料类),材料科学与工程,工学
材料科学与工程（单列）,材料科学与工程,工学
材料科学与工程（国家专项计划）,材料科学与工程,工学
材料科学与工程（少）,材料科学与工程,工学
材料科学与工程（按材料类招生）,材料科学与工程,工学
材料科学与工程（普通类）,材料科学与工程,工学
材料科学与工程（汉）,材料科学与工程,工学
材料科学与工程（深圳市就读）,材料科学与工程,工学
材料科学与技术类,材料科学与工程,工学
材料类,材料科学与工程,工学
材料类 ,材料科学与工程,工学
材料类(先进材料及绿色制造),材料科学与工程,工学
材料类(含无机非金属材料工程、高分子材料与工程、复合材料与工程、新能源材料与器件专业),材料科学与工程,工学
材料类(材料科学与工程、高分子材料与工程、材料物理、新能源材料与,材料科学与工程,工学
材料类(材料科学与工程、高分子材料与工程、材料物理、新能源材料与器件),材料科学与工程,工学
材料类(材料科学与技术),材料科学与工程,工学
材料类(茅以升学院),材料科学与工程,工学
材料类（中外合作办学）,材料科学与工程,工学
材料类（中外合作办学）（材料科学与工程专业）,材料科学与工程,工学
材料类（中外合作办学）（材料科学与工程）,材料科学与工程,工学
材料类（含材料科学与工程、无机非金属材料工程、材料成型及控制工程）,材料科学与工程,工学
材料类（含材料科学与工程、无机非金属材料工程、材料成型及控制工程） 国家专项,材料科学与工程,工学
材料类（材料科学与工程、材料物理、纳米材料与技术）,材料科学与工程,工学
材料类（材料科学与工程、高分子材料与工程、材料物理、新能源材料与器件）,材料科学与工程,工学
材料类（材料科学与工程）,材料科学与工程,工学
材料类（材料科学与技术）,材料科学与工程,工学
材料类（特种功能先进材料及全周期绿色设计与制造）,材料科学与工程,工学
林业工程类,林业工程,工学
林业工程类(成栋班),林业工程,工学
林产化工,林业工程,工学
林学,林学,农学
林学类,林学,农学
林学类(成栋实验班),林学,农学
林学类（含林学、森林保护专业）,林学,农学
核工程与核技术,化学工程与技术,工学
核工程类,核科学与技术,工学
核工程类 ,核科学与技术,工学
核工程类（核工程与核技术、辐射防护与核安全）,核科学与技术,工学
核物理,核科学与技术,工学
核科学与技术基地班(原子核物理),核科学与技术,工学
核科学与技术基地班(原子核物理与核技术方向),核科学与技术,工学
核科学与技术基地班(放射化学方向),核科学与技术,工学
档案学,工商管理,管理学
档案学 ,工商管理,管理学
森林保护,植物保护,农学
森林工程,林业工程,工学
植物保护,植物保护,农学
植物生产类,植物保护,农学
植物生产类 国家专项,植物保护,农学
植物生产类（Ⅰ）,植物保护,农学
植物生产类（Ⅱ）,植物保护,农学
植物生产类（农学、园艺）,植物保护,农学
植物生产类（含农学、园艺、植物保护、农业资源与环境、生物技术 农学单列,植物保护,农学
植物生产类（含农学、园艺、植物保护、农业资源与环境、生物技术 国家专项,植物保护,农学
植物生产类（含农学、园艺、植物保护、农业资源与环境） 国家专项,植物保护,农学
植物科学与技术,核科学与技术,工学
民族学,民族学,法学
民族学 ,民族学,法学
水产养殖学,水产,农学
水产养殖学（国家专项计划）,水产,农学
水产类,水产,农学
水利水电工程,水利工程,工学
水利水电工程(闽台合作),水利工程,工学
水利水电工程（定向）,水利工程,工学
水利水电工程（闽台合作）,水利工程,工学
水利类,水利工程,工学
水利类 ,水利工程,工学
水利类（含水文与水资源工程、地下水科学与工程）,水利工程,工学
水利类（工学Ⅴ）,水利工程,工学
水土保持与荒漠化防治,水利工程,工学
水文与工程地质,水利工程,工学
水文与水资源工程,水利工程,工学
水文与水资源工程（普通类）,地质资源与地质工程,工学
水族科学与技术,核科学与技术,工学
水族科学与技术（国家专项计划）,核科学与技术,工学
汉文学（汉）,中国语言文学,文学
汉语国际教育,教育学,教育学
汉语国际教育（单列类）,教育学,教育学
汉语国际教育（单列）,教育学,教育学
汉语国际教育（双语类）,教育学,教育学
汉语国际教育（普通类）,教育学,教育学
汉语言,中国语言文学,文学
汉语言(民考汉南单文）,中国语言文学,文学
汉语言(民考汉南单理）,中国语言文学,文学
汉语言文学,中国语言文学,文学
汉语言文学 ,中国语言文学,文学
汉语言文学(定向),中国语言文学,文学
汉语言文学(师范),中国语言文学,文学
汉语言文学(师范类),中国语言文学,文学
汉语言文学(戏剧影视文学),戏剧与影视学,艺术学
汉语言文学(普通类),中国语言文学,文学
汉语言文学(民族班),中国语言文学,文学
汉语言文学(汉),中国语言文学,文学
汉语言文学(藏),中国语言文学,文学
汉语言文学（免费师范）,中国语言文学,文学
汉语言文学（公费师范）,中国语言文学,文学
汉语言文学（单列）,中国语言文学,文学
汉语言文学（厦门大学马来西亚分校）,中国语言文学,文学
汉语言文学（基地班）,中国语言文学,文学
汉语言文学（定向）,中国语言文学,文学
汉语言文学（师范类）,中国语言文学,文学
汉语言文学（戏剧影视文学）,戏剧与影视学,艺术学
汉语言文学（文史哲基地）,中国语言文学,文学
汉语言文学（文学/汉）,中国语言文学,文学
汉语言文学（汉）,中国语言文学,文学
汉语言文学（法商文秘）,中国语言文学,文学
汉语言文学（财经文秘方向）,中国语言文学,文学
汉语言文学（非公费师范）,中国语言文学,文学
汉语言文科学,中国语言文学,文学
汉语言（民考汉文史）,中国语言文学,文学
汽车服务工程,机械工程,工学
汽车营销与服务,电子商务,管理学
油气储运工程,电气工程,工学
油气储运工程(面向泉州),石油与天然气工程,工学
油气储运工程（面向泉州）,石油与天然气工程,工学
法医学,特种医学,医学
法医学（五年制）,特种医学,医学
法医学（单设批）,特种医学,医学
法医学（国家专项理）,特种医学,医学
法学,法学,法学
法学 ,法学,法学
法学 国家专项,法学,法学
法学(专项文）,法学,法学
法学(南单文）,法学,法学
法学(涉外法律方向),法学,法学
法学(知识产权),法学,法学
法学(经济法）,法学,法学
法学类,法学,法学
法学类(卓越法律人才实验班）,法学,法学
法学类(法学),法学,法学
法学类(法学、知识产权),法学,法学
法学类(法学、社会学),法学,法学
法学类（卓越人才实验班）,法学,法学
法学类（卓越法律人才实验班）,法学,法学
法学类（法学、知识产权）,法学,法学
法学类（法学）,法学,法学
法学试验班（国家专项文）,法学,法学
法学试验班（国家专项理）,法学,法学
法学试验班（文）,法学,法学
法学（刑事法律）,法学,法学
法学（卓越实验班）,法学,法学
法学（单列类）,法学,法学
法学（单列）,法学,法学
法学（南疆计划）,法学,法学
法学（双语类）,法学,法学
法学（国家贫困专项）,法学,法学
法学（国际经济法）,法学,法学
法学（文科）,法学,法学
法学（普通类）,法学,法学
法学（本硕贯通卓越法律人才实验班）,法学,法学
法学（民商法律）,法学,法学
法学（民考汉）,法学,法学
法学（汉）,法学,法学
法学（沪港交流涉外卓越法律人才实验班）,法学,法学
法学（沪港合作涉外卓越法律人才实验班）,法学,法学
法学（法学与会计学双学位班）,法学,法学
法学（涉外卓越商事法律人才实验班）,法学,法学
法学（涉外卓越国际金融法律人才实验班）,法学,法学
法学（涉外法务英语特色班）,法学,法学
法学（瀚德实验1班西班牙语仅，招有专业志愿考生）,法学,法学
法学（瀚德实验1班西班牙语，仅招有专业志愿考生）,法学,法学
法学（瀚德实验1班）西班牙语,法学,法学
法学（瀚德实验2班法语，仅招有专业志愿考生）,法学,法学
法学（瀚德实验2班）法语,法学,法学
法学（瀚德实验班1班）西班牙语,法学,法学
法学（瀚德实验班2班法语，仅招有专业志愿考生）,法学,法学
法学（经济法）,法学,法学
法学（蒙授）,法学,法学
法学（藏）,法学,法学
法律（民商法律）,法学,法学
法语,外国语言文学,文学
法语（中外合作办学）,外国语言文学,文学
法语（国际关系）,外国语言文学,文学
波兰语,外国语言文学,文学
波斯语,外国语言文学,文学
泰米尔语,外国语言文学,文学
泰语,外国语言文学,文学
测控技术与仪器,测绘科学与技术,工学
测控技术与仪器 ,测绘科学与技术,工学
测控技术与仪器(仪器科学与电气工程学院),控制科学与工程,工学
测控技术与仪器(通信学院),仪器科学与技术,工学
测绘工程,测绘科学与技术,工学
测绘工程（单列）,测绘科学与技术,工学
测绘工程（普通类）,测绘科学与技术,工学
测绘类,测绘科学与技术,工学
测绘类(茅以升学院),测绘科学与技术,工学
测绘类（汉）,测绘科学与技术,工学
海事管理,工商管理,管理学
海关管理,工商管理,管理学
海洋工程与技术,化学工程与技术,工学
海洋工程类,船舶与海洋工程,工学
海洋技术,海洋科学,理学
海洋技术（厦门大学马来西亚分校）,海洋科学,理学
海洋渔业科学与技术,海洋科学,理学
海洋科学,海洋科学,理学
海洋科学(菁英班),海洋科学,理学
海洋科学类,海洋科学,理学
海洋科学（厦门大学马来西亚分校）,海洋科学,理学
海洋资源与环境,海洋科学,理学
海洋资源开发技术,海洋科学,理学
消防工程,机械工程,工学
港口航道与海岸工程,船舶与海洋工程,工学
港口航道与海岸工程(定向),船舶与海洋工程,工学
港口航道与海岸工程（定向）,船舶与海洋工程,工学
烟草,草学,农学
焊接技术与工程,轻工技术与工程,工学
焊接技术与工程（国家专项计划）,轻工技术与工程,工学
焊接技术与工程（民族）（国家专项计划）,轻工技术与工程,工学
物化生组,化学,理学
物流工程,生物工程,工学
物流管理,物流管理与工程,管理学
物流管理 国家专项,物流管理与工程,管理学
物流管理(中外合作办学),物流管理与工程,管理学
物流管理(定向),物流管理与工程,管理学
物流管理(闽台合作),物流管理与工程,管理学
物流管理与工程类,物流管理与工程,管理学
物流管理科,物流管理与工程,管理学
物流管理（定向）,物流管理与工程,管理学
物流管理（文史）,物流管理与工程,管理学
物流管理（普通类）,物流管理与工程,管理学
物流管理（物流系统工程）,物流管理与工程,管理学
物流管理（理工）,物流管理与工程,管理学
物流管理（管理学创新实验班）,物流管理与工程,管理学
物流管理（闽台合作）,物流管理与工程,管理学
物理学,物理学,理学
物理学(基地班),物理学,理学
物理学(师范),物理学,理学
物理学类,物理学,理学
物理学类 ,物理学,理学
物理学类(含应用物理学、光电信息科学与工程专业),物理学,理学
物理学类(物理学、应用物理学),物理学,理学
物理学类(物理学、应用物理学) ,物理学,理学
物理学类（含物理学、应用物理学、核物理、光电信息科学与工程）,物理学,理学
物理学类（国家专项理）,物理学,理学
物理学类（应用物理学、物理学、电子信息科学与技术）,物理学,理学
物理学类（按光电技术与物理类培养）,物理学,理学
物理学类（物理学、应用物理学）,物理学,理学
物理学类（高校专项理）,物理学,理学
物理学（严济慈物理学英才班）,物理学,理学
物理学（免费师范）,物理学,理学
物理学（公费师范）,物理学,理学
物理学（协同创新实验班）,物理学,理学
物理学（单列类）,物理学,理学
物理学（基地班）,物理学,理学
物理学（基础学科拔尖人才培养实验班）,物理学,理学
物理学（师范）,物理学,理学
物理学（普通类）,物理学,理学
物理学（非公费师范）,物理学,理学
物理菁英班,物理学,理学
物联网工程,计算机科学与技术,工学
物联网工程(民),计算机科学与技术,工学
物联网工程(汉),计算机科学与技术,工学
物联网工程（中外合作办学）,计算机科学与技术,工学
物联网工程（单列四年）,计算机科学与技术,工学
物联网工程（单列类）,计算机科学与技术,工学
物联网工程（普通类）,计算机科学与技术,工学
物联网工程（汉）,计算机科学与技术,工学
特殊教育,教育学,教育学
特殊教育(师范),教育学,教育学
特殊教育（免费师范）,教育学,教育学
特殊教育（公费师范),教育学,教育学
特殊教育（公费师范）,教育学,教育学
特种能源技术与工程,轻工技术与工程,工学
环境工程,环境科学与工程,工学
环境工程 ,环境科学与工程,工学
环境工程#E,环境科学与工程,工学
环境工程(专项理）,环境科学与工程,工学
环境工程(按环境科学与工程类培养),环境科学与工程,工学
环境工程(环境科学与工程类),环境科学与工程,工学
环境工程(菁英班),环境科学与工程,工学
环境工程（国家贫困专项）,环境科学与工程,工学
环境工程（按环境科学与工程类培养）,环境科学与工程,工学
环境工程（按环境科学与工程类招生）,环境科学与工程,工学
环境工程（深圳市就读）,环境科学与工程,工学
环境生态工程,环境科学与工程,工学
环境科学,环境科学与工程,工学
环境科学与 ?工程类,环境科学与工程,工学
环境科学与工程,环境科学与工程,工学
环境科学与工程类,环境科学与工程,工学
环境科学与工程类 ,环境科学与工程,工学
环境科学与工程类 国家专项,环境科学与工程,工学
环境科学与工程类(含环境工程、安全工程专业),环境科学与工程,工学
环境科学与工程类(含环境科学、环境工程),环境科学与工程,工学
环境科学与工程类(地球科学与环境类),环境科学与工程,工学
环境科学与工程类(环境地球科学类),环境科学与工程,工学
环境科学与工程类(环境工程、环境科学),环境科学与工程,工学
环境科学与工程类（含环境科学、环境工程）,环境科学与工程,工学
环境科学与工程类（含环境科学、环境工程） 国家专项,环境科学与工程,工学
环境科学与工程类（含环境科学专业、环境工程专业、环境生态工程）,环境科学与工程,工学
环境科学与工程类（国家专项计划）,环境科学与工程,工学
环境科学与工程类（环境工程、环境生态工程）,环境科学与工程,工学
环境科学与工程类（环境科学、环境工程、环境生态工程）,环境科学与工程,工学
环境科学（单列）,环境科学与工程,工学
环境科学（含环境科学专业、环境工程专业、环境生态学）,环境科学与工程,工学
环境科学（普通类）,环境科学与工程,工学
理学与材料菁英班,材料科学与工程,工学
理学与材料菁英班(民族班),材料科学与工程,工学
理科试验班(信息与通信基础科学),信息与通信工程,工学
"理科试验班(化学,唐敖庆班)",管理科学与工程,管理学
"理科试验班(地球物理学,李四光班)",地球物理学,理学
"理科试验班(数学,唐敖庆班)",数学,理学
理科试验班(数学与信息科学),数学,理学
理科试验班(数理科学类),数学,理学
理科试验班(材料物理),物理学,理学
"理科试验班(物理学,唐敖庆班)",物理学,理学
"理科试验班(生物学,唐敖庆班)",生物学,理学
理科试验班(电子科学与技术),电子科学与技术,工学
"理科试验班(计算机,唐敖庆班)",计算机科学与技术,工学
理科试验班(资源与环境类),管理科学与工程,管理学
理科试验班类,管理科学与工程,管理学
理科试验班类(中法工程师学院),管理科学与工程,管理学
理科试验班类(化学与生命科学类),管理科学与工程,管理学
理科试验班类(匡亚明学院大理科班),管理科学与工程,管理学
理科试验班类(地球科学与资源环境类),管理科学与工程,管理学
理科试验班类(弘毅学堂),管理科学与工程,管理学
理科试验班类(高等理科学院),管理科学与工程,管理学
理科试验班类（中法工程师学院）,管理科学与工程,管理学
理科试验班类（高等理科学院）,管理科学与工程,管理学
理科试验班（信息与数学）,信息与通信工程,工学
理科试验班（化学优培计划）,化学,理学
理科试验班（化学生物H）,化学,理学
理科试验班（化学生物）,化学,理学
理科试验班（化学类）,化学,理学
理科试验班（可选专业：数学、物理、化学、生物）,物理学,理学
理科试验班（可选专业：数学、物理学、化学、生物学）,物理学,理学
理科试验班（唐敖庆班）（含数学类、物理学类、化学类、生物科学类、计算机类）,物理学,理学
理科试验班（唐敖庆班）（数学类、物理学类、化学类、生物科学类、计算机类）,物理学,理学
理科试验班（数学H）,数学,理学
理科试验班（数学类）,数学,理学
理科试验班（数学）,数学,理学
理科试验班（海洋类）,海洋科学,理学
理科试验班（物理H）,物理学,理学
理科试验班（物理、化学与心理学）,物理学,理学
理科试验班（物理类）,物理学,理学
理科试验班（物理）,物理学,理学
理科试验班（环境理工、环境经管）,环境科学与工程,工学
理科试验班（环境理工、环境经管，民考汉）,环境科学与工程,工学
理科试验班（计算机H）,计算机科学与技术,工学
理科试验班（计算机）,计算机科学与技术,工学
理科试验班（钱伟长学院（国家试点学院））,管理科学与工程,管理学
理论与应用力学 ,力学,工学
理论与应用力学(基地班),力学,工学
理论与应用力学基地班,力学,工学
瑞典语,外国语言文学,文学
生命科学与技术基地班,生物学,理学
生命科学类,生物学,理学
生态学,生态学,理学
生态学（中加合作班）,生态学,理学
生态学（单列）,生态学,理学
生态学（普通类）,生态学,理学
生物信息学,生物学,理学
生物制药,生物学,理学
生物医学工程,生物医学工程,工学
生物医学工程(电子科学与工程学院),生物医学工程,工学
生物医学工程(药学院),生物医学工程,工学
生物医学工程类,生物医学工程,工学
生物医学工程类(生物医学工程与仪器类),生物医学工程,工学
生物医学工程类（国家专项理）,生物医学工程,工学
生物医学工程类（按生物医学工程与仪器类培养）,生物医学工程,工学
生物医学工程类（生物与药学）,生物医学工程,工学
生物医学工程类（高校专项理）,生物医学工程,工学
生物医学工程（五年）,生物医学工程,工学
生物医学工程（学制七年本硕连读）,生物医学工程,工学
生物医学工程（工医理交叉国际化实验班）,生物医学工程,工学
生物医学工程（工程科学学院）,生物医学工程,工学
生物医学工程（生医卓越计划实验班）,生物医学工程,工学
生物学基地班,生物学,理学
生物工程,生物工程,工学
生物工程(中外合作办学),生物工程,工学
生物工程类,生物工程,工学
生物工程类(中外合作办学),生物工程,工学
生物工程类(含生物工程、生物科学、生物技术专业),动力工程及工程热物理,工学
生物工程类（含生物工程、生物制药、药物制剂）,动力工程及工程热物理,工学
生物工程类（工学Ⅳ）,生物工程,工学
生物工程类（绿色生物制造与生物安全）,生物工程,工学
生物工程（中外合作办学）,生物工程,工学
生物工程（卓越计划）,生物工程,工学
生物工程（单列）,生物工程,工学
生物工程（普通类）,生物工程,工学
生物技术,生物学,理学
生物技术  (  化妆品  ),生物学,理学
生物技术  (  高精尖项目  ),生物学,理学
生物技术(动科学院),生物学,理学
生物技术(生命科学与技术基地班),核科学与技术,工学
生物技术(生命科学学院),生物学,理学
生物技术(闽台合作),生物学,理学
生物技术（中加合作办学项目）,生物学,理学
生物技术（中外合作办学）,生物学,理学
生物技术（公费师范）,生物学,理学
生物技术（化妆品）,生物学,理学
生物技术（基地）,生物学,理学
生物技术（基础学科生物科学与技术实验班）,核科学与技术,工学
生物技术（基础学科生物科技实验班）,生物学,理学
生物技术（闽台合作）,生物学,理学
生物科学,生物学,理学
生物科学(基地班),生物学,理学
生物科学(师范),生物学,理学
生物科学(菁英班),生物学,理学
生物科学类,生物学,理学
生物科学类 ,生物学,理学
生物科学类(中外合作办学)(生物技术),生物学,理学
生物科学类(含生物科学(基地班)、 生物技术),生物学,理学
生物科学类(生物技术),生物学,理学
生物科学类(生物科学、生物技术),生物学,理学
生物科学类(生物科学、生物技术) ,生物学,理学
生物科学类(生物科学、生物技术)(南疆单列计划),生物学,理学
生物科学类(生物科学、生物技术)(含国家理科基地班),生物学,理学
生物科学类(生物科学、生物技术、生态学),生物学,理学
生物科学类（中外合作办学）,生物学,理学
生物科学类（含生物科学、生物技术专业）,生物学,理学
生物科学类（含生物科学、生物技术）,生物学,理学
生物科学类（含生物科学专业、生物技术、生态学）,生物学,理学
生物科学类（含生物科学专业、生物技术专业、生态学）,生物学,理学
生物科学类（生物科学、生物技术、生态学）,生物学,理学
生物科学类（生物科学、生物技术、生态学）（公费师范生）,生物学,理学
生物科学类（生物科学、生物技术）,生物学,理学
生物科学（免费师范）,生物学,理学
生物科学（公费师范）,生物学,理学
生物科学（动物学）,生物学,理学
生物科学（单列）,生物学,理学
生物科学（双语类）,生物学,理学
生物科学（基地）,生物学,理学
生物科学（师范）,生物学,理学
生物科学（普通类）,生物学,理学
生物科学（本硕博班）,生物学,理学
生物科学（理科实验班）,生物学,理学
生物科学（贝时璋菁英班）,生物学,理学
生物科学（非公费师范）,生物学,理学
电信工程及管理（中外合作办学）,信息与通信工程,工学
电子与计算机工程,信息与通信工程,工学
电子信息工程,信息与通信工程,工学
电子信息工程(实验班),信息与通信工程,工学
电子信息工程(实验班)(民族班),信息与通信工程,工学
电子信息工程(教改班),信息与通信工程,工学
电子信息工程(闽台合作),信息与通信工程,工学
电子信息工程【电子信息工程、电子信息工程（英语强化）】,信息与通信工程,工学
电子信息工程技术,电子科学与技术,工学
电子信息工程（中外合作办学 中爱）,信息与通信工程,工学
电子信息工程（中外合作办学）,信息与通信工程,工学
电子信息工程（信息类数理提高班）,信息与通信工程,工学
电子信息工程（卓越工程师班）,信息与通信工程,工学
电子信息工程（卓越计划）,信息与通信工程,工学
电子信息工程（单列）,信息与通信工程,工学
电子信息工程（厦门大学马来西亚分校）,信息与通信工程,工学
电子信息工程（含英语强化班）,信息与通信工程,工学
电子信息工程（实验班）,信息与通信工程,工学
电子信息工程（教育部卓越工程师班）,信息与通信工程,工学
电子信息工程（普通类）,信息与通信工程,工学
电子信息工程（电信卓越计划实验班）,信息与通信工程,工学
电子信息工程（知识产权创新实践班）,信息与通信工程,工学
电子信息工程（闽台合作）,信息与通信工程,工学
电子信息科学与技术,电子科学与技术,工学
电子信息科学与技术(中外合作办学),电子科学与技术,工学
电子信息科学与技术(国防生),电子科学与技术,工学
电子信息类,电子科学与技术,工学
电子信息类 ,电子科学与技术,工学
电子信息类  （自动化与电气工程类）,信息与通信工程,工学
电子信息类(中外合作办学),电子科学与技术,工学
电子信息类(信息通信),信息与通信工程,工学
电子信息类(含测控技术与仪器、电气工程及其自动化、信息工程、自动化专业),信息与通信工程,工学
电子信息类(含电子信息工程、通信工程、光电信息科学与工程),信息与通信工程,工学
电子信息类(微电子与集成电路),电子科学与技术,工学
电子信息类(民族班),电子科学与技术,工学
电子信息类(汉),电子科学与技术,工学
电子信息类(物理与光电工程),信息与通信工程,工学
电子信息类(电子信息工程),信息与通信工程,工学
电子信息类(电子信息工程、电子科学与技术、,电子科学与技术,工学
电子信息类(电子信息工程、电子科学与技术、集成电路设计与集成系统,电子科学与技术,工学
电子信息类(电子信息工程、通信工程),信息与通信工程,工学
电子信息类(电子信息工程、通信工程、光电信息科学与工程),信息与通信工程,工学
电子信息类(电子工程),信息与通信工程,工学
电子信息类(空间电子信息),信息与通信工程,工学
电子信息类(茅以升学院),电子科学与技术,工学
电子信息类(通信),信息与通信工程,工学
电子信息类(通信与控制),信息与通信工程,工学
电子信息类(通信工程、电子信息科学与技术),电子科学与技术,工学
电子信息类（中外合作办学）,电子科学与技术,工学
电子信息类（信息工程）,信息与通信工程,工学
电子信息类（光电学院）,电子科学与技术,工学
电子信息类（创新实验班）,电子商务,管理学
电子信息类（后两年在无锡培养）,电子商务,管理学
电子信息类（含电子信息工程、电子科学与技术、微电子科学与工程、电子信息科学与技术、生物医学工程）,电子科学与技术,工学
电子信息类（国家专项理）,电子商务,管理学
电子信息类（国家专项计划）,电子商务,管理学
电子信息类（实验班）,电子商务,管理学
电子信息类（微电子与集成电路）,电子科学与技术,工学
电子信息类（汉）,电子商务,管理学
电子信息类（深圳市就读）,电子商务,管理学
电子信息类（物理与光电工程）,信息与通信工程,工学
电子信息类（电信学院）,电子科学与技术,工学
电子信息类（电子、电子（微毫米波）、信息工程）,信息与通信工程,工学
电子信息类（电子信息工程、电子科学与技术、集成电路设计与集成系,电子科学与技术,工学
电子信息类（电子信息工程、电子科学与技术、集成电路设计与集成系统,电子科学与技术,工学
电子信息类（电子信息工程、通信工程、计算机科学与工程、数字媒体技术）,计算机科学与技术,工学
"电子信息类（电子信息工程、通信工程、计算机科学与技术、数字媒体技术
）",计算机科学与技术,工学
电子信息类（电子信息工程、通信工程、计算机科学与技术、数字媒体技术）,计算机科学与技术,工学
电子信息类（电子信息工程、通信工程）,信息与通信工程,工学
电子信息类（电子信息类、通信工程、计算机科学与技术、数字媒体技术）,计算机科学与技术,工学
电子信息类（电子科学与技术、电子信息工程、光电信息科学与工程、通信工程、微电子科学与工程）,电子科学与技术,工学
电子信息类（电气信息类创新实验班）,信息与通信工程,工学
电子信息类（空间电子信息）,信息与通信工程,工学
电子信息类（自动化与电气工程类）,信息与通信工程,工学
电子信息类（通信与控制）,信息与通信工程,工学
电子信息类（通信工程、电子信息科学与技术）,电子科学与技术,工学
电子信息类（高校专项理）,电子商务,管理学
电子商务,电子商务,管理学
电子商务  (  互联网商务  ),电子商务,管理学
电子商务(文史),电子商务,管理学
电子商务(理工),电子商务,管理学
电子商务及法律（中外合作办学）,电子商务,管理学
电子商务类(电子商务、信息管理与信息系统),电子商务,管理学
电子商务（支付结算方向）,电子商务,管理学
电子商务（文史）,电子商务,管理学
电子商务（理工）,电子商务,管理学
电子封装技术,电子科学与技术,工学
电子科学与应用,电子科学与技术,工学
电子科学与技术,电子科学与技术,工学
电子科学与技术(国防生),电子科学与技术,工学
电子科学与技术(微电子技术),电子科学与技术,工学
电子科学与技术(民族班),电子科学与技术,工学
电子科学与技术(第三、四学年在无锡培养),电子科学与技术,工学
电子科学与技术(类),电子科学与技术,工学
电子科学与技术【电子科学与技术、集成电路设计与集成系统】,电子科学与技术,工学
电子科学与技术类,电子科学与技术,工学
电子科学与技术类（第四年在无锡培养）,电子科学与技术,工学
电子科学与技术（类）,电子科学与技术,工学
电影制作,戏剧与影视学,艺术学
电影制作（延长校区）,戏剧与影视学,艺术学
电气工程与智能控制,电气工程,工学
电气工程及其自动化,电气工程,工学
电气工程及其自动化 ,电气工程,工学
电气工程及其自动化(专项理）,电气工程,工学
电气工程及其自动化(中外合作办学),电气工程,工学
电气工程及其自动化(定向)#B9,电气工程,工学
电气工程及其自动化(新能源国际班),电气工程,工学
电气工程及其自动化(民族班),电气工程,工学
电气工程及其自动化(电子信息工程),电气工程,工学
电气工程及其自动化(电子信息工程)(中外合作办学),电气工程,工学
电气工程及其自动化(电子信息工程)(中外合作办学专业),电气工程,工学
电气工程及其自动化(闽台合作),电气工程,工学
电气工程及其自动化（单列）,电气工程,工学
电气工程及其自动化（国家专项计划）,电气工程,工学
电气工程及其自动化（国家贫困专项）,电气工程,工学
电气工程及其自动化（新能源国际班）,电气工程,工学
电气工程及其自动化（普通类）,电气工程,工学
电气工程及其自动化（汉）,电气工程,工学
电气工程及其自动化（电子信息工程)(中外合作办学）,电气工程,工学
电气工程及其自动化（电子信息工程）（中外合作办学）,电气工程,工学
电气工程及其自动化（电气卓越计划实验班）,电气工程,工学
电气工程及其自动化（闽台合作）,电气工程,工学
电气工程及自动化,电气工程,工学
电气类,电气工程,工学
电气类(中外合作办学),电气工程,工学
电气类(中外合作办学)(电气工程及其自动化),电气工程,工学
电气类(定向),电气工程,工学
电气类(电气与自动化类),电气工程,工学
电气类(茅以升学院),电气工程,工学
电气类（中外合作办学）,电气工程,工学
电气类（代表理学工学类）,电气工程,工学
电气类（国家专项理）,电气工程,工学
电气类（工学Ⅲ）,电气工程,工学
电气类（按电气与自动化类培养）,电气工程,工学
电气类（按电气与自动化类培养）（定向）,电气工程,工学
电气类（按电气与自动化类招生，含自动化、电气工程及其自动化）,电气工程,工学
电气类（理学工学类）,电气工程,工学
电气类（电气工程及其自动化、智能电网信息工程）,电气工程,工学
电波传播与天线,电气工程,工学
电磁场与无线技术,电气工程,工学
眼视光医学,基础医学,医学
眼视光医学(五年),基础医学,医学
眼视光学,基础医学,医学
知识产权,法学,法学
知识产权 ,法学,法学
知识产权（卓越人才实验班）,法学,法学
石油工程,石油与天然气工程,工学
矿业类,矿业工程,工学
矿物加工工程,矿业工程,工学
矿物加工工程 ,矿业工程,工学
矿物加工工程(地矿专业),矿业工程,工学
矿物加工工程(提前批),矿业工程,工学
矿物加工工程??,矿业工程,工学
矿物加工工程（地矿专业）,矿业工程,工学
矿物加工工程（地矿）,矿业工程,工学
矿物加工工程（宝玉石学）,矿业工程,工学
矿物加工工程（提前批）,矿业工程,工学
矿物资源工程,矿业工程,工学
社会学,社会学,法学
社会学 ,社会学,法学
社会学(定向),社会学,法学
社会学类,社会学,法学
社会学类(含社会学、社会工作),社会学,法学
社会学类（中外合作办学）,社会学,法学
社会学类（中外合作办学）社会工作,社会学,法学
社会学类（人文社科类）,社会学,法学
社会学类（代表人文社科类）,社会学,法学
社会学类（含社会学、社会工作、劳动与社会保障）,社会学,法学
社会学（单列类）,社会学,法学
社会学（定向）,社会学,法学
社会学（普通类）,社会学,法学
社会学（社会管理）,社会学,法学
社会工作,社会学,法学
社会工作(专项文）,社会学,法学
社会工作（南疆计划）,社会学,法学
社会工作（蒙授）,社会学,法学
社会科学试验班,社会学,法学
社会科学试验班(信息管理类),社会学,法学
社会科学试验班(精品文科班),社会学,法学
社会科学试验班（管理学科类）,社会学,法学
社会科学试验班（管理类）,社会学,法学
社会科学试验班（精品文科班）,社会学,法学
社会科学试验班（经济类）,社会学,法学
种子科学与工程,材料科学与工程,工学
科学教育,教育学,教育学
科学教育学,教育学,教育学
科学教育（师范类）,教育学,教育学
科学教育（师范）,教育学,教育学
科技与创意设计试验班,设计学,艺术学
秘书学,工商管理,管理学
税收学,工商管理,管理学
空间信息与数字技术,航空宇航科学与技术,工学
空间电子信息类,电子商务,管理学
空间科学与技术,核科学与技术,工学
管理科学,管理科学与工程,管理学
管理科学与 ?工程类,管理科学与工程,管理学
管理科学与工程类,管理科学与工程,管理学
管理科学与工程类  （大数据管理类）,管理科学与工程,管理学
管理科学与工程类(信息管理与信息系统、工业工程、电子商务、物流管,管理科学与工程,管理学
管理科学与工程类(含信息管理与信息系统、工程管理、物流管理专业),管理科学与工程,管理学
管理科学与工程类(文),管理科学与工程,管理学
管理科学与工程类(文史),管理科学与工程,管理学
管理科学与工程类(理),管理科学与工程,管理学
管理科学与工程类(理工),管理科学与工程,管理学
管理科学与工程类（中外合作办学）,管理科学与工程,管理学
管理科学与工程类（中外合作）,管理科学与工程,管理学
管理科学与工程类（信息管理与信息系统、工业工程、电子商务、物流,管理科学与工程,管理学
管理科学与工程类（信息管理与信息系统、工业工程、电子商务、物流管,管理科学与工程,管理学
管理科学与工程类（信息管理与信息系统、工业工程、电子商务）,管理科学与工程,管理学
管理科学与工程类（信息管理与信息系统、工业工程）,管理科学与工程,管理学
管理科学与工程类（信息管理与信息系统）,管理科学与工程,管理学
管理科学与工程类（含信息管理与信息系统、工程管理、物流管理、大数据管理与应用）,管理科学与工程,管理学
管理科学与工程类（含信息管理与信息系统、工程管理、物流管理、大数据管理与应用） 国家专项,管理科学与工程,管理学
管理科学与工程类（含信息管理与信息系统、工程管理、物流管理）,管理科学与工程,管理学
管理科学与工程类（含信息管理与信息系统、工程管理、物流管理） 国家专项,管理科学与工程,管理学
管理科学与工程类（含信息管理与信息系统专业、管理科学专业<金融工程方向>）,管理科学与工程,管理学
管理科学与工程类（含信息管理与信息系统）,管理科学与工程,管理学
管理科学与工程类（文科）,管理科学与工程,管理学
管理科学与工程类（文）,管理科学与工程,管理学
管理科学与工程类（理）,管理科学与工程,管理学
管理科学与工程类（管理科学<金融工程方向>,管理科学与工程,管理学
管理科学与工程类（管理科学专业<金融工程方向>）,管理科学与工程,管理学
粉体材料科学与工程,材料科学与工程,工学
精算学,应用经济学,经济学
精细化工,化学工程与技术,工学
纳米材料与技术,材料科学与工程,工学
纺织工程,纺织科学与工程,工学
纺织工程(中外合作办学),纺织科学与工程,工学
纺织工程（定向）（单列）,纺织科学与工程,工学
纺织工程（普通类）,纺织科学与工程,工学
纺织类,纺织科学与工程,工学
纺织类（国家专项计划）,纺织科学与工程,工学
经济,理论经济学,经济学
经济与贸易类,理论经济学,经济学
经济与贸易类（中外合作办学）,理论经济学,经济学
经济与贸易类（中外合作办学））,理论经济学,经济学
经济与贸易类（含国际经济与贸易）,理论经济学,经济学
经济与贸易类（国际经济与贸易、金融学）,理论经济学,经济学
经济与贸易类（国际经济与贸易）,理论经济学,经济学
经济与贸易类（汉）,理论经济学,经济学
经济与金融,理论经济学,经济学
经济学,理论经济学,经济学
经济学(商学院),理论经济学,经济学
经济学(基地班),理论经济学,经济学
经济学(实验班),理论经济学,经济学
经济学(实验班）,理论经济学,经济学
经济学(数理经济实验班),理论经济学,经济学
经济学(经济学院),理论经济学,经济学
经济学基地班,理论经济学,经济学
经济学类,理论经济学,经济学
经济学类 ,理论经济学,经济学
经济学类  (  经贸类  ),理论经济学,经济学
经济学类  (  财经类）,理论经济学,经济学
经济学类  （经贸类）,理论经济学,经济学
经济学类(中美121双学位班，全英文科教学),理论经济学,经济学
"经济学类(中美联合培养121国际班,全英文科教学)",理论经济学,经济学
经济学类(全英文科教学，中美121双学位班),理论经济学,经济学
经济学类(含经济学、金融学专业),理论经济学,经济学
经济学类(国际经济与贸易、财政学、税收学),理论经济学,经济学
"经济学类(国际经济与贸易全英文科教学,中美联合培养121国际班)",理论经济学,经济学
经济学类(按经济类培养),理论经济学,经济学
经济学类(按经济类培养)(金融学、国际经济与,理论经济学,经济学
经济学类(按经济类培养)(金融学、国际经济与贸易、经济学、统计学),理论经济学,经济学
经济学类(经济学),理论经济学,经济学
经济学类(经济学、经济统计学、国民经济管理),理论经济学,经济学
"经济学类(金融学全英文科教学,中美联合培养121国际班)",理论经济学,经济学
经济学类理类）,理论经济学,经济学
经济学类（代表经济管理类）,理论经济学,经济学
经济学类（含经济学、财政学、国际经济与贸易、金融学）,理论经济学,经济学
经济学类（含经济学、财政学、金融学、国际经济与贸易）,理论经济学,经济学
经济学类（国家专项理）,理论经济学,经济学
经济学类（国家专项计划）,理论经济学,经济学
经济学类（国际经济与贸易、经济学）,理论经济学,经济学
经济学类（国际经济与贸易、金融学）,理论经济学,经济学
经济学类（按经济类培养;金融学、国际经济与贸易、经济学、统计学）,理论经济学,经济学
经济学类（按经济类培养）,理论经济学,经济学
经济学类（按经济类培养，金融学、国际经济与贸易、经济学、统计学）,理论经济学,经济学
经济学类（按经济类招生，含金融学、国际经济与贸易、经济学、统计学,理论经济学,经济学
经济学类（民考汉）,理论经济学,经济学
经济学类（经济学、国际经济与贸易）,理论经济学,经济学
经济学类（经济学、经济统计学、国民经济管理）,理论经济学,经济学
经济学类（经济管理类）,理论经济学,经济学
经济学类（经贸类）,理论经济学,经济学
经济学类（财经类）,理论经济学,经济学
经济学类（金融学、国际经济与贸易、经济学、统计学）（按经济类培养,理论经济学,经济学
经济学类（高校专项理）,理论经济学,经济学
经济学（中外合作办学）,理论经济学,经济学
经济学（创新实验班）,理论经济学,经济学
经济学（单列类）,理论经济学,经济学
经济学（单列）,理论经济学,经济学
经济学（双语类）,理论经济学,经济学
经济学（国家经济学基础人才培养基地班）,理论经济学,经济学
经济学（实验班）,理论经济学,经济学
经济学（普通类）,理论经济学,经济学
经济学（深圳市就读）,理论经济学,经济学
经济管理类,理论经济学,经济学
经济管理试验班,理论经济学,经济学
经济管理试验班(民族班),理论经济学,经济学
经济管理试验班（医药方向）,理论经济学,经济学
经济管理试验班（国家专项计划）,理论经济学,经济学
经济类,理论经济学,经济学
经济统计学,理论经济学,经济学
经管实验班,理论经济学,经济学
经管类实验班,理论经济学,经济学
绘画(加权成绩),美术学,艺术学
绘画（加权成绩）,美术学,艺术学
给排水科学与工程,土木工程,工学
给排水科学与工程（单列）,土木工程,工学
给排水科学与工程（普通类）,土木工程,工学
给排水科学与工程（给排水卓越计划实验班）,土木工程,工学
统计学,统计学,理学
统计学类,统计学,理学
统计学类  (  中外合作办学  )  （风险和精算）,统计学,理学
统计学类  (  中外合作办学  )(  风险和精算  ),统计学,理学
统计学类（理学）,统计学,理学
统计学（单列）,统计学,理学
统计学（国家专项计划）,统计学,理学
统计学（普通类）,统计学,理学
编辑出版学,新闻传播学,文学
编辑出版学 ,新闻传播学,文学
编辑出版学（网络编辑方向）,新闻传播学,文学
编辑出版学（蒙授）,新闻传播学,文学
网络与信息安全类,网络空间安全,工学
网络与新媒体,网络空间安全,工学
网络与新媒体(媒体创意方向),网络空间安全,工学
网络与新媒体(智能融媒体运营方向),网络空间安全,工学
网络与新媒体（媒体创意方向）,网络空间安全,工学
网络与新媒体（新媒体网络经营方向）,网络空间安全,工学
网络工程,机械工程,工学
网络工程(网络空间安全类),网络空间安全,工学
网络工程(铁道信号方向),机械工程,工学
网络工程（按网络空间安全类招生）,网络空间安全,工学
网络空间安全,网络空间安全,工学
网络空间安全(按网络空间安全类培养),网络空间安全,工学
网络空间安全类,网络空间安全,工学
网络空间安全（按网络空间安全类培养）,网络空间安全,工学
网络空间安全（普通类）,网络空间安全,工学
美术学,美术学,艺术学
美术学(加权成绩),美术学,艺术学
美术学（艺术管理与策划方向，加权成绩）,美术学,艺术学
翻译,外国语言文学,文学
翻译(双外语),外国语言文学,文学
翻译（涉外法商）,外国语言文学,文学
考古学,考古学,历史学
考古学（含考古学、文物与博物馆学专业）,考古学,历史学
考古学（含考古学、文物与博物馆学）,考古学,历史学
能源与动力工程,动力工程及工程热物理,工学
能源与动力工程（单列）,动力工程及工程热物理,工学
能源与动力工程（普通类）,动力工程及工程热物理,工学
能源与动力工程（能源卓越计划实验班）,动力工程及工程热物理,工学
能源与环境系统工程,动力工程及工程热物理,工学
能源动力与工程,动力工程及工程热物理,工学
能源动力类,动力工程及工程热物理,工学
能源动力类 ?（新能源）,动力工程及工程热物理,工学
能源动力类 ?（能动）,动力工程及工程热物理,工学
能源动力类(含能源与动力工程、能源与环境系统工程),动力工程及工程热物理,工学
能源动力类(能源与动力工程、能源与环境系统工程),动力工程及工程热物理,工学
能源动力类（国家专项计划）,动力工程及工程热物理,工学
能源动力类（工学Ⅱ）,动力工程及工程热物理,工学
能源动力类（建筑环境与能源应用工程、能源与动力工程、新能源科学与工程）,动力工程及工程热物理,工学
能源动力类（新能源科学与工程、能源与动力工程、核工程与核技术）,动力工程及工程热物理,工学
能源动力类（新能源）,动力工程及工程热物理,工学
能源动力类（能动）,动力工程及工程热物理,工学
能源化学工程,动力工程及工程热物理,工学
能源经济,动力工程及工程热物理,工学
自动化,机械工程,工学
自动化 ,机械工程,工学
自动化(中外合作办学),机械工程,工学
自动化(中外合作办学)（与俄罗斯圣光机大学合作办学，中英文授课，,机械工程,工学
自动化(中外合作办学)（与俄罗斯圣光机大学合作办学，中英文授课，学,机械工程,工学
自动化(定向),机械工程,工学
自动化(定向)#B9,机械工程,工学
自动化(汉),机械工程,工学
自动化(演艺工程与智能技术方向),机械工程,工学
自动化类,机械工程,工学
自动化类(机器人与人工智能),机械工程,工学
自动化类(自动化),机械工程,工学
自动化类（国家专项理）,机械工程,工学
自动化类（轨道交通信号与控制、自动化）,机械工程,工学
自动化类（高校专项理）,机械工程,工学
自动化（中外合作办学 中爱）,机械工程,工学
自动化（中外合作办学）,机械工程,工学
自动化（交叉创新实验班）,机械工程,工学
自动化（卓越计划实验班）,机械工程,工学
自动化（卓越计划）,机械工程,工学
自动化（单列）,机械工程,工学
自动化（含卓越工程师）,机械工程,工学
自动化（定向）,机械工程,工学
自动化（普通类）,机械工程,工学
自动化（汉）,机械工程,工学
自动化（深圳市就读）,机械工程,工学
自动化（演艺工程与舞台技术方向）,机械工程,工学
自动化（理科交叉创新实验班）,机械工程,工学
自然保护与环境生态类,生态学,理学
自然保护与环境生态类（农学）,生态学,理学
自然保护与环境生态类（国家专项计划）,生态学,理学
自然地理与资源环境,地理学,理学
自然地理与资源环境（普通类）,地理学,理学
航空航天与武器类,航空宇航科学与技术,工学
航空航天工程,航空宇航科学与技术,工学
航空航天类,航空宇航科学与技术,工学
航空航天类（航空航天工程、工程力学）,航空宇航科学与技术,工学
船舶与海洋工程,船舶与海洋工程,工学
船舶与海洋工程（船舶与海洋卓越计划实验班）,船舶与海洋工程,工学
英语,外国语言文学,文学
英语 ,外国语言文学,文学
英语(专项文）,外国语言文学,文学
英语(专项理）,外国语言文学,文学
英语(中加),外国语言文学,文学
英语(中美合作1+2+1),外国语言文学,文学
英语(南单文）,外国语言文学,文学
英语(南单理）,外国语言文学,文学
英语(双外语),外国语言文学,文学
英语(商务),外国语言文学,文学
英语(商务英语),外国语言文学,文学
英语(师范),外国语言文学,文学
英语(按外国语言文学类培养),外国语言文学,文学
英语(民),外国语言文学,文学
英语(汉),外国语言文学,文学
英语(英日),外国语言文学,文学
英语(英语类),外国语言文学,文学
英语(零起点),外国语言文学,文学
英语【英语、翻译】,外国语言文学,文学
英语类,外国语言文学,文学
英语（121项目）,外国语言文学,文学
英语（免费师范）,外国语言文学,文学
英语（公费师范）,外国语言文学,文学
英语（医药方向）,外国语言文学,文学
英语（单列类）,外国语言文学,文学
英语（单列）,外国语言文学,文学
英语（含翻译专业）,外国语言文学,文学
英语（商务英语),外国语言文学,文学
英语（商务英语）,外国语言文学,文学
英语（商务）,外国语言文学,文学
英语（国家专项计划）,外国语言文学,文学
英语（国家贫困专项）,外国语言文学,文学
英语（国际贸易）,外国语言文学,文学
英语（外语要求不低于115分）,外国语言文学,文学
英语（宝山校区）,外国语言文学,文学
英语（师范类）,外国语言文学,文学
英语（师范）,外国语言文学,文学
英语（招英语考生）（按外国语言文学类培养）,外国语言文学,文学
英语（按外国语言文学类培养）,外国语言文学,文学
英语（教育）,外国语言文学,文学
英语（文史）,外国语言文学,文学
英语（文科）,外国语言文学,文学
英语（普通类）,外国语言文学,文学
英语（民航业务、国际贸易）,外国语言文学,文学
英语（民）,外国语言文学,文学
英语（汉）,外国语言文学,文学
英语（涉外法商）,外国语言文学,文学
英语（理工）,外国语言文学,文学
英语（翻译方向）,外国语言文学,文学
英语（英日）,外国语言文学,文学
英语（零起点）,外国语言文学,文学
英语（非公费师范）,外国语言文学,文学
茶学,草学,农学
茶学（茶学院）,草学,农学
草业科学,草学,农学
草业科学 ,草学,农学
草业科学(基地班),草学,农学
草业科学基地班,草学,农学
草业科学（草坪科学与管理方向）,草学,农学
药学,药学,医学
药学 ,药学,医学
药学(专项理）,药学,医学
药学(全英文创新实验班),药学,医学
药学(全英文科教学),药学,医学
药学(南单理）,药学,医学
药学类,药学,医学
药学类(含药学、药物制剂专业),药学,医学
药学类（医学）,药学,医学
药学类（国家专项理）,药学,医学
药学类（生物技术与海洋药学方向）,药学,医学
药学类（药学、药物制剂）,药学,医学
药学类（高校专项理）,药学,医学
药学（专科）,药学,医学
药学（创新实验班）,药学,医学
药学（国家生命科学与技术人才培养基地）,药学,医学
药学（国家贫困专项）,药学,医学
药学（基础药学理科基地）,药学,医学
药学（生物药学基地班）,药学,医学
药物制剂,药学,医学
荷兰语,外国语言文学,文学
葡萄牙语,外国语言文学,文学
蒙古语言文学（基地）,外国语言文学,文学
蒙古语言文学（基里尔蒙古文）,外国语言文学,文学
蒙古语言文学（文理综合班）,外国语言文学,文学
蚕学,生物医学工程,工学
蜂学,生物医学工程,工学
行政管理,工商管理,管理学
行政管理 ,工商管理,管理学
行政管理(中美合作1+2+1),工商管理,管理学
行政管理(智慧城市治理方向),工商管理,管理学
行政管理科,工商管理,管理学
行政管理（单列类）,工商管理,管理学
行政管理（单列）,工商管理,管理学
行政管理（双语类）,工商管理,管理学
行政管理（普通类）,工商管理,管理学
行政管理（智慧城市治理方向）,工商管理,管理学
西班牙语,外国语言文学,文学
西班牙语（企业管理）,外国语言文学,文学
西班牙语（商务）,外国语言文学,文学
计算机,计算机科学与技术,工学
计算机科学与技术,计算机科学与技术,工学
计算机科学与技术 (中外合作办学),计算机科学与技术,工学
计算机科学与技术 (南单理）,计算机科学与技术,工学
计算机科学与技术 国家专项,计算机科学与技术,工学
计算机科学与技术(中外合作办学),计算机科学与技术,工学
计算机科学与技术(中外合作办学)（与俄罗斯圣光机大学合作办学，中,计算机科学与技术,工学
计算机科学与技术(中外合作办学)（与俄罗斯圣光机大学合作办学，中英,计算机科学与技术,工学
计算机科学与技术(中法校际交流),计算机科学与技术,工学
计算机科学与技术(人工智能),计算机科学与技术,工学
计算机科学与技术(定向),计算机科学与技术,工学
计算机科学与技术(师范),计算机科学与技术,工学
计算机科学与技术(网络空间安全),计算机科学与技术,工学
计算机科学与技术类,计算机科学与技术,工学
计算机科学与技术（与会计学复合）,计算机科学与技术,工学
计算机科学与技术（人工智能）,计算机科学与技术,工学
计算机科学与技术（免费师范）,计算机科学与技术,工学
计算机科学与技术（单列）,计算机科学与技术,工学
计算机科学与技术（厦门大学马来西亚分校）,计算机科学与技术,工学
计算机科学与技术（国家专项计划）,计算机科学与技术,工学
计算机科学与技术（大数据技术与应用方向）,计算机科学与技术,工学
计算机科学与技术（定向）,计算机科学与技术,工学
计算机科学与技术（教育部卓越工程师班）,计算机科学与技术,工学
计算机科学与技术（日语强化）,计算机科学与技术,工学
计算机科学与技术（普通类）,计算机科学与技术,工学
计算机科学与技术（网信安全）,计算机科学与技术,工学
计算机科学与技术（网络与信息安全方向）,计算机科学与技术,工学
计算机科学与技术（网络安全）,计算机科学与技术,工学
计算机科学与技术（计算机卓越计划实验班）,计算机科学与技术,工学
计算机科学与技术（金融信息化方向）,计算机科学与技术,工学
计算机类,计算机科学与技术,工学
计算机类 ,计算机科学与技术,工学
计算机类  (  经济信息管理类  ),计算机科学与技术,工学
计算机类  (  经济信息管理类）,计算机科学与技术,工学
计算机类  （经济信息管理类）,计算机科学与技术,工学
计算机类(中外合作办学),计算机科学与技术,工学
"计算机类(中美联合培养121国际班,全英文科教学)",计算机科学与技术,工学
计算机类(信息网络安全),计算机科学与技术,工学
计算机类(含计算机科学与技术、软件工程专业),计算机科学与技术,工学
计算机类(国家网络安全学院),计算机科学与技术,工学
计算机类(定向),计算机科学与技术,工学
计算机类(民),计算机科学与技术,工学
计算机类(汉),计算机科学与技术,工学
计算机类(藏),计算机科学与技术,工学
计算机类(计算机学院),计算机科学与技术,工学
计算机类(计算机科学与技术),计算机科学与技术,工学
计算机类(计算机科学与技术、网络工程、数据科学与大数据技术),计算机科学与技术,工学
计算机类(计算机科学与技术、软件工程),计算机科学与技术,工学
计算机类(计算机科学与技术、软件工程) ,计算机科学与技术,工学
计算机类(软件工程),计算机科学与技术,工学
计算机类（信息网络安全）,计算机科学与技术,工学
计算机类（单列四年）,计算机科学与技术,工学
计算机类（单列类）,计算机科学与技术,工学
计算机类（含计算机科学与技术、物联网工程、网络空间安全）,计算机科学与技术,工学
计算机类（含计算机科学与技术、物联网工程、网络空间安全） 国家专项,计算机科学与技术,工学
计算机类（含计算机科学与技术、物联网工程）,计算机科学与技术,工学
计算机类（含计算机科学与技术、物联网工程） 国家专项,计算机科学与技术,工学
计算机类（含计算机科学与技术、网络工程专业）,计算机科学与技术,工学
计算机类（国家专项理）,计算机科学与技术,工学
计算机类（国家专项计划）,计算机科学与技术,工学
计算机类（定向）,计算机科学与技术,工学
计算机类（汉）,计算机科学与技术,工学
计算机类（深圳市就读）,计算机科学与技术,工学
计算机类（经济信息管理类）,计算机科学与技术,工学
计算机类（网安学院）,计算机科学与技术,工学
计算机类（网安）,计算机科学与技术,工学
计算机类（计算机学院）,计算机科学与技术,工学
计算机类（计算机科学与技术(与会计学复合)、计算机科学与技术、软件,计算机科学与技术,工学
计算机类（计算机科学与技术、数据科学与大数据技术）,计算机科学与技术,工学
计算机类（计算机科学与技术、网络工程、数据科学与大数据技术）,计算机科学与技术,工学
计算机类（计算机科学与技术、网络工程）,计算机科学与技术,工学
计算机类（计算机科学与技术、软件工程、数据科学与大数据技术）,计算机科学与技术,工学
计算机类（计算机科学与技术、软件工程、网络工程、智能科学与技术）,计算机科学与技术,工学
计算机类（计算机科学与技术、软件工程）,计算机科学与技术,工学
计算机类（计算机）,计算机科学与技术,工学
计算机类（高校专项理）,计算机科学与技术,工学
计算机网络技术,计算机科学与技术,工学
设施农业科学与工程,材料科学与工程,工学
设计学类,设计学,艺术学
设计学类(加权成绩),设计学,艺术学
设计学类(工业设计),设计学,艺术学
设计学类（产品设计、数字媒体艺术）（美术类统考成绩）,设计学,艺术学
设计学类（加权成绩）,设计学,艺术学
设计学类（工业设计）,设计学,艺术学
语言学,中国语言文学,文学
财务管理,工商管理,管理学
财务管理科,管理科学与工程,管理学
财务管理（双语实验班）,工商管理,管理学
财政学,工商管理,管理学
财政学类,工商管理,管理学
财政学（单列类）,工商管理,管理学
财政学（民）,工商管理,管理学
贸易经济,理论经济学,经济学
资产评估,理论经济学,经济学
资源勘查工程,地质资源与地质工程,工学
资源勘查工程 国家专项,地质资源与地质工程,工学
资源勘查工程(含基地班),地质资源与地质工程,工学
资源勘查工程(地矿专业),地质资源与地质工程,工学
资源勘查工程(基地班),地质资源与地质工程,工学
资源勘查工程(定向),地质资源与地质工程,工学
资源勘查工程(提前批),地质资源与地质工程,工学
资源勘查工程（单列）,地质资源与地质工程,工学
资源勘查工程（固体矿产）,地质资源与地质工程,工学
资源勘查工程（地矿专业）,地质资源与地质工程,工学
资源勘查工程（地矿）,地质资源与地质工程,工学
资源勘查工程（提前批）,地质资源与地质工程,工学
资源勘查工程（新能源地质与工程）,地质资源与地质工程,工学
资源勘查工程（普通类）,地质资源与地质工程,工学
资源勘查工程（能源）,地质资源与地质工程,工学
资源循环科学与工程,环境科学与工程,工学
资源环境科学（本研一体培养班）,环境科学与工程,工学
越南语,外国语言文学,文学
车辆工程,机械工程,工学
车辆工程 ,机械工程,工学
车辆工程(民),机械工程,工学
车辆工程(汉),机械工程,工学
车辆工程(汽车),机械工程,工学
车辆工程（卓越计划）,机械工程,工学
车辆工程（定向）,机械工程,工学
车辆工程（民）,机械工程,工学
车辆工程（英语强化）,机械工程,工学
车辆类,机械工程,工学
轨道交通信号与控制,交通运输工程,工学
轮机工程,机械工程,工学
轮机工程（陆上专业）,机械工程,工学
软件工程,软件工程,工学
软件工程(定向),软件工程,工学
软件工程(嵌入式培养),软件工程,工学
软件工程(第三、四学年学费16000元/年),软件工程,工学
软件工程(软件工程类),软件工程,工学
软件工程【软件工程、网络工程】,软件工程,工学
软件工程（中外合作办学 中爱）,软件工程,工学
软件工程（中外合作办学）,软件工程,工学
软件工程（单列）,软件工程,工学
软件工程（厦门大学马来西亚分校）,软件工程,工学
软件工程（含网络工程专业）,软件工程,工学
软件工程（含软件工程、数字媒体技术）,软件工程,工学
软件工程（嵌入式培养）,软件工程,工学
软件工程（普通类）,软件工程,工学
软件工程（移动互联网方向）,软件工程,工学
软件技术,软件工程,工学
轻化工程,化学工程与技术,工学
轻化工程(中外合作办学),化学工程与技术,工学
轻工类,轻工技术与工程,工学
轻工类(中外合作办学)(轻化工程),轻工技术与工程,工学
轻工类(含印刷工程、包装工程),轻工技术与工程,工学
辐射防护与核安全,网络空间安全,工学
过程装备与控制工程,控制科学与工程,工学
过程装备与控制工程(面向泉州),控制科学与工程,工学
过程装备与控制工程【过程装备与控制工程、安全工程】,控制科学与工程,工学
过程装备与控制工程（单列）,控制科学与工程,工学
过程装备与控制工程（含安全工程专业）,控制科学与工程,工学
过程装备与控制工程（普通类）,控制科学与工程,工学
过程装备与控制工程（面向泉州）,控制科学与工程,工学
运动人体科学,体育学,教育学
运动康复,交通运输工程,工学
通信与信息工程类,信息与通信工程,工学
通信工程,信息与通信工程,工学
通信工程 国家专项,信息与通信工程,工学
通信工程(+人工智能，大类招生),信息与通信工程,工学
通信工程(信息与通信工程类),信息与通信工程,工学
通信工程(双一流实验班，大类招生),信息与通信工程,工学
通信工程(含通信工程、信息对抗技术),信息与通信工程,工学
通信工程(国防生),信息与通信工程,工学
通信工程(按信息与通信工程类培养),信息与通信工程,工学
通信工程(按信息与通信工程类培养)(含通信工程、信息对抗技术),信息与通信工程,工学
通信工程(教改班),信息与通信工程,工学
通信工程(无线多媒体广播技术方向),信息与通信工程,工学
通信工程类,信息与通信工程,工学
通信工程（中外合作办学）,信息与通信工程,工学
通信工程（卓越工程师班）,信息与通信工程,工学
通信工程（单列）,信息与通信工程,工学
通信工程（含通信工程、信息对抗技术）（按信息与通信工程类培养）,信息与通信工程,工学
通信工程（含通信工程、信息工程、测控技术与仪器专业）,信息与通信工程,工学
通信工程（含通信工程、信息工程、测控技术与仪器专业） 国家专项,信息与通信工程,工学
通信工程（含通信工程、信息工程、空间信息与数字技术）,信息与通信工程,工学
通信工程（含通信工程、信息工程、空间信息与数字技术） 国家专项,信息与通信工程,工学
通信工程（按信息与通信工程类培养）,信息与通信工程,工学
通信工程（按信息与通信工程类培养，含通信工程、信息对抗技术）,信息与通信工程,工学
通信工程（按信息与通信工程类招生，含通信工程、信息对抗技术）,信息与通信工程,工学
通信工程（教育部卓越工程师班）,信息与通信工程,工学
通信工程（无线多媒体广播技术方向）,信息与通信工程,工学
通信工程（普通类）,信息与通信工程,工学
道路桥梁与渡河工程,材料科学与工程,工学
道路桥梁与渡河工程（中外合作办学）,材料科学与工程,工学
道路桥梁与渡河工程（国际工程班）,动力工程及工程热物理,工学
遥感科学与技术,核科学与技术,工学
遥感科学与技术(遥感科学与技术类),核科学与技术,工学
邮政工程,机械工程,工学
邮政工程(互联网与智慧物流),化学工程与技术,工学
邮政管理,工商管理,管理学
邮政管理(互联网与智慧物流),管理科学与工程,管理学
酒店管理,工商管理,管理学
酒店管理科,管理科学与工程,管理学
酒店管理（单列类）,工商管理,管理学
酒店管理（单列）,工商管理,管理学
酒店管理（双语类）,工商管理,管理学
酒店管理（普通类）,工商管理,管理学
酿酒工程,机械工程,工学
采矿工程,矿业工程,工学
采矿工程(地矿专业),矿业工程,工学
采矿工程(提前批),矿业工程,工学
采矿工程（单列）,矿业工程,工学
采矿工程（地矿专业）,矿业工程,工学
采矿工程（地矿）,矿业工程,工学
采矿工程（提前批）,矿业工程,工学
采矿工程（普通类）,矿业工程,工学
野生动物与自然保护区管理,植物保护,农学
野生动物与自然保护区管理（森林康养方向）,植物保护,农学
金属材料工程,材料科学与工程,工学
金属材料工程（日语强化）,材料科学与工程,工学
金融学,理论经济学,经济学
金融学  (  国际金融  ),理论经济学,经济学
金融学  (  金融科技  ),理论经济学,经济学
金融学  (  金融经济  ),理论经济学,经济学
金融学(专项理）,理论经济学,经济学
金融学(中俄合作办学),理论经济学,经济学
金融学(中外合作办学),理论经济学,经济学
金融学(中美校际交流),理论经济学,经济学
金融学(含国际化班),理论经济学,经济学
金融学(国际金融与场),理论经济学,经济学
金融学(国际金融与市场),理论经济学,经济学
金融学(定向),理论经济学,经济学
金融学类,理论经济学,经济学
金融学类(弘毅学堂数理经济与数理金融试验班),理论经济学,经济学
金融学类(数理经济与数理金融试验班),理论经济学,经济学
金融学类(金融学(国际金融与市场)、经济与金融),理论经济学,经济学
金融学类(金融学、保险学),理论经济学,经济学
金融学类(金融学、保险学) ,理论经济学,经济学
金融学类(金融学、金融工程、投资学),理论经济学,经济学
金融学类（中外合作办学,理论经济学,经济学
金融学类（中外合作办学）,理论经济学,经济学
金融学类（中外合作办学））,理论经济学,经济学
金融学类（厦门大学与爱尔兰都柏林商学院合作举办）,理论经济学,经济学
金融学类（含:金融学）,理论经济学,经济学
金融学类（经济学）,理论经济学,经济学
金融学类（金融学、保险学）,理论经济学,经济学
金融学类（金融学）,理论经济学,经济学
金融学（121项目）,理论经济学,经济学
金融学（中外合作办学类）,理论经济学,经济学
金融学（中外合作办学）,理论经济学,经济学
金融学（五年）,理论经济学,经济学
金融学（俄语与俄语国家研究）,理论经济学,经济学
金融学（单列类）,理论经济学,经济学
金融学（单列）,理论经济学,经济学
金融学（厦门大学与爱尔兰都柏林商学院合作举办）,理论经济学,经济学
金融学（厦门大学马来西亚分校）,理论经济学,经济学
金融学（双培计划）,理论经济学,经济学
金融学（双语实验班）,理论经济学,经济学
金融学（双语类）,理论经济学,经济学
金融学（国家贫困专项）,理论经济学,经济学
金融学（国际组织与全球治理）,理论经济学,经济学
金融学（国际金融与市场）,理论经济学,经济学
金融学（数量金融）,理论经济学,经济学
金融学（普通类）,理论经济学,经济学
金融学（证券与期货方向）,理论经济学,经济学
金融学（金融工程）,理论经济学,经济学
金融学（金融科技）,理论经济学,经济学
金融工程,理论经济学,经济学
金融工程(量化金融实验班),理论经济学,经济学
金融数学,理论经济学,经济学
金融数学(中美校际交流),理论经济学,经济学
金融类,理论经济学,经济学
钻探技术,机械工程,工学
铁道工程,机械工程,工学
铁道工程（汉）,机械工程,工学
阿拉伯语,外国语言文学,文学
阿拉伯语（文史）,外国语言文学,文学
阿拉伯语（理工）,外国语言文学,文学
集成电路设计,电子科学与技术,工学
集成电路设计与集成系统,电子科学与技术,工学
集成电路设计与集成系统（集成电路卓越计划实验班）,电子科学与技术,工学
非织造材料与工程,材料科学与工程,工学
预防医学,公共卫生与预防医学,医学
预防医学 ,公共卫生与预防医学,医学
预防医学 国家专项,公共卫生与预防医学,医学
预防医学(五年),公共卫生与预防医学,医学
预防医学(南单理）,公共卫生与预防医学,医学
预防医学（五年制）,公共卫生与预防医学,医学
预防医学（五年）,公共卫生与预防医学,医学
预防医学（分院）,公共卫生与预防医学,医学
预防医学（学制五年）,公共卫生与预防医学,医学
风景园林,风景园林学,工学
风景园林（中加合作班）,风景园林学,工学
风景园林（国家专项计划）,风景园林学,工学
风景园林（学制5年）,风景园林学,工学
飞行器制造工程,控制科学与工程,工学
飞行器制造工程（航空维修工程与技术）,化学工程与技术,工学
飞行器动力工程,动力工程及工程热物理,工学
飞行器控制与信息工程,控制科学与工程,工学
飞行器环境与生命保障工程,环境科学与工程,工学
飞行器设计与工程,材料科学与工程,工学
飞行器设计与工程（航天）,材料科学与工程,工学
飞行器适航技术,仪器科学与技术,工学
飞行技术,仪器科学与技术,工学
食品卫生与营养学,食品科学与工程,工学
食品安全与检测,食品科学与工程,工学
食品科学与工程,食品科学与工程,工学
食品科学与工程 ,食品科学与工程,工学
食品科学与工程  (  食品加工工艺  ),食品科学与工程,工学
食品科学与工程  (  高精尖项目  ),食品科学与工程,工学
食品科学与工程  （中外合作办学）,食品科学与工程,工学
食品科学与工程 国家专项,食品科学与工程,工学
食品科学与工程(汉),食品科学与工程,工学
食品科学与工程类,食品科学与工程,工学
食品科学与工程类  (  中外合作办学  ),食品科学与工程,工学
食品科学与工程类(中外合作办学),食品科学与工程,工学
食品科学与工程类(含食品科学与工程、食品质量与安全专业),食品科学与工程,工学
食品科学与工程类(民族班),食品科学与工程,工学
食品科学与工程类(食品科学与工程、食品质量与安全),食品科学与工程,工学
食品科学与工程类(食品质量与安全),食品科学与工程,工学
食品科学与工程类（含食品科学与工程、食品质量与安全）,食品科学与工程,工学
食品科学与工程类（含食品科学与工程、食品质量与安全） 国家专项,食品科学与工程,工学
食品科学与工程类（食品科学与工程、食品质量与安全）,食品科学与工程,工学
食品科学与工程（中外合作办学）,食品科学与工程,工学
食品科学与工程（单列）,食品科学与工程,工学
食品科学与工程（国家专项计划）,食品科学与工程,工学
食品科学与工程（外培计划）,食品科学与工程,工学
食品科学与工程（定向）（单列）,食品科学与工程,工学
食品科学与工程（普通类）,食品科学与工程,工学
食品科学与工程（本硕博班）,食品科学与工程,工学
食品科学与工程（汉）,食品科学与工程,工学
食品质量与安全,食品科学与工程,工学
食品质量与安全 国家专项,食品科学与工程,工学
食品质量与安全（国家专项计划）,食品科学与工程,工学
马克思主义理论,马克思主义理论,法学
马克思主义理论 ,马克思主义理论,法学
高分子材料与工程,材料科学与工程,工学
高分子材料与工程  (  高精尖项目  ),材料科学与工程,工学
高分子材料与工程(中外合作办学),材料科学与工程,工学
高分子材料与工程(中外合作办学专业),材料科学与工程,工学
高分子材料与工程(定向),材料科学与工程,工学
高分子材料与工程(拔尖人才试点班),材料科学与工程,工学
高分子材料与工程（中外合作办学）,材料科学与工程,工学
高分子材料与工程（先进材料）,材料科学与工程,工学
高分子材料与工程（单列）,材料科学与工程,工学
高分子材料与工程（定向）,材料科学与工程,工学
高分子材料与工程（拔尖人才试点班),材料科学与工程,工学
高分子材料与工程（拔尖人才试点班）,材料科学与工程,工学
高分子材料与工程（普通类）,材料科学与工程,工学
麻醉学,临床医学,医学
麻醉学(五年),临床医学,医学
